"","COP","CVX","XOM","XLE","SPY"
"1999-12-31",7.72854375839233,16.1376781463623,17.5148773193359,6.74042701721191,92.0334854125977
"2000-01-03",7.45105743408203,15.5787982940674,17.0257053375244,6.6082615852356,91.1327743530273
"2000-01-04",7.30717277526855,15.5787982940674,16.6995983123779,6.4838695526123,87.5689392089844
"2000-01-05",7.17356967926025,15.8582496643066,17.6099891662598,6.65490531921387,87.7255172729492
"2000-01-06",7.42022657394409,16.5335578918457,18.5203838348389,6.91146183013916,86.3156585693359
"2000-01-07",7.42022657394409,16.8246383666992,18.466028213501,6.98531818389893,91.3285522460938
"2000-01-10",7.39967346191406,16.3705520629883,18.2078609466553,6.92701244354248,91.6418762207031
"2000-01-11",7.38939094543457,16.2191867828369,18.2622146606445,6.93478679656982,90.5452728271484
"2000-01-12",7.24551248550415,16.1609687805176,18.1535034179688,6.90368843078613,89.6445388793945
"2000-01-13",7.25578594207764,16.3123226165771,18.5747337341309,7.02419137954712,90.8586502075195
"2000-01-14",7.19412755966187,16.207540512085,18.2078609466553,6.9814281463623,92.0922775268555
"2000-01-18",7.30717277526855,16.6383419036865,18.4252700805664,7.06694841384888,91.3677291870117
"2000-01-19",7.24551248550415,16.3821849822998,18.6019115447998,7.04362964630127,92.1118545532227
"2000-01-20",7.03996562957764,16.3006896972656,18.194278717041,7.04362964630127,90.7019500732422
"2000-01-21",7.01941251754761,16.4986133575439,18.4796199798584,7.23798894882202,90.5061340332031
"2000-01-24",6.86525106430054,16.5451908111572,18.3165626525879,6.9814281463623,87.9409255981445
"2000-01-25",6.94746685028076,16.4986133575439,18.2758045196533,6.96588706970215,88.939582824707
"2000-01-26",6.77275609970093,16.3472595214844,18.1535034179688,6.85704278945923,88.2347030639648
"2000-01-27",6.65970468521118,15.7068729400635,17.6099891662598,6.71710205078125,87.882209777832
"2000-01-28",6.55693244934082,15.3808650970459,17.1480045318604,6.6393609046936,85.1407928466797
"2000-01-31",6.72136735916138,15.5787982940674,18.0176219940186,6.79484891891479,87.451416015625
"2000-02-01",6.69053363800049,15.4973011016846,18.0855751037598,6.77929496765137,88.3129959106445
"2000-02-02",6.59803771972656,15.3925094604492,18.2214527130127,6.82205724716187,88.3913192749023
"2000-02-03",6.47471332550049,15.1712818145752,17.9089336395264,6.74042701721191,89.7228851318359
"2000-02-04",6.41304922103882,14.6356897354126,17.5828170776367,6.54606199264526,89.3508682250977
"2000-02-07",6.57748365402222,14.7288312911987,17.5556373596191,6.61992025375366,89.2137756347656
"2000-02-08",6.41304922103882,14.5891103744507,17.1615810394287,6.56160974502563,90.4278259277344
"2000-02-09",6.26916742324829,13.972017288208,16.6702213287354,6.34392929077148,88.5283966064453
"2000-02-10",6.24861335754395,14.3096675872803,16.5882434844971,6.47609710693359,88.7046508789062
"2000-02-11",6.15611553192139,13.7857236862183,16.1509971618652,6.39834880828857,86.9031448364258
"2000-02-14",6.18694734573364,13.7507925033569,16.711217880249,6.49942064285278,87.4122467041016
"2000-02-15",6.28971910476685,14.4377527236938,17.3397636413574,6.7715220451355,88.401123046875
"2000-02-16",6.55352020263672,14.6185741424561,17.4900856018066,6.80262041091919,87.0989303588867
"2000-02-17",6.55352020263672,14.6068344116211,17.0254955291748,6.79484891891479,86.648551940918
"2000-02-18",6.42908620834351,14.313286781311,16.3969440460205,6.59660005569458,84.7883224487305
"2000-02-22",6.48093271255493,14.219352722168,16.4925956726074,6.53828907012939,84.5729293823242
"2000-02-23",6.23206329345703,13.7614259719849,16.3149642944336,6.36725282669067,85.5715637207031
"2000-02-24",6.0143027305603,13.4209108352661,15.9186964035034,6.29728364944458,83.8484115600586
"2000-02-25",6.11800098419189,13.35045337677,15.5361089706421,6.17289161682129,83.5448913574219
"2000-02-28",6.15947961807251,14.0079936981201,16.068998336792,6.35948038101196,85.2974395751953
"2000-02-29",6.32539558410645,14.0314884185791,16.465259552002,6.50719356536865,86.1198501586914
"2000-03-01",6.4187159538269,14.1371593475342,16.6292381286621,6.67045164108276,86.7464904785156
"2000-03-02",6.31502246856689,14.219352722168,16.8341941833496,6.79484891891479,86.8051986694336
"2000-03-03",6.32539558410645,14.0079936981201,16.5472526550293,6.68600463867188,88.4305267333984
"2000-03-06",6.38760566711426,13.9023265838623,15.9460220336914,6.64712953567505,87.5689392089844
"2000-03-07",6.71943283081055,15.2174015045166,17.4900856018066,7.1058235168457,85.8750839233398
"2000-03-08",6.7090630531311,15.229151725769,17.4080963134766,6.98920822143555,85.7674255371094
"2000-03-09",6.67795515060425,15.6401090621948,17.5857257843018,6.99698066711426,88.2738342285156
"2000-03-10",6.59499740600586,15.0999927520752,16.8410301208496,6.90368843078613,87.8038711547852
"2000-03-13",6.54314804077148,14.9943103790283,16.5882434844971,6.80262041091919,86.844352722168
"2000-03-14",6.54314804077148,15.569655418396,16.8888473510742,6.88813591003418,85.6107482910156
"2000-03-15",6.636474609375,15.7692728042603,16.9981651306152,6.85704278945923,87.6080703735352
"2000-03-16",7.15494918823242,15.8045053482056,17.4354152679443,7.15246772766113,91.7006378173828
"2000-03-17",6.8749737739563,15.65185546875,16.8615264892578,6.93461894989014,92.3066635131836
"2000-03-20",6.89571571350098,15.5813999176025,16.3696155548096,6.82540988922119,91.8354797363281
"2000-03-21",7.21716928482056,16.1567554473877,16.8341941833496,7.04382562637329,93.7200927734375
"2000-03-22",7.0616250038147,15.7810163497925,16.3832817077637,6.98922443389893,94.2894668579102
"2000-03-23",7.07199430465698,15.8984384536743,16.5062561035156,6.98142433166504,95.8992080688477
"2000-03-24",7.12384128570557,16.0863075256348,16.8888473510742,6.99702262878418,96.468505859375
"2000-03-27",7.13420963287354,15.8866930007935,16.728307723999,7.02042150497437,95.4476623535156
"2000-03-28",7.15494918823242,15.9454040527344,17.2714519500732,6.98922443389893,94.8979949951172
"2000-03-29",7.37270832061768,16.6264228820801,17.5993881225586,7.35584163665771,94.9962005615234
"2000-03-30",7.56973028182983,17.3191947937012,17.1894607543945,7.35584163665771,93.4060363769531
"2000-03-31",7.67342472076416,17.3661632537842,17.0528259277344,7.31684017181396,94.4661331176758
"2000-04-03",7.71490287780762,17.3426837921143,17.5993881225586,7.44164609909058,95.0157852172852
"2000-04-04",7.65268707275391,16.8730030059814,18.0366344451904,7.3480396270752,94.30908203125
"2000-04-05",7.56973028182983,16.4385547637939,17.4354152679443,7.12962913513184,93.7200927734375
"2000-04-06",7.72527265548706,16.7086200714111,17.8726634979248,7.31684017181396,94.5348129272461
"2000-04-07",7.64231634140015,16.2389507293701,17.3944244384766,7.20373153686523,95.1335906982422
"2000-04-10",7.58010196685791,16.1684970855713,17.1074829101562,7.09842586517334,94.7606353759766
"2000-04-11",7.77712392807007,16.6616535186768,17.3534412384033,7.22323608398438,94.4857406616211
"2000-04-12",7.95340490341187,16.7203578948975,17.4764137268066,7.2856388092041,91.8943939208984
"2000-04-13",7.9637713432312,16.3328800201416,17.4900856018066,7.27003860473633,90.6183700561523
"2000-04-14",8.119309425354,16.0980415344238,17.216796875,7.11402797698975,85.4356689453125
"2000-04-17",7.80822467803955,15.5813999176025,16.5062561035156,6.94241714477539,88.4196472167969
"2000-04-18",7.78749084472656,15.8866930007935,16.6565589904785,6.97751951217651,90.7558364868164
"2000-04-19",7.91192436218262,15.9219074249268,16.9298439025879,7.12962913513184,89.9116516113281
"2000-04-20",7.89117908477783,16.215461730957,17.2714519500732,7.14133071899414,90.3435287475586
"2000-04-24",8.12967872619629,16.0158462524414,17.462739944458,7.2193341255188,89.3619689941406
"2000-04-25",8.2126407623291,15.9336585998535,17.708703994751,7.23103189468384,93.0722961425781
"2000-04-26",8.2126407623291,16.215461730957,17.5174007415771,7.32464218139648,92.0220336914062
"2000-04-27",8.17546272277832,16.6146945953369,17.6403789520264,7.42604875564575,91.7177658081055
"2000-04-28",7.92487812042236,15.9923629760742,16.9844970703125,7.20763349533081,91.1484451293945
"2000-05-01",8.09193420410156,16.215461730957,17.0528259277344,7.32464218139648,92.3852233886719
"2000-05-02",8.08149814605713,16.7790679931641,17.1074829101562,7.42995023727417,90.5398330688477
"2000-05-03",8.06061172485352,16.4033317565918,16.9435081481934,7.23883485794067,88.4196472167969
"2000-05-04",8.1650276184082,16.6029472351074,17.380765914917,7.42604875564575,89.0871353149414
"2000-05-05",8.21723365783691,17.0491313934326,17.4900856018066,7.50404930114746,90.1668319702148
"2000-05-08",8.25900173187256,17.2487468719482,17.5857257843018,7.59765625,89.4896011352539
"2000-05-09",8.2485523223877,16.9317245483398,17.3670978546143,7.60156011581421,88.7730484008789
"2000-05-10",8.2485523223877,17.0726051330566,17.8180179595947,7.62495851516724,86.7706451416016
"2000-05-11",8.42606067657471,17.5422821044922,18.2307109832764,7.86287307739258,88.7533950805664
"2000-05-12",8.37385177612305,17.7125415802002,18.0315074920654,7.89017486572266,89.7153091430664
"2000-05-15",8.46782302856445,17.6597118377686,18.3818302154541,8.05398464202881,91.2662353515625
"2000-05-16",8.57223033905029,17.4600944519043,18.2994041442871,7.89797067642212,92.1496200561523
"2000-05-17",8.71841144561768,17.2756309509277,17.8872509002686,7.93698072433472,91.1876831054688
"2000-05-18",8.87502670288086,17.1928539276123,17.9044342041016,7.92527723312378,90.0687255859375
"2000-05-19",8.88546848297119,17.6540145874023,17.9696788787842,7.94087743759155,88.6552734375
"2000-05-22",9.0942964553833,17.7959079742432,18.3131408691406,7.87457609176636,87.9877700805664
"2000-05-23",9.04208946228027,17.6421852111816,18.2444496154785,7.84337186813354,86.6921157836914
"2000-05-24",9.10473918914795,17.8313846588135,18.2307109832764,7.85117387771606,88.1055221557617
"2000-05-25",9.11517810821533,17.6303691864014,17.9009952545166,7.706862449646,86.5939559936523
"2000-05-26",8.95855712890625,17.2874622344971,18.1070652008057,7.71076250076294,86.6921157836914
"2000-05-30",9.20914649963379,17.2756309509277,18.3543453216553,7.81997299194336,89.5190048217773
"2000-05-31",9.5641450881958,17.4884738922119,18.3131408691406,8.05398464202881,89.7153091430664
"2000-06-01",9.52238082885742,17.2165126800537,18.2307109832764,7.97988033294678,91.2858505249023
"2000-06-02",9.12561798095703,17.1337375640869,17.406421661377,7.706862449646,92.8759613037109
"2000-06-05",9.05253124237061,17.1100826263428,17.4338874816895,7.59765625,92.4244766235352
"2000-06-06",9.19870567321777,17.5712451934814,18.093334197998,7.89407634735107,92.0122146606445
"2000-06-07",9.17781925201416,17.4766464233398,17.8322982788086,7.79266929626465,92.6502151489258
"2000-06-08",9.10473918914795,17.5121288299561,17.598747253418,7.83167314529419,92.2870559692383
"2000-06-09",9.0942964553833,17.4057102203369,17.406421661377,7.78097105026245,92.090690612793
"2000-06-12",9.28746032714844,17.5712451934814,17.7498664855957,7.95647716522217,91.010986328125
"2000-06-13",9.37621307373047,17.3584003448486,17.8460330963135,7.95647716522217,92.7189254760742
"2000-06-14",9.34488964080811,17.6421852111816,18.1620254516602,7.94477891921997,92.8759613037109
"2000-06-15",9.17781925201416,17.6185359954834,18.120813369751,7.83167314529419,93.0722961425781
"2000-06-16",9.49628067016602,17.5475940704346,18.5466861724854,7.96360397338867,92.3075103759766
"2000-06-19",9.14649677276611,17.2874622344971,18.478006362915,7.89697933197021,93.4882049560547
"2000-06-20",9.0942964553833,17.0746173858643,18.2994041442871,7.85387420654297,93.1536560058594
"2000-06-21",9.21959018707275,17.2667617797852,18.4539566040039,7.99495792388916,93.1143264770508
"2000-06-22",9.05253124237061,16.9445457458496,18.1757564544678,7.78332376480103,91.6975555419922
"2000-06-23",9.10473918914795,16.9800224304199,18.2719287872314,7.88129854202271,90.9104614257812
"2000-06-26",9.05253124237061,16.7878684997559,18.3234386444092,7.81860113143921,92.0812530517578
"2000-06-27",8.92723274230957,16.7317142486572,18.0383815765381,7.7637300491333,91.4023590087891
"2000-06-28",8.7784481048584,16.5691184997559,18.0521183013916,7.69710540771484,91.6581649780273
"2000-06-29",8.70796871185303,16.391752243042,17.8494777679443,7.71278047561646,90.7924118041992
"2000-06-30",8.46782302856445,16.0458793640137,17.2552909851074,7.61088848114014,91.4811019897461
"2000-07-03",8.52002334594727,16.2557735443115,17.4854125976562,7.65791416168213,92.7404479980469
"2000-07-05",7.89355897903442,15.6083755493164,16.9118385314941,7.34047031402588,91.0678634643555
"2000-07-06",8.37385177612305,15.8093843460083,17.186595916748,7.41492795944214,91.7762069702148
"2000-07-07",8.46782302856445,15.8833017349243,17.2587299346924,7.45020532608032,93.252067565918
"2000-07-10",8.48870658874512,15.8921642303467,17.1728610992432,7.4854736328125,93.0946044921875
"2000-07-11",8.87763786315918,16.4597415924072,17.7086544036865,7.75197505950928,93.2914123535156
"2000-07-12",8.71841144561768,16.2084732055664,17.2793312072754,7.65007781982422,93.9014205932617
"2000-07-13",8.54090881347656,15.8833017349243,17.1453876495361,7.53250169754028,94.3146820068359
"2000-07-14",8.56179141998291,15.8448600769043,17.049222946167,7.52466487884521,95.2394714355469
"2000-07-17",8.52002334594727,15.6408920288086,17.3102474212646,7.42668724060059,95.0820465087891
"2000-07-18",8.56179141998291,15.4073638916016,17.186595916748,7.49331188201904,94.3048629760742
"2000-07-19",8.61400127410889,15.5019540786743,17.2965068817139,7.47371864318848,93.5472793579102
"2000-07-20",8.54090881347656,15.1353893280029,17.1728610992432,7.39925146102905,94.8459396362305
"2000-07-21",8.33208274841309,14.851601600647,16.9530544281006,7.25816679000854,92.9962692260742
"2000-07-24",7.99796724319458,14.6387586593628,16.9805202484131,7.18370723724365,92.4649887084961
"2000-07-25",8.03973197937012,14.6269474029541,16.568380355835,7.1170802116394,92.7601776123047
"2000-07-26",7.97708749771118,14.6269474029541,16.7469711303711,7.17586612701416,91.8549118041992
"2000-07-27",8.28667736053467,15.312762260437,17.6949214935303,7.42277050018311,91.5400848388672
"2000-07-28",8.39183521270752,15.2447662353516,17.585018157959,7.36790084838867,89.4739837646484
"2000-07-31",8.54695510864258,14.9432487487793,17.6262264251709,7.32087326049805,90.0446395874023
"2000-08-01",8.49699974060059,14.9225521087646,17.585018157959,7.4580397605896,90.595588684082
"2000-08-02",8.79145240783691,15.0999183654785,18.2169723510742,7.59912490844727,91.0481643676758
"2000-08-03",8.94919300079346,15.1353893280029,17.9009952545166,7.49331188201904,91.6778945922852
"2000-08-04",8.88609600067139,15.0082778930664,17.9593753814697,7.52466487884521,92.1698150634766
"2000-08-07",8.98336601257324,15.2684154510498,17.7807807922363,7.62264394760132,93.2717819213867
"2000-08-08",9.06487274169922,15.2033834457397,17.760181427002,7.63831901550293,93.6259613037109
"2000-08-09",9.15951633453369,15.6261148452759,17.8185615539551,7.77548837661743,92.8388442993164
"2000-08-10",9.34091949462891,15.8685092926025,17.9019908905029,7.84603071212769,92.3862686157227
"2000-08-11",9.18054676055908,15.8921642303467,17.9848690032959,7.83819341659546,92.8190994262695
"2000-08-14",9.390869140625,15.9631090164185,18.2473278045654,7.9479284286499,93.9998550415039
"2000-08-15",9.54860877990723,15.7975664138794,17.9710578918457,7.91657495498657,93.921142578125
"2000-08-16",9.71686935424805,16.2939128875732,18.2922210693359,8.02630996704102,93.5866012573242
"2000-08-17",10.0533847808838,16.624626159668,18.5235939025879,8.21442794799805,94.5705108642578
"2000-08-18",9.84306049346924,16.4041500091553,18.326753616333,8.1203670501709,94.2555999755859
"2000-08-21",9.91667079925537,16.5412120819092,18.4545154571533,8.1517219543457,94.7672958374023
"2000-08-22",10.0638971328735,16.5173721313477,18.3716487884521,8.12820625305176,94.6098403930664
"2000-08-23",10.4740257263184,16.9463920593262,18.6755352020264,8.33984088897705,94.9837265014648
"2000-08-24",10.2426719665527,16.4339466094971,18.3302097320557,8.15956115722656,95.2789077758789
"2000-08-25",10.3793840408325,16.5650386810303,18.3302097320557,8.18307209014893,95.2394714355469
"2000-08-28",10.3162822723389,16.5769596099854,18.3025894165039,8.21442794799805,95.5641937255859
"2000-08-29",10.3267993927002,16.3981990814209,18.2369651794434,8.22226047515869,95.5839004516602
"2000-08-30",10.2190103530884,16.2283821105957,17.9814167022705,8.1517219543457,94.6688766479492
"2000-08-31",10.4083042144775,16.1151676177979,18.0435791015625,8.1203670501709,95.9282379150391
"2000-09-01",10.5897026062012,16.2969131469727,18.2335109710693,8.20267391204834,96.0266265869141
"2000-09-05",10.6422834396362,16.3862838745117,18.4269065856934,8.20267391204834,95.2591934204102
"2000-09-06",10.6948642730713,16.8033847808838,18.3440170288086,8.38294410705566,94.1769332885742
"2000-09-07",10.5581541061401,16.8391399383545,18.5097732543945,8.34375953674316,94.9837265014648
"2000-09-08",10.4214420318604,16.529296875,18.4545154571533,8.2457799911499,94.3343734741211
"2000-09-11",10.6633129119873,17.0298194885254,18.7825908660889,8.50836372375488,94.1965942382812
"2000-09-12",10.8841571807861,16.8868083953857,18.9518032073975,8.49660015106201,93.5078430175781
"2000-09-13",10.8946676254272,16.8987255096436,18.965612411499,8.35551261901855,93.7538528442383
"2000-09-14",10.8946676254272,16.6991100311279,18.8447494506836,8.33199787139893,94.2260818481445
"2000-09-15",11.1680850982666,17.1966590881348,19.4490852355957,8.54907894134521,92.164665222168
"2000-09-18",11.2101516723633,17.1609058380127,19.8116798400879,8.56482315063477,91.3164215087891
"2000-09-19",10.957763671875,16.7914695739746,19.4490852355957,8.3365364074707,92.1449279785156
"2000-09-20",11.1891212463379,16.5888767242432,19.1175651550293,8.17122268676758,91.4643173217773
"2000-09-21",10.715892791748,16.2671051025391,19.0761184692383,8.10824489593506,90.0735626220703
"2000-09-22",10.3452024459839,16.0645160675049,19.1175651550293,8.0570764541626,91.7109375
"2000-09-25",10.2952518463135,15.7874393463135,18.9759731292725,7.93505907058716,91.0599212646484
"2000-09-26",10.5055713653564,15.8857564926147,19.1451892852783,8.12398529052734,89.8960494995117
"2000-09-27",10.8315706253052,16.2909374237061,19.7253437042236,8.27749443054199,90.3694839477539
"2000-09-28",10.5581541061401,16.0436592102051,19.7011737823486,8.24600696563721,91.5333709716797
"2000-09-29",10.5581541061401,16.2551937103271,19.6942653656006,8.25387763977051,90.6653442382812
"2000-10-02",10.6738338470459,16.529296875,20.2088108062744,8.42313003540039,90.8034820556641
"2000-10-03",10.7053737640381,16.5650386810303,20.0706844329834,8.41918563842773,89.9551849365234
"2000-10-04",10.4845418930054,16.1717700958252,19.7253437042236,8.17122268676758,90.7048416137695
"2000-10-05",10.3898963928223,16.302864074707,19.7115287780762,8.15941143035889,91.0204772949219
"2000-10-06",10.2006101608276,16.0883522033691,19.7667751312256,8.12398529052734,89.0478210449219
"2000-10-09",10.6002235412598,16.3981990814209,20.1397438049316,8.2499418258667,88.3770599365234
"2000-10-10",10.8105430603027,16.624626159668,20.6232089996338,8.4349365234375,86.9172973632812
"2000-10-11",10.8526067733765,16.5173721313477,20.719898223877,8.51365852355957,86.1873474121094
"2000-10-12",11.1786060333252,16.6484603881836,20.8027820587158,8.64354610443115,84.0371246337891
"2000-10-13",10.7684745788574,16.0645160675049,20.0016002655029,8.31291580200195,86.8383331298828
"2000-10-16",10.5897026062012,15.6354894638062,19.407642364502,8.2342004776001,87.23291015625
"2000-10-17",10.7579641342163,15.8023386001587,19.407642364502,8.23813343048096,85.0628967285156
"2000-10-18",10.6633129119873,15.7308330535889,19.1313781738281,8.12792205810547,84.7472610473633
"2000-10-19",10.6948642730713,15.6950674057007,19.1175651550293,8.16728401184082,87.9430770874023
"2000-10-20",10.9787950515747,15.9095993041992,19.5457763671875,8.32866382598877,88.3178482055664
"2000-10-23",10.9262180328369,15.7427492141724,19.6839008331299,8.19483852386475,88.7124176025391
"2000-10-24",10.6528015136719,15.6831607818604,19.172815322876,8.0570764541626,88.1206130981445
"2000-10-25",10.5476388931274,15.5401554107666,19.2695083618164,7.86027240753174,86.0492324829102
"2000-10-26",10.3619718551636,15.6354894638062,19.3938236236572,7.89570045471191,86.286003112793
"2000-10-27",10.3408212661743,15.3137254714966,19.352388381958,7.84059524536133,87.9233779907227
"2000-10-30",10.4148368835449,15.563985824585,19.7667751312256,7.97441625595093,88.7124176025391
"2000-10-31",10.44655418396,15.6593236923218,19.7115287780762,8.02952289581299,90.2412796020508
"2000-11-01",10.5099945068359,15.7904176712036,20.3469467163086,8.28929996490479,89.9355010986328
"2000-11-02",10.2245149612427,15.3494729995728,19.4905261993408,7.99803018569946,90.0834655761719
"2000-11-03",10.1399269104004,15.4567375183105,19.3385696411133,7.96654653549194,90.1327514648438
"2000-11-06",10.203369140625,15.7427492141724,19.6010303497314,7.99803018569946,90.7640228271484
"2000-11-07",10.0659141540527,15.6474123001099,19.6700878143311,8.06101036071777,90.7443008422852
"2000-11-08",10.2245149612427,15.8261671066284,20.0430564880371,8.13973236083984,88.7321395874023
"2000-11-09",10.3090991973877,15.8976755142212,19.9603252410889,8.05313968658447,88.3967819213867
"2000-11-10",10.2245149612427,16.0406799316406,19.8909168243408,8.07675170898438,86.2465286254883
"2000-11-13",10.3302478790283,15.8499975204468,19.9741897583008,8.01377964019775,85.5758361816406
"2000-11-14",10.4677019119263,16.0645160675049,19.9603252410889,8.06101036071777,87.8246994018555
"2000-11-15",10.5734386444092,16.1293659210205,20.0713634490967,8.2184476852417,88.1008529663086
"2000-11-16",10.5945844650269,16.1173572540283,20.140775680542,8.2499418258667,86.7199401855469
"2000-11-17",10.4359874725342,16.0933322906494,20.0574855804443,8.18302822113037,86.2563858032227
"2000-11-20",10.2985315322876,16.0813274383545,20.2934551239014,8.14366817474365,85.0234603881836
"2000-11-21",10.4148368835449,16.3335380554199,20.6821155548096,8.32866382598877,85.4574661254883
"2000-11-22",10.4888477325439,16.2975063323975,20.9319648742676,8.19483852386475,83.4157257080078
"2000-11-24",10.44655418396,16.2014217376709,20.9736099243164,8.31291580200195,85.1220855712891
"2000-11-27",10.4782705307007,16.3095169067383,20.6821155548096,8.24600696563721,85.8717193603516
"2000-11-28",10.3831167221069,16.4896659851074,20.6682319641113,8.23813343048096,84.3921966552734
"2000-11-29",9.99189281463623,15.7810745239258,19.7521133422852,7.87601661682129,84.2343826293945
"2000-11-30",9.55838775634766,15.7330369949341,19.5439033508301,7.60836505889893,83.5044784545898
"2000-12-01",9.69584274291992,15.877161026001,19.7243499755859,7.77761554718018,83.4650268554688
"2000-12-04",9.91787910461426,15.9492139816284,20.140775680542,7.91144275665283,84.1752166748047
"2000-12-05",9.34691905975342,15.7210264205933,19.6271915435791,7.74612379074097,86.9370040893555
"2000-12-06",9.13544654846191,15.4688167572021,19.1552391052246,7.68315267562866,85.5462188720703
"2000-12-07",9.05085849761963,15.5048494338989,19.5439033508301,7.80910444259644,84.3724594116211
"2000-12-08",9.13544654846191,15.6249494552612,19.6549510955811,7.80516958236694,84.5697250366211
"2000-12-11",8.94512462615967,15.6609811782837,19.0442066192627,7.82878351211548,87.5090560913086
"2000-12-12",8.99799728393555,15.7210264205933,19.2246494293213,7.91931200027466,87.1342544555664
"2000-12-13",9.2200403213501,15.8050966262817,19.4744968414307,7.93505907058716,85.9407424926758
"2000-12-14",8.88168907165527,15.1925888061523,18.9886779785156,7.69102478027344,84.8459320068359
"2000-12-15",8.96627521514893,15.0364646911621,18.6833095550537,7.78113031387329,82.9295349121094
"2000-12-18",9.15659713745117,15.5168514251709,19.1830101013184,8.02194404602051,84.0376281738281
"2000-12-19",9.1143045425415,15.5769138336182,19.3634567260742,8.16011714935303,82.326042175293
"2000-12-20",8.95570278167725,15.0724964141846,18.9192752838135,7.91930150985718,79.9416046142578
"2000-12-21",9.0402889251709,15.0604829788208,18.8221111297607,7.97851657867432,80.4956436157227
"2000-12-22",9.24118709564209,15.4928407669067,19.2801666259766,8.08510875701904,82.9097442626953
"2000-12-26",9.53724002838135,15.9131889343262,19.6688251495361,8.4246187210083,83.8001708984375
"2000-12-27",9.79100322723389,15.9612293243408,19.488374710083,8.41672611236572,84.4136276245117
"2000-12-28",9.8438663482666,16.4776554107666,19.2940521240234,8.55490016937256,84.6708297729492
"2000-12-29",9.621826171875,16.2254524230957,19.307933807373,8.38514232635498,83.0680313110352
"2001-01-02",9.65354537963867,16.5136890411377,19.7937526702881,8.40488147735596,81.5641784667969
"2001-01-03",9.39978885650635,15.877161026001,18.933162689209,8.14827251434326,85.4821243286133
"2001-01-04",9.28347778320312,15.5408840179443,18.4056911468506,7.8956127166748,84.5620193481445
"2001-01-05",9.45265007019043,15.6609811782837,18.4889717102051,8.06536865234375,81.801643371582
"2001-01-08",9.46322822570801,15.6249494552612,18.4056911468506,8.03773784637451,82.4348678588867
"2001-01-09",9.31519794464111,15.4207849502563,18.2113552093506,7.87587690353394,82.217170715332
"2001-01-10",9.14602184295654,15.3967638015747,17.989278793335,7.92719650268555,83.6616744995117
"2001-01-11",9.24118709564209,15.6489725112915,18.1558399200439,8.01404762268066,83.7408065795898
"2001-01-12",9.32577037811279,15.5528888702393,18.3918190002441,7.96272659301758,83.5825042724609
"2001-01-16",9.61124992370605,15.5649003982544,18.1697235107422,7.9587779045105,84.1167602539062
"2001-01-17",9.37864017486572,15.4207849502563,17.822696685791,7.91930150985718,84.5026245117188
"2001-01-18",9.32577037811279,15.2646551132202,17.5728492736816,7.769287109375,85.3436126708984
"2001-01-19",9.34691905975342,15.2406272888184,17.6422653198242,7.73375463485718,84.8588333129883
"2001-01-22",9.54781341552734,15.3006839752197,17.822696685791,7.81665658950806,85.4227981567383
"2001-01-23",9.64297294616699,15.2886714935303,18.1697235107422,7.93903732299805,86.0955123901367
"2001-01-24",9.60068130493164,15.3487243652344,18.1280860900879,7.93114566802979,86.3527755737305
"2001-01-25",9.82272434234619,15.9852437973022,18.3224048614502,8.16800689697266,86.1351089477539
"2001-01-26",9.621826171875,15.877161026001,17.989278793335,8.02983856201172,86.0361709594727
"2001-01-29",9.6886568069458,15.6609811782837,17.8116035461426,7.96383142471313,86.4952621459961
"2001-01-30",9.74447917938232,15.7301597595215,18.2069206237793,8.03205299377441,87.255126953125
"2001-01-31",9.91872787475586,16.0030250549316,18.6888542175293,8.11795711517334,86.7611999511719
"2001-02-01",9.81891632080078,16.0010986328125,18.5422744750977,8.01436138153076,87.3373947143555
"2001-02-02",9.83414363861084,15.8377656936646,18.4312381744385,8.14827251434326,85.3554840087891
"2001-02-05",9.02548885345459,15.8665924072266,18.8332138061523,8.31250190734863,85.9823608398438
"2001-02-06",9.13544654846191,16.2739639282227,18.7310581207275,8.36556434631348,85.7290573120117
"2001-02-07",9.27924728393555,16.016471862793,18.8337535858154,8.38830089569092,85.2857971191406
"2001-02-08",9.27079296112061,16.1913318634033,18.8650150299072,8.43378353118896,84.2916717529297
"2001-02-09",9.43150806427002,16.504566192627,19.1686363220215,8.57021236419678,83.481201171875
"2001-02-12",9.5313196182251,16.6275405883789,19.1463088989258,8.45651912689209,84.4373626708984
"2001-02-13",9.67004013061523,16.5256977081299,18.9297466278076,8.43883419036865,83.747184753418
"2001-02-14",9.56854152679443,16.6224975585938,18.7377414703369,8.37819576263428,83.6204986572266
"2001-02-15",9.4907169342041,16.5353775024414,18.4185009002686,8.26955127716064,84.4309997558594
"2001-02-16",9.52645874023438,16.7580490112305,18.7578506469727,8.34282112121582,82.5693969726562
"2001-02-20",9.52986240386963,16.7483673095703,18.7087268829346,8.29481601715088,81.2966613769531
"2001-02-21",9.44646072387695,16.637996673584,18.646203994751,8.23923015594482,79.5426940917969
"2001-02-22",9.42944240570068,16.6670436859131,18.8002681732178,8.19880676269531,79.6630325317383
"2001-02-23",9.3681697845459,16.3533744812012,18.641752243042,8.09521579742432,79.1248016357422
"2001-02-26",9.36136627197266,16.3727378845215,18.7087268829346,8.18364429473877,80.8091201782227
"2001-02-27",9.36136627197266,16.5934715270996,18.373851776123,8.1331148147583,80.0619201660156
"2001-02-28",9.07371425628662,16.5857219696045,18.0947818756104,8.01941871643066,78.4852600097656
"2001-03-01",9.10604953765869,16.8141956329346,18.1729164123535,8.11037826538086,78.8968505859375
"2001-03-02",9.35455417633057,17.1259231567383,18.5770168304443,8.29481601715088,78.2699813842773
"2001-03-05",9.42604637145996,17.4996166229248,18.7198925018311,8.34029865264893,78.985481262207
"2001-03-06",9.43285083770752,17.5131797790527,18.6640739440918,8.38325023651123,79.8339691162109
"2001-03-07",9.56390762329102,17.6932353973389,18.8002681732178,8.56263542175293,80.4038467407227
"2001-03-08",9.80730152130127,17.9972324371338,19.1663970947266,8.64853763580322,80.4925003051758
"2001-03-09",9.78347301483154,17.964319229126,19.1976451873779,8.60811042785645,78.1116409301758
"2001-03-12",9.5775260925293,17.8345832824707,18.699800491333,8.32260799407959,74.7683792114258
"2001-03-13",9.3868932723999,17.5461006164551,18.5971012115479,8.22407245635986,75.9967956542969
"2001-03-14",9.310302734375,17.3350391387939,18.4497489929199,8.10027122497559,74.4960556030273
"2001-03-15",9.36986923217773,17.1743316650391,18.5189743041992,8.10532093048096,74.5150680541992
"2001-03-16",9.35455417633057,16.9419898986816,18.239896774292,7.97024250030518,73.0205230712891
"2001-03-19",9.44987487792969,17.2440319061279,18.1416568756104,8.07161808013916,74.5061950683594
"2001-03-20",9.4907169342041,17.5480270385742,18.0077056884766,8.14257621765137,72.5062484741211
"2001-03-21",9.36306190490723,17.3640785217285,17.8179416656494,7.90942478179932,71.2745513916016
"2001-03-22",9.07881546020508,16.9419898986816,17.3468761444092,7.67627382278442,70.5507125854492
"2001-03-23",9.25923633575439,16.7870903015137,17.1682662963867,7.73709011077881,72.6840286254883
"2001-03-26",9.17753314971924,16.7367401123047,17.4696674346924,7.83846139907837,73.6109848022461
"2001-03-27",9.21498394012451,17.0058860778809,18.0032539367676,7.88154649734497,75.1156921386719
"2001-03-28",9.12136650085449,16.767728805542,17.5589599609375,7.76750898361206,73.0395660400391
"2001-03-29",9.08732414245605,16.7328758239746,17.4786071777344,7.60277891159058,73.3189468383789
"2001-03-30",9.36986923217773,17.0000762939453,18.0836143493652,7.78017616271973,74.0871276855469
"2001-04-02",9.10094547271729,16.8200092315674,17.7710647583008,7.63572216033936,72.5062484741211
"2001-04-03",9.01924896240234,16.6515502929688,17.3915214538574,7.425377368927,70.0872573852539
"2001-04-04",9.18604564666748,16.9807224273682,17.5701293945312,7.55716133117676,70.3793106079102
"2001-04-05",9.44476222991943,17.3640785217285,18.0679912567139,7.75483560562134,73.0459518432617
"2001-04-06",9.37326812744141,17.2750110626221,18.329195022583,7.76497030258179,71.9348449707031
"2001-04-09",9.57581806182861,17.716480255127,18.420726776123,7.94743871688843,72.7348403930664
"2001-04-10",9.80219745635986,17.9681835174561,18.753381729126,8.08429050445557,74.061767578125
"2001-04-11",9.61156463623047,17.5809421539307,18.2934741973877,7.9398365020752,74.1125793457031
"2001-04-12",9.63369464874268,17.7745513916016,18.3068714141846,8.02346420288086,75.4585571289062
"2001-04-16",9.88729858398438,18.1618137359619,18.8761692047119,8.18058967590332,74.6649017333984
"2001-04-17",9.88559532165527,18.0553131103516,18.9118919372559,8.22367382049561,75.718864440918
"2001-04-18",9.83794212341309,18.0959644317627,19.0056476593018,8.18058967590332,78.7283020019531
"2001-04-19",9.76134490966797,17.9585037231445,18.8538398742676,8.03866958618164,79.7759323120117
"2001-04-20",9.74772453308105,18.0553131103516,19.0145893096924,8.12483787536621,79.0457611083984
"2001-04-23",9.98771858215332,18.3380069732666,19.6464023590088,8.34024620056152,77.6108779907227
"2001-04-24",10.076229095459,18.2586250305176,19.5325393676758,8.35545253753662,77.1918563842773
"2001-04-25",10.1868648529053,18.4561214447021,19.8897533416748,8.47456169128418,78.2013320922852
"2001-04-26",10.26731300354,18.9479160308838,19.8361549377441,8.64182376861572,78.5505676269531
"2001-04-27",10.2707386016846,18.8762741088867,19.8830432891846,8.58353614807129,79.8584671020508
"2001-04-30",10.2022657394409,18.6962070465088,19.7803497314453,8.58353614807129,80.4171905517578
"2001-05-01",10.142352104187,18.6749038696289,19.8250026702881,8.52778244018555,80.664794921875
"2001-05-02",9.69387149810791,17.8132953643799,19.3115215301514,8.19579410552979,80.5187530517578
"2001-05-03",9.635666847229,17.755199432373,19.2222194671631,8.15524864196777,79.4965744018555
"2001-05-04",9.83594512939453,18.0746765136719,19.545934677124,8.28449440002441,80.8488845825195
"2001-05-07",9.91297817230225,18.2392711639404,19.688814163208,8.30730438232422,80.150505065918
"2001-05-08",9.96604061126709,18.1618137359619,19.8116016387939,8.2996997833252,80.1123962402344
"2001-05-09",10.1902866363525,18.4774112701416,20.0303955078125,8.44668960571289,79.7759323120117
"2001-05-10",10.1834354400635,18.4348220825195,19.7656593322754,8.38586330413818,80.010856628418
"2001-05-11",10.1868658065796,18.2044105529785,19.6624450683594,8.30476665496826,79.4584426879883
"2001-05-14",10.4641723632812,18.2779903411865,19.9810314178467,8.43401432037354,79.6171569824219
"2001-05-15",10.6678714752197,18.4716033935547,20.0685367584229,8.51004600524902,79.9854278564453
"2001-05-16",10.9811315536499,18.5690784454346,20.0797443389893,8.58100128173828,81.8710784912109
"2001-05-17",11.2755565643311,18.6490116119385,19.90700340271,8.60887908935547,81.9980773925781
"2001-05-18",11.5580081939697,19.0213680267334,20.2368106842041,8.78881359100342,82.3726959228516
"2001-05-21",11.5152082443237,18.9375400543213,19.9114894866943,8.76854228973389,83.585334777832
"2001-05-22",11.4450244903564,18.533992767334,19.9249439239502,8.67983531951904,83.477409362793
"2001-05-23",11.3543043136597,18.3604774475098,19.5794410705566,8.54806137084961,82.0615844726562
"2001-05-24",11.2806949615479,18.383882522583,19.7275333404541,8.5328540802002,82.302864074707
"2001-05-25",11.1249198913574,18.3604774475098,19.7656593322754,8.4593563079834,81.3314743041992
"2001-05-29",11.1232080459595,18.6275634765625,19.6983432769775,8.44668960571289,80.6838531494141
"2001-05-30",11.1009616851807,18.6841068267822,19.938404083252,8.41374111175537,79.5536956787109
"2001-05-31",11.0821256637573,18.7250442504883,19.9114894866943,8.50244045257568,79.9663619995117
"2001-06-01",11.0376214981079,18.7893714904785,19.9563598632812,8.46442604064941,80.4616165161133
"2001-06-04",11.1009616851807,19.1110439300537,20.3781414031982,8.57846260070801,80.8488845825195
"2001-06-05",11.0444679260254,19.0467128753662,20.5396785736084,8.6038122177124,81.7758865356445
"2001-06-06",10.8356332778931,18.7464790344238,20.057315826416,8.38586330413818,81.0965423583984
"2001-06-07",10.6610269546509,18.7172336578369,20.0079708099365,8.28702735900879,81.3885803222656
"2001-06-08",10.6986885070801,18.8010711669922,20.0550708770752,8.30983829498291,80.6330261230469
"2001-06-11",10.6747226715088,19.0077171325684,20.1246318817139,8.3326473236084,80.0616455078125
"2001-06-12",10.7380571365356,19.025260925293,20.2188568115234,8.39600276947021,79.9219284057617
"2001-06-13",10.6319274902344,18.9394912719727,20.1874523162842,8.35545253753662,79.2362442016602
"2001-06-14",10.4025468826294,18.6490116119385,19.9339237213135,8.18565940856934,77.4585571289062
"2001-06-15",10.3854322433472,18.8498020172119,19.9451465606689,8.24702167510986,77.5833206176758
"2001-06-18",10.2724475860596,18.6568126678467,19.8598709106445,8.15535926818848,77.207649230957
"2001-06-19",10.3494815826416,18.6178169250488,19.8306884765625,8.14771747589111,77.5451354980469
"2001-06-20",10.2262353897095,18.4170169830322,19.6870670318604,7.99494981765747,77.9525909423828
"2001-06-21",9.95406055450439,18.2201061248779,19.8396682739258,7.87527799606323,78.837646484375
"2001-06-22",10.0310897827148,18.4696578979492,19.9518775939941,8.02805042266846,78.2200164794922
"2001-06-25",9.84621238708496,18.5105934143066,19.8643455505371,7.9338436126709,77.5005416870117
"2001-06-26",9.90784168243408,18.4618587493896,19.8733310699463,7.98222160339355,77.3922882080078
"2001-06-27",9.57746410369873,17.8185214996338,19.5726318359375,7.79125785827637,77.3477020263672
"2001-06-28",9.51755142211914,17.2999477386475,19.4828605651855,7.62575817108154,77.7743301391602
"2001-06-29",9.75719833374023,17.6430606842041,19.6017971038818,7.72760152816772,78.0608367919922
"2001-07-02",9.67503833770752,17.6060276031494,19.6803379058838,7.70723295211792,79.0350036621094
"2001-07-03",9.73152637481689,17.6216106414795,19.5995559692383,7.69704914093018,79.0159072875977
"2001-07-05",9.84279346466064,17.8029193878174,19.5232601165771,7.76579761505127,77.4750747680664
"2001-07-06",9.83080673217773,17.7405433654785,19.4783763885498,7.7377872467041,75.8005065917969
"2001-07-09",9.72639560699463,17.5533847808838,19.4604301452637,7.6283016204834,76.2143707275391
"2001-07-10",9.75035667419434,17.4286212921143,19.2450008392334,7.63848876953125,75.2975006103516
"2001-07-11",9.58602714538574,17.0913600921631,19.0632171630859,7.53663969039917,75.373908996582
"2001-07-12",9.50043106079102,17.3623294830322,19.1754302978516,7.52645444869995,77.1631088256836
"2001-07-13",9.55521011352539,17.4286212921143,19.2943706512451,7.55446529388428,77.8316040039062
"2001-07-16",9.41485118865967,17.0874500274658,19.2966060638428,7.42970180511475,76.8574905395508
"2001-07-17",9.18717956542969,16.9314918518066,19.1417694091797,7.39660263061523,77.5769348144531
"2001-07-18",9.09303092956543,16.9217472076416,18.9061622619629,7.31767225265503,77.048469543457
"2001-07-19",9.24366569519043,16.98996925354,19.3347568511963,7.3940544128418,77.7233581542969
"2001-07-20",9.39943504333496,17.3408908843994,19.4604301452637,7.55191612243652,77.2585983276367
"2001-07-23",9.44052410125732,17.0855045318604,19.0744495391846,7.4653468132019,75.7368621826172
"2001-07-24",9.07077884674072,16.605920791626,18.3877620697021,7.19800043106079,75.004638671875
"2001-07-25",9.51926517486572,17.3837852478027,18.9083862304688,7.53154706954956,75.8323593139648
"2001-07-26",9.69500732421875,17.5553379058838,19.1731929779053,7.68431520462036,76.6282348632812
"2001-07-27",9.81560897827148,17.7600364685059,19.177677154541,7.71996593475342,76.921142578125
"2001-07-30",9.89658832550049,17.8438549041748,19.0340709686279,7.72760152816772,76.9465942382812
"2001-07-31",9.83628463745117,17.8165721893311,18.7423343658447,7.63848876953125,77.2649078369141
"2001-08-01",9.81388187408447,17.773681640625,18.6705226898193,7.6104793548584,77.7488708496094
"2001-08-02",9.91726303100586,17.7502841949463,18.7288665771484,7.60538959503174,78.0671844482422
"2001-08-03",9.76219654083252,17.6781520843506,18.5179176330566,7.49080657958984,77.6406326293945
"2001-08-06",9.69500732421875,17.6216106414795,18.3339157104492,7.48062562942505,76.5964126586914
"2001-08-07",9.84662818908691,17.7658824920654,18.57177734375,7.48062562942505,76.8956527709961
"2001-08-08",9.82077217102051,17.5475330352783,18.5134410858154,7.32785367965698,75.4694213867188
"2001-08-09",9.79665851593018,17.6606025695801,18.4818458557129,7.37113904953003,75.692268371582
"2001-08-10",9.98273849487305,17.8867454528809,18.6623764038086,7.37877988815308,75.9533309936523
"2001-08-13",9.91726303100586,17.8770008087158,18.6849403381348,7.41442728042603,75.9724502563477
"2001-08-14",9.97584247589111,17.9822750091553,18.5721035003662,7.45516395568848,75.9406280517578
"2001-08-15",10.2032690048218,18.2610740661621,18.7300777435303,7.56719303131104,75.2847595214844
"2001-08-16",10.1567544937134,18.2689323425293,18.6353054046631,7.52391195297241,75.5458374023438
"2001-08-17",9.99651718139648,18.0647430419922,18.265209197998,7.46789407730103,74.3360595703125
"2001-08-20",9.94138145446777,17.9331912994385,18.3915843963623,7.41442728042603,75.0237197875977
"2001-08-21",9.96033477783203,17.7604236602783,18.2290992736816,7.40933132171631,73.7439575195312
"2001-08-22",9.93276786804199,18.0529556274414,18.3735160827637,7.41442728042603,74.5079879760742
"2001-08-23",10.0964498519897,18.1177463531494,18.4547538757324,7.48062562942505,74.2405624389648
"2001-08-24",10.2291164398193,18.2198429107666,18.8203449249268,7.54173231124878,75.7814102172852
"2001-08-27",10.1240119934082,18.0824069976807,18.5269756317139,7.53154706954956,75.329345703125
"2001-08-28",10.0395927429199,17.8899974822998,18.2832641601562,7.45261764526367,74.2278366088867
"2001-08-29",10.0792188644409,18.015661239624,18.2245903015137,7.42206192016602,73.5656356811523
"2001-08-30",10.0326986312866,17.7623767852783,18.1207809448242,7.31512498855591,72.1521682739258
"2001-08-31",9.90692329406738,17.817361831665,18.1207809448242,7.31512498855591,72.6805877685547
"2001-09-04",10.0895614624023,17.9351501464844,18.3915843963623,7.35840702056885,72.2158584594727
"2001-09-05",10.1981000900269,17.9449768066406,18.603702545166,7.38387203216553,72.3941116333008
"2001-09-06",10.2342844009399,18.0136871337891,18.4592800140381,7.3329439163208,70.5285491943359
"2001-09-07",10.1946640014648,18.1413097381592,18.4592800140381,7.32785367965698,69.2232818603516
"2001-09-10",10.0895614624023,18.0038681030273,18.6127262115479,7.3507719039917,70.0700988769531
"2001-09-17",10.0947303771973,17.7132930755615,18.1207809448242,7.20054912567139,66.4090423583984
"2001-09-18",9.5881814956665,17.2303142547607,17.818395614624,6.85171890258789,66.2498550415039
"2001-09-19",9.10403442382812,16.6688022613525,17.335470199585,6.60474443435669,64.9127807617188
"2001-09-20",9.1746768951416,16.4332008361816,16.7081336975098,6.41887664794922,62.8498115539551
"2001-09-21",9.33318424224854,16.4940643310547,16.171049118042,6.42169427871704,62.1717224121094
"2001-09-24",8.87316036224365,15.9227237701416,16.1845874786377,6.25269746780396,64.3574447631836
"2001-09-25",8.76461124420166,15.6478567123413,16.3741397857666,6.1835675239563,65.0285339355469
"2001-09-26",8.68363952636719,15.4652690887451,16.2522888183594,6.14003849029541,64.7984085083008
"2001-09-27",9.01961612701416,16.3939361572266,17.3399791717529,6.3832859992981,65.3607940673828
"2001-09-28",9.29355907440186,16.6393432617188,17.782283782959,6.61116886138916,66.7476806640625
"2001-10-01",9.14538478851318,16.4332008361816,17.6423721313477,6.51899194717407,66.6390151977539
"2001-10-02",9.29528427124023,16.7866058349609,18.0485610961914,6.66237783432007,67.4762573242188
"2001-10-03",9.23325347900391,16.7689304351807,17.9808692932129,6.75455474853516,68.6074371337891
"2001-10-04",9.35041332244873,17.1027011871338,18.3148517608643,6.91330480575562,68.6649856567383
"2001-10-05",9.36419868469238,17.3638248443604,18.3644943237305,6.96451091766357,68.5307464599609
"2001-10-08",9.47446537017822,17.4639587402344,18.4773254394531,6.97731828689575,68.0833892822266
"2001-10-09",9.57440090179443,17.8448448181152,18.5314903259277,6.99012088775635,67.7191390991211
"2001-10-10",9.89486122131348,18.3474521636963,19.082103729248,7.29993677139282,69.2273712158203
"2001-10-11",9.81216812133789,18.3140869140625,18.99635887146,7.29737854003906,70.3010864257812
"2001-10-12",9.90692329406738,17.8664398193359,19.086612701416,7.24873018264771,69.9815216064453
"2001-10-15",9.66571235656738,17.3657741546631,18.7977733612061,7.11558198928833,69.8537139892578
"2001-10-16",9.82077217102051,17.5032215118408,18.842903137207,7.20007753372192,70.2946701049805
"2001-10-17",9.80699729919434,17.4933986663818,18.7029933929443,7.16423082351685,68.7991790771484
"2001-10-18",9.43656158447266,16.8906574249268,18.2336139678955,6.87489795684814,68.6521835327148
"2001-10-19",9.45896339416504,17.0300540924072,18.2967987060547,6.90050554275513,68.6074371337891
"2001-10-22",9.52787780761719,17.4246921539307,18.5585689544678,6.98499917984009,69.9623413085938
"2001-10-23",9.60368633270264,17.002571105957,18.4457359313965,6.95939207077026,69.6044692993164
"2001-10-24",9.60023975372314,17.0634269714355,17.9898929595947,6.86209154129028,69.4191284179688
"2001-10-25",9.79149341583252,17.2578029632568,18.3058242797852,7.03621006011963,70.6653442382812
"2001-10-26",9.97757148742676,17.4600372314453,18.5314903259277,7.17191457748413,70.5055694580078
"2001-10-29",9.98623657226562,17.4757308959961,18.3599834442139,7.10534000396729,68.6714019775391
"2001-10-30",9.5788106918335,17.4737720489502,17.8093566894531,6.86721515655518,67.8469467163086
"2001-10-31",9.43318176269531,17.3854179382324,17.8048572540283,6.87746000289917,67.6168441772461
"2001-11-01",9.64122772216797,17.6426219940186,18.2742347717285,6.9824366569519,69.3488464355469
"2001-11-02",9.32742118835449,17.169454574585,17.9447593688965,6.79296398162842,69.8217391967773
"2001-11-05",9.37943267822266,17.1027011871338,17.7777767181396,6.75199794769287,70.7356719970703
"2001-11-06",9.50772666931152,17.0418395996094,17.8138732910156,6.71102476119995,71.8349227905273
"2001-11-07",9.64468479156494,17.136079788208,17.7412548065186,6.73919057846069,71.7390670776367
"2001-11-08",9.60308170318604,17.1969375610352,17.9319038391113,6.86977434158325,71.9627075195312
"2001-11-09",9.80420017242432,17.569974899292,18.272388458252,7.00292062759399,72.0393981933594
"2001-11-12",9.72617721557617,17.5189342498779,18.1861381530762,6.98499917984009,71.5984344482422
"2001-11-13",9.80420017242432,17.7034969329834,18.3858814239502,7.04132890701294,73.208984375
"2001-11-14",9.2615385055542,17.1395473480225,17.568733215332,6.69822263717651,73.2792739868164
"2001-11-15",8.9113302230835,16.5815544128418,16.8832340240479,6.36023855209351,73.4134979248047
"2001-11-16",8.98414325714111,16.5122966766357,17.0421276092529,6.47802114486694,73.0875854492188
"2001-11-19",9.24940395355225,16.4054546356201,16.8015193939209,6.46266031265259,73.9887237548828
"2001-11-20",9.48518943786621,17.1217384338379,17.2327919006348,6.70078372955322,73.368782043457
"2001-11-21",9.41064453125,17.0327072143555,17.196475982666,6.61372756958008,72.883056640625
"2001-11-23",9.53547096252441,17.1316356658936,17.4507007598877,6.67517948150635,73.9311981201172
"2001-11-26",9.37943267822266,16.8585739135742,17.1465358734131,6.56507778167725,74.090950012207
"2001-11-27",9.48345947265625,16.9416828155518,16.9558734893799,6.57020139694214,73.771369934082
"2001-11-28",9.47305393218994,16.7299518585205,16.8423767089844,6.41656970977783,72.4356994628906
"2001-11-29",9.72791004180908,16.9080486297607,17.0012645721436,6.52667093276978,73.4134979248047
"2001-11-30",9.64468479156494,16.8209819793701,16.9785633087158,6.49338579177856,72.8893966674805
"2001-12-03",9.73831081390381,17.1059112548828,17.0966014862061,6.58044099807739,72.4548873901367
"2001-12-04",9.82153224945068,17.1811065673828,17.3916797637939,6.67262172698975,73.6819152832031
"2001-12-05",10.1700115203857,17.3136768341064,17.6504459381104,6.81088781356812,75.0304412841797
"2001-12-06",9.75911998748779,17.0129089355469,16.9467945098877,6.60860633850098,74.992073059082
"2001-12-07",9.89434719085693,17.26025390625,17.2827339172363,6.65213441848755,74.4935989379883
"2001-12-10",9.83886909484863,17.0425891876221,17.0466632843018,6.55995941162109,73.1003723144531
"2001-12-11",9.61001968383789,16.8387851715088,16.7107257843018,6.45241975784302,72.9533233642578
"2001-12-12",9.75564956665039,16.9377269744873,16.9876441955566,6.46778059005737,73.0364227294922
"2001-12-13",9.57707691192627,16.6705932617188,16.5427551269531,6.36279773712158,71.6176452636719
"2001-12-14",9.81459426879883,16.6211261749268,16.733419418335,6.42681550979614,72.3014450073242
"2001-12-17",9.69497108459473,16.9456443786621,17.0103549957275,6.41145086288452,73.0491943359375
"2001-12-18",9.82846546173096,17.0663356781006,17.0466632843018,6.4959454536438,73.4838104248047
"2001-12-19",10.0295810699463,17.3136768341064,17.4098415374756,6.64445543289185,74.00146484375
"2001-12-20",10.1249322891235,17.2938938140869,17.3871459960938,6.61372756958008,73.2729034423828
"2001-12-21",10.1682729721069,17.5313358306885,17.4779357910156,6.65897560119629,73.7172927856445
"2001-12-24",10.3329782485962,17.5214405059814,17.7049350738525,6.76953363418579,73.5762252807617
"2001-12-26",10.4734106063843,17.6500606536865,17.9773082733154,6.88780117034912,73.980224609375
"2001-12-27",10.38498878479,17.8696880340576,18.0635623931885,6.91094207763672,74.4291534423828
"2001-12-28",10.487283706665,17.895414352417,18.0590229034424,6.94179344177246,74.3906936645508
"2001-12-31",10.4474029541016,17.73118019104,17.8411197662354,6.86466407775879,73.3004608154297
"2002-01-02",10.4231338500977,17.7054557800293,17.9773082733154,6.81324052810669,74.0892181396484
"2002-01-03",10.3624505996704,17.7094192504883,18.0045413970947,6.77210426330566,74.9294128417969
"2002-01-04",10.4491357803345,17.6698436737061,18.158899307251,6.80295467376709,75.4295883178711
"2002-01-07",10.4526081085205,17.7529449462891,18.0000076293945,6.80038261413574,74.8972702026367
"2002-01-08",10.3156385421753,17.8182544708252,18.0227031707764,6.74125003814697,74.7241439819336
"2002-01-09",10.2289552688599,17.6322498321533,17.8138732910156,6.74896621704102,74.1149063110352
"2002-01-10",10.2636337280273,17.6005935668945,17.8819732666016,6.69754362106323,74.4419631958008
"2002-01-11",10.2723007202148,17.2958698272705,17.4779357910156,6.56898975372314,73.7109222412109
"2002-01-14",10.1145362854004,17.2919158935547,17.5414924621582,6.48928928375244,73.2491760253906
"2002-01-15",10.2410850524902,17.6500606536865,17.8411197662354,6.59470415115356,73.845573425293
"2002-01-16",10.072922706604,17.3057651519775,17.4779357910156,6.45843696594238,72.3513565063477
"2002-01-17",10.072922706604,17.2938938140869,17.5414924621582,6.45586442947388,72.8964462280273
"2002-01-18",10.0590476989746,17.1751708984375,17.4325466156006,6.40187549591064,72.5629730224609
"2002-01-22",9.94635772705078,17.1613273620605,17.2600402832031,6.35559511184692,72.0627822875977
"2002-01-23",10.1994829177856,17.363151550293,17.6595344543457,6.53556966781616,72.6142883300781
"2002-01-24",10.2618932723999,17.4323978424072,17.6141300201416,6.62555885314941,72.8387222290039
"2002-01-25",10.2861652374268,17.5234222412109,17.7775630950928,6.69754362106323,72.8195266723633
"2002-01-28",10.2064170837402,17.5847625732422,17.6867637634277,6.59470415115356,73.0182495117188
"2002-01-29",9.97929954528809,16.8526401519775,17.2282581329346,6.41473054885864,70.7224349975586
"2002-01-30",10.1335983276367,16.4430446624756,17.5641918182373,6.46614933013916,71.7421264648438
"2002-01-31",10.1370668411255,16.5815544128418,17.7276191711426,6.62041234970093,72.5822067260742
"2002-02-01",10.2341537475586,16.8922119140625,17.7049350738525,6.65640640258789,72.2423400878906
"2002-02-04",10.0434465408325,16.6053047180176,17.4098415374756,6.47900629043579,70.4467086791992
"2002-02-05",10.0209093093872,16.2966213226318,17.4007663726807,6.43529748916626,70.010612487793
"2002-02-06",10.0781202316284,16.4628353118896,17.6686115264893,6.47900629043579,69.7091827392578
"2002-02-07",9.94289302825928,16.1759262084961,17.4904975891113,6.40444421768188,69.273078918457
"2002-02-08",9.96023178100586,16.1957111358643,17.4859390258789,6.47643756866455,70.6006011962891
"2002-02-11",10.0607862472534,16.4133644104004,17.5818424224854,6.561279296875,71.4663696289062
"2002-02-12",9.95329666137695,16.302562713623,17.5361785888672,6.53042411804199,71.2418975830078
"2002-02-13",9.96889400482178,16.4542350769043,17.6457748413086,6.56898975372314,71.9986114501953
"2002-02-14",10.0226430892944,16.4642066955566,17.8101711273193,6.62298440933228,71.8639602661133
"2002-02-15",10.0815944671631,16.4342708587646,17.7645092010498,6.62812566757202,71.1136627197266
"2002-02-19",9.8338623046875,16.2945747375488,17.7051429748535,6.56898975372314,69.7476577758789
"2002-02-20",9.78850936889648,16.3145313262939,17.8056030273438,6.548424243927,70.9212646484375
"2002-02-21",9.89492607116699,16.3863754272461,17.8786754608154,6.62555885314941,69.4526596069336
"2002-02-22",10.1286945343018,16.7036895751953,18.5956497192383,6.80810022354126,70.3120422363281
"2002-02-25",10.3240776062012,16.7435989379883,18.7235221862793,6.9057993888855,71.4727935791016
"2002-02-26",10.2734851837158,16.7994766235352,18.5956497192383,6.86980104446411,71.3252563476562
"2002-02-27",10.1356725692749,16.9631271362305,18.6869850158691,6.86466407775879,71.6010208129883
"2002-02-28",10.3118705749512,16.8513641357422,18.8605213165283,6.84666204452515,71.2803726196289
"2002-03-01",10.3450145721436,17.0629062652588,19.1801853179932,6.94436359405518,72.9413070678711
"2002-03-04",10.4339895248413,17.1986083984375,19.4770221710205,7.09605407714844,74.230354309082
"2002-03-05",10.4479389190674,17.2125816345215,19.4085216522217,7.09862565994263,73.9930648803711
"2002-03-06",10.6154127120972,17.541862487793,19.7327556610107,7.23489046096802,74.8716506958008
"2002-03-07",10.6084394454956,17.6875457763672,19.5866203308105,7.28888177871704,74.7113342285156
"2002-03-08",10.5648241043091,17.4919757843018,19.5957565307617,7.25546169281006,75.0255584716797
"2002-03-11",10.7113656997681,17.7813377380371,19.8606300354004,7.33259153366089,75.1858978271484
"2002-03-12",10.885814666748,17.885124206543,20.09352684021,7.39686298370361,75.1409759521484
"2002-03-13",10.9015092849731,17.8452033996582,19.6916561126709,7.34801483154297,74.4163436889648
"2002-03-14",10.8265018463135,17.8611621856689,19.7464637756348,7.34544038772583,74.3137054443359
"2002-03-15",10.9416389465332,17.9210357666016,19.9154281616211,7.39858531951904,75.0218200683594
"2002-03-18",11.0689897537231,18.0328006744385,19.974796295166,7.4553394317627,75.0346603393555
"2002-03-19",11.1021327972412,18.100658416748,20.0021915435791,7.5456280708313,75.5363082885742
"2002-03-20",10.9904832839966,17.9210357666016,19.8788890838623,7.46565866470337,74.1149826049805
"2002-03-21",10.9067516326904,18.0367774963379,19.8788890838623,7.50693464279175,74.1471328735352
"2002-03-22",10.7671871185303,17.7833461761475,19.8514957427979,7.33151388168335,73.9863815307617
"2002-03-25",10.6590251922607,17.6416473388672,19.568359375,7.26444053649902,73.0666656494141
"2002-03-26",10.7078714370728,17.7613906860352,19.974796295166,7.32377481460571,73.4911575317383
"2002-03-27",10.9364051818848,18.0607299804688,20.0707015991211,7.4940333366394,73.6840667724609
"2002-03-28",10.9555988311768,18.0148429870605,20.0158958435059,7.45275974273682,73.6519470214844
"2002-04-01",11.1178388595581,17.9010810852051,20.0158958435059,7.50435018539429,73.6840667724609
"2002-04-02",11.10910987854,18.1325778961182,20.2670574188232,7.59722566604614,73.2789154052734
"2002-04-03",10.9730424880981,17.9609489440918,19.9519577026367,7.43212032318115,72.7643737792969
"2002-04-04",10.789867401123,17.5199069976807,19.7053699493408,7.29797697067261,72.4621124267578
"2002-04-05",10.5787715911865,17.3901882171631,19.4678955078125,7.21542644500732,72.4749908447266
"2002-04-08",10.7916088104248,17.6416473388672,19.7464637756348,7.32635974884033,72.6293411254883
"2002-04-09",10.4758520126343,17.4201202392578,19.5089912414551,7.22058963775635,72.1212844848633
"2002-04-10",10.52818775177,17.4819965362549,19.7190589904785,7.30313777923584,72.9380416870117
"2002-04-11",10.4147939682007,17.2524929046631,19.3628673553467,7.22832632064819,71.124382019043
"2002-04-12",10.1356725692749,16.7835216522217,18.8605213165283,6.99099159240723,71.6581878662109
"2002-04-15",10.379903793335,17.0229892730713,18.9975242614746,7.12771844863892,71.1115570068359
"2002-04-16",10.4758520126343,17.2824325561523,19.308048248291,7.26185894012451,72.8030014038086
"2002-04-17",10.5351619720459,17.3542804718018,19.2806587219238,7.35215091705322,72.6486663818359
"2002-04-18",10.5822629928589,17.4620399475098,19.3902549743652,7.38826465606689,72.33349609375
"2002-04-19",10.6851930618286,17.5618190765381,19.417652130127,7.42180442810059,72.5971755981445
"2002-04-22",10.5840072631836,17.2924098968506,19.1116886138916,7.34957599639893,71.3881072998047
"2002-04-23",10.6363468170166,17.358268737793,18.8833446502686,7.33151388168335,71.0793838500977
"2002-04-24",10.4793348312378,16.9631271362305,18.4038467407227,7.199951171875,70.3655242919922
"2002-04-25",10.5840072631836,17.1427326202393,18.5134525299072,7.25154685974121,70.4041137695312
"2002-04-26",10.4997787475586,16.8832988739014,18.2668476104736,7.17157220840454,69.0663452148438
"2002-04-29",10.519082069397,17.134744644165,18.1298503875732,7.12513828277588,68.7254791259766
"2002-04-30",10.4962663650513,17.3043823242188,18.3444709777832,7.18447303771973,69.3686141967773
"2002-05-01",10.5612010955811,17.5598163604736,18.5819473266602,7.22832632064819,70.2175369262695
"2002-05-02",10.6559638977051,17.7354412078857,18.6321830749512,7.28250122070312,69.9474792480469
"2002-05-03",10.6998414993286,17.8631629943848,18.536283493042,7.30830001831055,69.1885452270508
"2002-05-06",10.4594116210938,17.3622512817383,17.9243450164795,7.05806589126587,67.8315505981445
"2002-05-07",10.4453678131104,17.4959659576416,17.8558464050293,7.02453136444092,67.5936050415039
"2002-05-08",10.640172958374,17.7713680267334,18.271411895752,7.17157220840454,70.1082534790039
"2002-05-09",10.6138505935669,17.615701675415,18.078498840332,7.10707950592041,69.2979278564453
"2002-05-10",10.5331192016602,17.5518436431885,17.894775390625,7.10192155838013,67.9923248291016
"2002-05-13",10.6980781555176,17.9809131622314,18.3770561218262,7.23864364624023,69.3750457763672
"2002-05-14",10.7015943527222,17.9409961700439,18.638858795166,7.25928354263306,70.8864288330078
"2002-05-15",10.5734844207764,17.7096881866455,18.2392597198486,7.13803958892822,70.6099090576172
"2002-05-16",10.6945686340332,17.9007740020752,18.4964694976807,7.22058963775635,70.9764785766602
"2002-05-17",10.6156063079834,17.930944442749,18.4643268585205,7.16125249862671,71.3237762451172
"2002-05-20",10.554181098938,17.8504886627197,18.184139251709,7.11224126815796,70.5520248413086
"2002-05-21",10.5085487365723,17.6654510498047,18.26682472229,7.11739921569824,69.9088592529297
"2002-05-22",10.620867729187,17.9048004150391,18.5699577331543,7.23606586456299,70.0632171630859
"2002-05-23",10.6120901107788,18.0214443206787,18.7858428955078,7.29797697067261,70.8092727661133
"2002-05-24",10.4014940261841,17.920877456665,18.4781017303467,7.21800804138184,69.902458190918
"2002-05-28",10.3418340682983,17.7157344818115,18.2989711761475,7.16125249862671,69.5230178833008
"2002-05-29",10.2663698196411,17.6795196533203,18.51025390625,7.09418296813965,69.0084915161133
"2002-05-30",10.0031299591064,17.4582805633545,18.0739040374756,6.95745658874512,68.8155517578125
"2002-05-31",10.0996532440186,17.5487899780273,18.3403129577637,7.05806589126587,68.9570236206055
"2002-06-03",9.91012001037598,17.4019680023193,17.949893951416,6.83621215820312,67.1240844726562
"2002-06-04",9.82236862182617,17.4582805633545,18.0187969207764,6.83621215820312,67.2913208007812
"2002-06-05",9.85220623016357,17.5286712646484,18.1703586578369,6.81041574478149,67.9216079711914
"2002-06-06",9.81535530090332,17.2893333435059,17.9820423126221,6.73818349838257,66.5388259887695
"2002-06-07",9.93117618560791,17.5487899780273,18.1060600280762,6.80783319473267,66.4616851806641
"2002-06-10",9.79955387115479,17.3677616119385,17.972864151001,6.6814284324646,66.7189102172852
"2002-06-11",9.74515342712402,17.3778171539307,17.926929473877,6.58081817626953,65.5741348266602
"2002-06-12",9.77323722839355,17.4482269287109,18.2346744537354,6.6736912727356,65.972900390625
"2002-06-13",9.78376579284668,17.478385925293,18.078498840332,6.66595029830933,65.3104400634766
"2002-06-14",9.75392627716064,17.4522476196289,17.9820423126221,6.65821170806885,65.2139892578125
"2002-06-17",10.0715751647949,17.8404388427734,18.3862400054932,6.83105516433716,66.9633255004883
"2002-06-18",10.075080871582,17.7861251831055,18.3403129577637,6.7975172996521,67.5099563598633
"2002-06-19",9.97856426239014,17.418062210083,18.0830917358398,6.73044157028198,65.9342803955078
"2002-06-20",10.0066347122192,17.5648746490479,18.2530460357666,6.71754598617554,65.0917510986328
"2002-06-21",9.92415904998779,17.6292400360107,18.0279769897461,6.67498350143433,64.0740051269531
"2002-06-24",9.91538238525391,17.5447597503662,18.3724536895752,6.73467254638672,64.4096374511719
"2002-06-25",9.88905715942383,17.2973747253418,18.1887378692627,6.70612478256226,62.9639511108398
"2002-06-26",10.0698118209839,17.3476524353027,18.119836807251,6.7087254524231,63.0672264099121
"2002-06-27",10.1575603485107,17.6252212524414,18.487283706665,6.74246072769165,64.1708297729492
"2002-06-28",10.3330545425415,17.8002052307129,18.7950248718262,6.79955530166626,63.8674926757812
"2002-07-01",10.354115486145,17.8203163146973,18.6710186004639,6.73467254638672,62.6219253540039
"2002-07-02",10.0978975296021,17.6594181060791,18.445951461792,6.60231924057007,61.2924118041992
"2002-07-03",10.0768346786499,17.4381694793701,18.3311290740967,6.64383888244629,61.6408996582031
"2002-07-05",10.2663698196411,17.6795196533203,18.6113052368164,6.79955530166626,64.0934143066406
"2002-07-08",10.3839492797852,17.7157344818115,18.5378112792969,6.71650505065918,63.293098449707
"2002-07-09",10.2067012786865,17.4884510040283,18.2805995941162,6.63345527648926,61.6989936828613
"2002-07-10",9.81359386444092,17.0700950622559,17.5594787597656,6.3505744934082,59.4530563354492
"2002-07-11",9.37135028839111,16.6235809326172,17.0404510498047,6.22860240936279,59.937084197998
"2002-07-12",9.31168556213379,16.6537570953369,16.7786483764648,6.1170015335083,59.2787857055664
"2002-07-15",9.09933376312256,16.2414321899414,16.4203853607178,5.98205184936523,59.5950050354004
"2002-07-16",8.99403953552246,15.9658708572388,16.1677627563477,5.89121770858765,58.4462623596191
"2002-07-17",9.09933376312256,16.1509227752686,16.3560905456543,5.95609951019287,58.5624237060547
"2002-07-18",8.91858005523682,15.8291101455688,15.9610776901245,5.91717004776001,56.6650009155273
"2002-07-19",8.59917831420898,14.9843521118164,14.8816967010498,5.5538330078125,54.6707038879395
"2002-07-22",8.14289569854736,13.9827117919922,13.9033670425415,5.2138557434082,53.0508041381836
"2002-07-23",8.02707386016846,13.4678153991699,14.2019138336182,5.13859605789185,51.5986862182617
"2002-07-24",8.38508129119873,14.1999359130859,15.5844354629517,5.47857189178467,54.677173614502
"2002-07-25",8.08498287200928,14.0189113616943,15.5706558227539,5.45521688461304,54.2124977111816
"2002-07-26",8.33418464660645,14.2421760559082,16.117244720459,5.52788257598877,55.2451095581055
"2002-07-29",8.80977439880371,14.9602222442627,16.6867847442627,5.84710025787354,57.9363784790039
"2002-07-30",8.79397773742676,14.6826515197754,16.383638381958,5.75626468658447,58.6914863586426
"2002-07-31",9.08178997039795,15.0849208831787,16.8842945098877,5.85747718811035,58.8334617614746
"2002-08-01",8.6360330581665,14.1898822784424,15.4558362960815,5.51231002807617,57.2974548339844
"2002-08-02",8.53951168060303,14.240161895752,15.4374666213989,5.45002555847168,56.0131416320801
"2002-08-05",8.16045093536377,13.6890544891357,14.9276256561279,5.24759483337402,54.0640411376953
"2002-08-06",8.50968074798584,14.1939039230347,15.3409996032715,5.43704795837402,55.8840713500977
"2002-08-07",8.6405143737793,14.4714632034302,15.7543935775757,5.51490592956543,56.8585777282715
"2002-08-08",9.01711463928223,14.9964208602905,16.5352191925049,5.74847793579102,58.6979331970215
"2002-08-09",9.15502452850342,15.1955413818359,16.6877632141113,5.85228776931763,58.9173583984375
"2002-08-12",9.14618110656738,15.0949764251709,16.5167236328125,5.83931303024292,58.4849662780762
"2002-08-13",8.94815921783447,15.1452589035034,16.1053066253662,5.75107431411743,57.4200630187988
"2002-08-14",9.24165821075439,15.5676374435425,16.8218193054199,5.97686052322388,59.5175895690918
"2002-08-15",9.26641654968262,15.8010511398315,17.1685180664062,6.14555263519287,60.343692779541
"2002-08-16",9.16386222839355,15.6122846603394,17.0344486236572,6.0469331741333,60.1629676818848
"2002-08-19",9.24519157409668,15.6021413803101,17.1777687072754,6.09624242782593,61.5699119567871
"2002-08-20",9.09314632415771,15.2936248779297,16.7247352600098,5.94312477111816,60.9180870056152
"2002-08-21",9.17093372344971,15.5980777740479,16.8449382781982,5.95609951019287,61.7958145141602
"2002-08-22",9.33359432220459,15.9776372909546,17.1176662445068,6.12478971481323,62.3959808349609
"2002-08-23",9.16032791137695,15.9187622070312,16.7108783721924,6.02617120742798,61.0536231994629
"2002-08-26",9.1921501159668,16.0486679077148,16.9512500762939,6.10662412643433,61.4795684814453
"2002-08-27",9.16739559173584,15.8517847061157,17.0575714111328,6.10402679443359,60.7696304321289
"2002-08-28",9.1055154800415,15.6285247802734,16.4658718109131,5.95869255065918,59.4401473999023
"2002-08-29",9.11435222625732,15.4397659301758,16.3595542907715,5.90678834915161,59.4659461975098
"2002-08-30",9.29646778106689,15.5534296035767,16.3872890472412,5.94571924209595,59.2336235046387
"2002-09-03",9.31768226623535,14.6948747634888,15.5413379669189,5.70954990386963,56.9747428894043
"2002-09-04",9.14087963104248,14.9140825271606,15.6337957382202,5.69657373428345,57.7879524230957
"2002-09-05",9.12319850921631,14.8552169799805,15.610692024231,5.70695447921753,57.2974548339844
"2002-09-06",9.07546043395996,15.161696434021,15.8603029251099,5.8003830909729,58.0848426818848
"2002-09-09",9.06308078765869,15.0196285247803,15.7170057296753,5.7925968170166,58.5107765197754
"2002-09-10",9.21336936950684,15.2976894378662,16.0821876525879,5.91717004776001,59.1819839477539
"2002-09-11",9.27525329589844,15.0967493057251,15.9943704605103,5.88602781295776,58.8140830993652
"2002-09-12",9.21867084503174,14.8410081863403,15.5274810791016,5.74069452285767,57.729866027832
"2002-09-13",9.18507957458496,14.8552169799805,15.7539892196655,5.80297994613647,57.8718605041504
"2002-09-16",9.17270278930664,15.0196285247803,15.9019136428833,5.84450197219849,58.0138206481934
"2002-09-17",8.83146667480469,14.4858150482178,15.2871017456055,5.65505123138428,56.6843338012695
"2002-09-18",8.89865303039551,14.4594316482544,15.3472013473511,5.67062330245972,56.1164093017578
"2002-09-19",8.81202030181885,14.1935443878174,14.9588966369629,5.50971651077271,54.6642875671387
"2002-09-20",8.62813949584961,14.3193826675415,15.1946468353271,5.55016088485718,54.6824340820312
"2002-09-23",8.56626033782959,14.1448345184326,15.1253042221069,5.51884937286377,54.235107421875
"2002-09-24",8.35762596130371,13.9438877105713,14.7693614959717,5.35967683792114,53.3599243164062
"2002-09-25",8.49376487731934,14.2422542572021,15.0744562149048,5.5058012008667,54.6824340820312
"2002-09-26",8.69532680511475,14.8572425842285,15.7863435745239,5.73803997039795,55.5770721435547
"2002-09-27",8.43719100952148,14.4046258926392,15.1715297698975,5.63105010986328,53.6451644897461
"2002-09-30",8.17551708221436,14.0555257797241,14.7462501525879,5.52145719528198,53.022819519043
"2002-10-01",8.50614356994629,14.6360111236572,15.680027961731,5.69628953933716,55.5705986022949
"2002-10-02",8.36293411254883,14.5325012207031,15.0929479598999,5.6336612701416,53.9044799804688
"2002-10-03",8.59631443023682,14.6826963424683,15.3379487991333,5.67019271850586,53.3599243164062
"2002-10-04",8.30105018615723,14.3904247283936,15.2824792861938,5.57364702224731,52.3810539245605
"2002-10-07",8.12424468994141,14.3092460632324,15.3425674438477,5.50319194793701,51.2984085083008
"2002-10-08",8.2144136428833,14.1265678405762,15.1160612106323,5.44317674636841,52.1022644042969
"2002-10-09",7.89616250991821,13.8931531906128,15.1761608123779,5.33619213104248,50.6306953430176
"2002-10-10",8.03937339782715,14.471607208252,15.6199312210083,5.46144104003906,52.2708206176758
"2002-10-11",8.08888053894043,14.6096277236938,15.9666318893433,5.55277299880981,54.5592460632324
"2002-10-14",8.36999702453613,14.7456178665161,16.146915435791,5.70672464370728,54.8639488220215
"2002-10-15",8.53089809417725,15.0866050720215,16.7802143096924,5.8789439201355,57.5024642944336
"2002-10-16",8.49376487731934,14.9384422302246,16.4242725372314,5.78761434555054,56.1086349487305
"2002-10-17",8.7112398147583,15.0805110931396,16.7802143096924,5.9102578163147,57.2236785888672
"2002-10-18",8.64758396148682,15.2022914886475,16.6415328979492,5.90503692626953,57.4635391235352
"2002-10-21",8.5910120010376,15.1069059371948,16.6415328979492,5.93373870849609,58.4554214477539
"2002-10-22",8.34525394439697,14.5629405975342,16.2624778747559,5.7667384147644,58.0340576171875
"2002-10-23",8.47785568237305,14.8166580200195,16.2393684387207,5.86067914962769,58.4748611450195
"2002-10-24",8.34701824188232,14.8876991271973,16.0267200469971,5.76413249969482,57.282039642334
"2002-10-25",8.39475345611572,14.8633317947388,16.2301235198975,5.67541122436523,58.4748611450195
"2002-10-28",8.49730491638184,14.9343795776367,16.0128517150879,5.6649751663208,58.0923843383789
"2002-10-29",8.26391792297363,14.2382011413574,15.3610601425171,5.50058221817017,57.4181861877441
"2002-10-30",8.69355964660645,14.491907119751,15.7539892196655,5.6832389831543,57.9757232666016
"2002-10-31",8.64543056488037,13.7267189025879,15.5598363876343,5.62322187423706,57.3857612609863
"2002-11-01",8.6044282913208,13.9743375778198,16.0221004486084,5.77196073532104,58.5202369689941
"2002-11-04",8.50103950500488,13.7896356582642,15.8371925354004,5.67541122436523,59.077751159668
"2002-11-05",8.63651752471924,14.0656785964966,16.4473896026611,5.79283428192139,59.5445365905762
"2002-11-06",8.73455715179443,14.0372638702393,16.2301235198975,5.8450231552124,60.3159713745117
"2002-11-07",8.77020359039307,13.7003326416016,16.0439968109131,5.73542737960815,58.837890625
"2002-11-08",8.77555274963379,13.7003326416016,16.1044902801514,5.70150423049927,58.1183242797852
"2002-11-11",8.57055854797363,13.6353826522827,15.7601537704468,5.63105010986328,57.2172088623047
"2002-11-12",8.54203987121582,13.6394414901733,15.8392601013184,5.61278629302979,57.6709938049316
"2002-11-13",8.3067455291748,13.4973602294922,15.5414562225342,5.48753690719604,57.7293586730957
"2002-11-14",8.59908008575439,13.7845401763916,16.0533046722412,5.6649751663208,58.8184356689453
"2002-11-15",8.6899881362915,13.8563413619995,16.2161598205566,5.70933485031128,59.2527847290039
"2002-11-18",8.82190132141113,13.907618522644,16.2720012664795,5.71455430984497,58.6563682556152
"2002-11-19",8.68107414245605,13.8522329330444,16.3790168762207,5.71455430984497,58.5785865783691
"2002-11-20",8.83616542816162,13.9589033126831,16.3976364135742,5.82675552368164,59.8816452026367
"2002-11-21",8.90211772918701,13.8665904998779,16.2208137512207,5.87111616134644,60.9966506958008
"2002-11-22",8.65433883666992,13.626594543457,15.9230165481567,5.7458667755127,60.5623245239258
"2002-11-25",8.63473129272461,13.8973588943481,16.0998363494873,5.79283428192139,60.6012229919434
"2002-11-26",8.43152618408203,13.5958261489868,15.802038192749,5.6832389831543,59.4472885131836
"2002-11-27",8.57055854797363,13.7189064025879,16.2673377990723,5.78500747680664,61.1198310852051
"2002-11-29",8.52242565155029,13.7496709823608,16.1929035186768,5.85546016693115,60.925350189209
"2002-12-02",8.53669166564941,13.6737699508667,16.090518951416,5.8737268447876,61.0226211547852
"2002-12-03",8.72920799255371,13.7742862701416,16.239429473877,5.93113136291504,60.2057685852051
"2002-12-04",8.7791166305542,13.907618522644,16.1789417266846,5.8789439201355,59.9334678649902
"2002-12-05",8.89320659637451,13.9383916854858,16.1789417266846,5.91808271408081,59.2722549438477
"2002-12-06",8.89855194091797,14.0204401016235,16.3557586669922,5.97549295425415,59.6612358093262
"2002-12-09",8.85577392578125,13.8091583251953,16.057954788208,5.87111616134644,58.021068572998
"2002-12-10",8.96450805664062,14.0409479141235,16.3045673370361,5.96244335174561,58.7989730834961
"2002-12-11",8.83794784545898,13.917875289917,16.2952709197998,5.93113136291504,58.8508834838867
"2002-12-12",8.7791166305542,13.9219732284546,16.2301216125488,5.98331737518311,58.8443565368652
"2002-12-13",8.62760162353516,13.8727512359619,16.3045673370361,5.96766233444214,57.917350769043
"2002-12-16",8.84328746795654,14.0409479141235,16.6861267089844,6.06942892074585,59.4148712158203
"2002-12-17",8.87538051605225,13.9281349182129,16.5279140472412,6.00680446624756,58.8962898254395
"2002-12-18",8.78447151184082,13.8317203521729,16.5372295379639,5.95722770690918,58.215576171875
"2002-12-19",8.70959758758545,13.5896739959717,16.3557586669922,5.89720964431763,57.8006553649902
"2002-12-20",8.90033435821533,13.6717262268066,16.611686706543,6.01681280136108,58.6254043579102
"2002-12-23",8.85933876037598,13.6963396072388,16.6349449157715,6.04303884506226,58.6449432373047
"2002-12-24",8.75951671600342,13.6717262268066,16.4813842773438,6.01418781280518,58.2084617614746
"2002-12-26",8.65969085693359,13.7250556945801,16.4348526000977,5.94599723815918,58.2345542907715
"2002-12-27",8.52421569824219,13.5178747177124,16.1184349060059,5.81747388839722,56.9250755310059
"2002-12-30",8.65433883666992,13.6717262268066,16.1696281433105,5.84632635116577,57.4006462097168
"2002-12-31",8.62582302093506,13.636848449707,16.2580413818359,5.85681962966919,57.4788131713867
"2003-01-02",8.79338264465332,13.9117183685303,16.5046463012695,5.98009061813354,59.3289833068848
"2003-01-03",8.80586051940918,14.0183839797974,16.5186138153076,5.96959924697876,59.5114288330078
"2003-01-06",8.97163772583008,14.3383798599243,16.928092956543,6.01943445205688,60.5602378845215
"2003-01-07",8.63473129272461,14.0409479141235,16.3557586669922,5.82272148132324,60.4104385375977
"2003-01-08",8.48321342468262,13.9589033126831,16.285961151123,5.7676420211792,59.5374603271484
"2003-01-09",8.55808448791504,14.1783857345581,16.6302967071533,5.84107875823975,60.4625434875488
"2003-01-10",8.32278823852539,14.0737762451172,16.3976364135742,5.79386854171753,60.6254196166992
"2003-01-13",8.40834808349609,13.9855642318726,16.3324947357178,5.77288436889648,60.6058616638184
"2003-01-14",8.50995540618896,14.0512094497681,16.4813842773438,5.79649543762207,60.8012962341309
"2003-01-15",8.50639152526855,13.9794092178345,16.2533874511719,5.81485414505005,60.1954536437988
"2003-01-16",8.60086345672607,14.0142831802368,16.3278408050537,5.87255477905273,59.9478759765625
"2003-01-17",8.5759105682373,13.9712057113647,16.1556701660156,5.82796573638916,59.061882019043
"2003-01-21",8.44934844970703,13.7127494812012,15.78342628479,5.69158029556274,58.1433372497559
"2003-01-22",8.46004295349121,13.4768562316895,15.5833320617676,5.67584085464478,57.4397468566895
"2003-01-23",8.4760856628418,13.3271074295044,15.5461101531982,5.69158029556274,57.7915267944336
"2003-01-24",8.26574325561523,13.0337781906128,15.2110776901245,5.59190845489502,56.2736206054688
"2003-01-27",8.07679080963135,12.6871089935303,14.8062629699707,5.41617822647095,55.5048866271973
"2003-01-28",8.18374538421631,12.912745475769,15.1971263885498,5.50797843933105,55.9153289794922
"2003-01-29",8.55808448791504,13.3947982788086,15.7508459091187,5.68633460998535,56.3387641906738
"2003-01-30",8.45825862884521,13.1691579818726,15.4623594284058,5.59715461730957,55.0032615661621
"2003-01-31",8.59016990661621,13.2101802825928,15.8904418945312,5.70993661880493,56.0651588439941
"2003-02-03",8.83794784545898,13.4665937423706,16.113790512085,5.75452566146851,56.1758766174316
"2003-02-04",8.92172336578369,13.4296712875366,16.113790512085,5.79386854171753,55.622142791748
"2003-02-05",8.80764007568359,13.3476209640503,15.8811416625977,5.75190591812134,55.2768821716309
"2003-02-06",8.70781993865967,13.2614660263062,15.7452802658081,5.72829866409302,55.016300201416
"2003-02-07",8.67394542694092,13.0706968307495,15.623480796814,5.67584085464478,54.3452606201172
"2003-02-10",8.70068740844727,13.3209533691406,15.7452802658081,5.74928140640259,54.7296371459961
"2003-02-11",8.64721202850342,13.2368478775024,15.6328420639038,5.71255922317505,54.3517799377441
"2003-02-12",8.53491020202637,13.0813217163086,15.3189687728882,5.61289548873901,53.4853477478027
"2003-02-13",8.5438232421875,13.0647296905518,15.5204076766968,5.58666706085205,53.6482048034668
"2003-02-14",8.68464756011963,13.2161140441895,15.6656360626221,5.63125371932983,54.8208351135254
"2003-02-18",8.85538864135742,13.2721061706543,15.8108625411987,5.72305250167847,55.7850036621094
"2003-02-19",8.89492988586426,13.3571300506592,15.8249187469482,5.71780776977539,55.491870880127
"2003-02-20",8.73137378692627,13.1684169769287,15.7546529769897,5.70469331741333,54.9380722045898
"2003-02-21",8.97580623626709,13.2824716567993,16.0123043060303,5.83059072494507,55.491870880127
"2003-02-24",8.92728519439697,13.3571300506592,15.9279832839966,5.88042306900024,54.592830657959
"2003-02-25",8.97940349578857,13.3115110397339,15.9935674667358,5.84894847869873,55.0293235778809
"2003-02-26",9.03691864013672,13.2886981964111,15.8530197143555,5.86468744277954,54.2280082702637
"2003-02-27",9.11240768432617,13.3052911758423,15.9186115264893,5.83059072494507,54.9446144104004
"2003-02-28",9.11240768432617,13.3073616027832,15.9373540878296,5.87780141830444,55.3094367980957
"2003-03-03",9.30112361907959,13.3840894699097,16.1434803009033,5.8987832069397,54.7817764282227
"2003-03-04",9.25619125366211,13.4069004058838,16.0357341766357,5.86993169784546,53.9087829589844
"2003-03-05",9.23462581634521,13.6764888763428,16.3589744567871,5.9223895072937,54.3648223876953
"2003-03-06",9.13217544555664,13.5582876205444,16.1903247833252,5.92763566970825,53.9087829589844
"2003-03-07",9.27416706085205,13.5333986282349,16.2980728149414,5.92763566970825,54.280143737793
"2003-03-10",9.15374755859375,13.251371383667,16.091947555542,5.86731004714966,52.9772033691406
"2003-03-11",9.11420440673828,13.2181911468506,16.1950130462646,5.80960369110107,52.4560203552246
"2003-03-12",8.93267440795898,13.0751047134399,15.9560956954956,5.71780776977539,52.8078002929688
"2003-03-13",9.0333251953125,13.2016010284424,16.1575317382812,5.7414083480835,54.6319274902344
"2003-03-14",9.09083271026611,13.3115110397339,16.1106948852539,5.71780776977539,54.807804107666
"2003-03-17",9.16632556915283,13.4193410873413,16.4198799133301,5.79124784469604,56.5341835021973
"2003-03-18",9.15194702148438,13.6101312637329,16.5135688781738,5.90140581130981,56.8664474487305
"2003-03-19",9.23462581634521,13.6516046524048,16.6728477478027,5.90927457809448,57.3029479980469
"2003-03-20",9.36043739318848,13.6453819274902,16.6728477478027,5.96697521209717,57.4267082214355
"2003-03-21",9.2831506729126,13.6868553161621,16.8649234771729,5.90079879760742,58.6524887084961
"2003-03-24",9.18070316314697,13.4753313064575,16.5416774749756,5.81378889083862,56.7032814025879
"2003-03-25",9.34965133666992,13.6910066604614,16.7103252410889,5.86652278900146,57.2462043762207
"2003-03-26",9.32269477844238,13.6453819274902,16.7993297576904,5.87970352172852,56.9583892822266
"2003-03-27",9.46288681030273,13.520956993103,16.8274478912354,5.92716360092163,57.0041809082031
"2003-03-28",9.63182830810547,13.5313262939453,16.8789768218994,5.97989749908447,56.7163887023926
"2003-03-31",9.63363075256348,13.4069004058838,16.3730297088623,5.88497924804688,55.4277725219727
"2003-04-01",9.70912075042725,13.5810976028442,16.7009563446045,5.99571418762207,56.2781257629395
"2003-04-02",9.58869457244873,13.496075630188,16.7243804931641,5.98253393173218,57.6386375427246
"2003-04-03",9.40177822113037,13.3550596237183,16.4198799133301,5.87179565429688,57.3639068603516
"2003-04-04",9.45390033721924,13.4670448303223,16.6400470733643,5.9034366607666,57.7040596008301
"2003-04-07",9.29752445220947,13.3550596237183,16.4198799133301,5.85861110687256,57.5928421020508
"2003-04-08",9.21126270294189,13.3135786056519,16.1996898651123,5.78742551803589,57.6844215393066
"2003-04-09",9.14834976196289,13.3135786056519,16.148157119751,5.78478527069092,56.9256820678711
"2003-04-10",9.16632556915283,13.2886981964111,16.2465381622314,5.86388492584229,57.239631652832
"2003-04-11",9.1789083480835,13.1808576583862,16.0825881958008,5.82961082458496,57.0041809082031
"2003-04-14",9.22024726867676,13.2555093765259,16.3355464935303,5.85861110687256,58.1815338134766
"2003-04-15",9.20406818389893,13.2783355712891,16.4198799133301,5.84279012680054,58.724422454834
"2003-04-16",9.12499046325684,13.1684169769287,16.2512187957764,5.76369380950928,57.7236289978027
"2003-04-17",9.21126270294189,13.2824716567993,16.4105052947998,5.87970352172852,58.5805015563965
"2003-04-21",9.1789083480835,13.4131174087524,16.3355464935303,5.87706804275513,58.6394004821777
"2003-04-22",9.30112361907959,13.5126657485962,16.5932102203369,5.95880365371704,59.744800567627
"2003-04-23",9.27237129211426,13.4545917510986,16.5557250976562,5.95880365371704,60.2942504882812
"2003-04-24",9.13577270507812,13.2886981964111,16.4573554992676,5.93770885467529,59.7579116821289
"2003-04-25",9.06028079986572,13.1476850509644,16.2980728149414,5.86388492584229,59.0187530517578
"2003-04-28",9.17261028289795,13.2306308746338,16.5885238647461,5.89025211334229,60.0391616821289
"2003-04-29",9.06753063201904,13.1062021255493,16.3168125152588,5.80851745605469,60.2484512329102
"2003-04-30",9.11282348632812,13.0253267288208,16.490140914917,5.83488035202026,60.117618560791
"2003-05-01",9.11826419830322,13.0647296905518,16.6213226318359,5.86388492584229,60.1111030578613
"2003-05-02",9.33022594451904,13.5520601272583,16.8836612701416,5.95616579055786,60.9679832458496
"2003-05-05",9.33928298950195,13.9315643310547,16.6072654724121,5.99308013916016,60.8502235412598
"2003-05-06",9.34834384918213,13.9315643310547,16.490140914917,5.98516988754272,61.4258422851562
"2003-05-07",9.4026985168457,13.8216571807861,16.5885238647461,6.02472257614136,61.085693359375
"2003-05-08",9.30667209625244,13.9647436141968,16.5557250976562,6.03262805938721,60.4708595275879
"2003-05-09",9.20340633392334,14.0082931518555,16.7350196838379,6.07217788696289,61.3080978393555
"2003-05-12",9.30848503112793,14.1534557342529,16.7727680206299,6.10118246078491,62.0602912902832
"2003-05-13",9.4298677444458,14.2364053726196,16.7633285522461,6.16973304748535,61.9490776062012
"2003-05-14",9.38457584381104,14.064281463623,16.6123523712158,6.19610118865967,61.8182830810547
"2003-05-15",9.42080974578857,14.0663805007935,16.6500949859619,6.19873857498169,62.2107696533203
"2003-05-16",9.43711757659912,14.1020030975342,16.7255821228027,6.21983194351196,62.053768157959
"2003-05-19",9.37733173370361,13.8945665359497,16.5321445465088,6.15655326843262,60.6016578674316
"2003-05-20",9.40813064575195,13.9699897766113,16.664249420166,6.13282251358032,60.4774055480957
"2003-05-21",9.62915515899658,14.1858186721802,16.8859958648682,6.3147497177124,60.6016578674316
"2003-05-22",9.58386135101318,14.1334352493286,16.9614925384521,6.30156564712524,61.2034225463867
"2003-05-23",9.63096904754639,14.3387804031372,16.9756393432617,6.35957479476929,61.3276863098145
"2003-05-27",9.85562038421631,14.8039608001709,17.3200626373291,6.48613214492798,62.400447845459
"2003-05-28",9.75235080718994,14.795581817627,17.1973972320557,6.40966415405273,62.5770378112793
"2003-05-29",9.60017204284668,14.7033863067627,16.9709205627441,6.3490252494812,62.413501739502
"2003-05-30",9.7777156829834,14.864725112915,17.1738090515137,6.45448970794678,63.4142684936523
"2003-06-02",9.97156715393066,15.1036024093628,17.2587337493896,6.48876667022705,63.6759452819824
"2003-06-03",10.0277347564697,15.283805847168,17.4474430084229,6.5362286567688,63.9375419616699
"2003-06-04",10.0458498001099,15.459813117981,17.6456069946289,6.57841205596924,64.8598251342773
"2003-06-05",9.99874401092529,15.5624914169312,17.5323696136475,6.54413509368896,65.1803131103516
"2003-06-06",9.9099702835083,15.5603952407837,17.6172943115234,6.53095102310181,64.9252319335938
"2003-06-09",9.78858661651611,15.4241924285889,17.6739101409912,6.52040481567383,64.2645797729492
"2003-06-10",9.88279438018799,15.5541105270386,17.7116641998291,6.55995798110962,64.9186935424805
"2003-06-11",10.0168571472168,15.8432779312134,18.0230560302734,6.74979639053345,65.6055068969727
"2003-06-12",10.0440378189087,15.8453750610352,18.0230560302734,6.68915367126465,65.8082504272461
"2003-06-13",9.83931732177734,15.7259283065796,17.8956680297852,6.57841205596924,65.1214599609375
"2003-06-16",9.92084217071533,15.7028789520264,18.0749568939209,6.57050323486328,66.4950408935547
"2003-06-17",9.93352508544922,15.5708742141724,17.7729988098145,6.50722503662109,66.4950408935547
"2003-06-18",9.9154052734375,15.5457324981689,17.6172943115234,6.46767616271973,66.4361801147461
"2003-06-19",9.91902732849121,15.4493398666382,17.4002666473389,6.50195217132568,65.4223175048828
"2003-06-20",9.92808628082275,15.4640045166016,17.4049739837646,6.47757959365845,65.2779388427734
"2003-06-23",9.93895816802979,15.4262914657593,17.428581237793,6.45903158187866,64.6083297729492
"2003-06-24",9.92989921569824,15.4660987854004,17.409704208374,6.4537353515625,64.6739883422852
"2003-06-25",9.83387756347656,15.3801946640015,17.2964782714844,6.46433210372925,64.0240936279297
"2003-06-26",9.89185428619385,15.3340921401978,17.3153457641602,6.43519163131714,64.8577880859375
"2003-06-27",9.91177463531494,15.1664552688599,17.1596488952637,6.41134405136108,64.1094360351562
"2003-06-30",9.92808628082275,15.1287517547607,16.9426193237305,6.37160444259644,64.089714050293
"2003-07-01",9.96975612640381,15.1811332702637,17.0700073242188,6.36630821228027,64.680549621582
"2003-07-02",9.97337818145752,15.2230348587036,17.1171817779541,6.3583607673645,65.4945297241211
"2003-07-03",9.89185428619385,15.0721654891968,17.0133934020996,6.34776020050049,64.8183898925781
"2003-07-07",9.77046489715576,15.3592433929443,17.0086708068848,6.30537462234497,66.1050338745117
"2003-07-08",9.67263889312744,15.3948621749878,16.8199424743652,6.29477453231812,66.4004440307617
"2003-07-09",9.63640594482422,15.254467010498,16.9190216064453,6.3583607673645,66.0262985229492
"2003-07-10",9.58386135101318,15.1014986038208,16.7491779327393,6.26298332214355,65.1860122680664
"2003-07-11",9.68350791931152,15.2963809967041,16.7963523864746,6.28153038024902,65.8030853271484
"2003-07-14",9.71792984008789,15.1266527175903,16.6548175811768,6.22589159011841,66.1247482299805
"2003-07-15",9.60198211669922,14.9527282714844,16.6029090881348,6.17290687561035,65.9803009033203
"2003-07-16",9.58386135101318,14.9736881256104,16.4755249023438,6.11462259292603,65.593017578125
"2003-07-17",9.5566873550415,14.9820671081543,16.607629776001,6.15436315536499,64.6608810424805
"2003-07-18",9.72880077362061,15.2418928146362,16.9284591674805,6.29477453231812,65.3238830566406
"2003-07-21",9.69256973266602,15.1077919006348,16.6925563812256,6.26033210754395,64.5164489746094
"2003-07-22",9.7722806930542,15.2020835876465,16.8529777526855,6.24443864822388,65.1006698608398
"2003-07-23",9.66176605224609,15.091025352478,16.8293781280518,6.20999956130981,65.1466369628906
"2003-07-24",9.54219341278076,15.0449266433716,16.6312198638916,6.15171098709106,64.6543045043945
"2003-07-25",9.59110736846924,15.2398061752319,16.8718509674072,6.20734643936157,65.7965087890625
"2003-07-28",9.59292125701904,15.2083749771118,16.8671207427979,6.1808557510376,65.5536422729492
"2003-07-29",9.48339366912842,15.0449266433716,16.7161502838135,6.09342765808105,65.2516555786133
"2003-07-30",9.49252128601074,15.0449266433716,16.664249420166,6.1013765335083,65.0941009521484
"2003-07-31",9.55458831787109,15.1098833084106,16.7869205474854,6.14641094207764,65.2450942993164
"2003-08-01",9.49799537658691,14.8877792358398,16.668966293335,6.13051557540894,64.6674118041992
"2003-08-04",9.5418119430542,14.8081483840942,16.8010768890381,6.06693601608276,64.6674118041992
"2003-08-05",9.52538013458252,14.8353862762451,16.6784019470215,6.04044103622437,63.2954177856445
"2003-08-06",9.62943744659424,14.8521547317505,16.8671207427979,6.14641094207764,63.6630325317383
"2003-08-07",9.79554843902588,15.1413202285767,17.1030254364014,6.30007457733154,64.3326110839844
"2003-08-08",9.8576135635376,15.254467010498,17.230411529541,6.31862020492554,64.5164489746094
"2003-08-11",9.84666347503662,15.3382835388184,17.3491916656494,6.34776020050049,64.7593078613281
"2003-08-12",9.94341850280762,15.4870576858521,17.4394435882568,6.39280128479004,65.3501129150391
"2003-08-13",9.94524192810059,15.3466634750366,17.3396873474121,6.38750171661377,65.0153503417969
"2003-08-14",10.0182590484619,15.5562047958374,17.5487155914307,6.41134405136108,65.1925888061523
"2003-08-15",9.97809791564941,15.4101858139038,17.4964580535889,6.43253946304321,65.3960876464844
"2003-08-18",10.0200881958008,15.3594055175781,17.5392074584961,6.43253946304321,65.9606475830078
"2003-08-19",10.0255584716797,15.2578229904175,17.4251899719238,6.40339517593384,66.210075378418
"2003-08-20",9.97809791564941,15.3636245727539,17.4821891784668,6.43253946304321,65.9409103393555
"2003-08-21",10.0091390609741,15.4017267227173,17.6009635925293,6.4934720993042,66.1509628295898
"2003-08-22",9.90873432159424,15.1964454650879,17.3539276123047,6.39280128479004,65.4945297241211
"2003-08-25",9.9233341217041,15.3107290267944,17.4679489135742,6.39280128479004,65.599609375
"2003-08-26",9.91055679321289,15.2789869308472,17.4964580535889,6.39809846878052,65.7177429199219
"2003-08-27",10.005482673645,15.2980260848999,17.6959781646729,6.42459106445312,65.7374420166016
"2003-08-28",10.1387405395508,15.4842538833618,17.8385009765625,6.53056192398071,66.1444396972656
"2003-08-29",10.1935081481934,15.420768737793,17.9097499847412,6.53850841522217,66.5908355712891
"2003-09-02",10.3760576248169,15.5985355377197,18.0380268096924,6.58089971542358,67.4835968017578
"2003-09-03",10.3596258163452,15.6472082138062,18.0902729034424,6.58355331420898,67.8512191772461
"2003-09-04",10.3687582015991,15.5964088439941,18.1282844543457,6.57295083999634,67.8840560913086
"2003-09-05",10.2373218536377,15.4525108337402,18.0380268096924,6.54381084442139,67.5033264160156
"2003-09-08",10.3559770584106,15.6641244888306,18.2755508422852,6.63388633728027,68.0612869262695
"2003-09-09",10.4198637008667,15.5371570587158,18.1045227050781,6.56235933303833,67.6149063110352
"2003-09-10",10.3523225784302,15.4461679458618,18.0522689819336,6.4934720993042,66.9321899414062
"2003-09-11",10.3048658370972,15.5540895462036,18.0522689819336,6.48022603988647,67.1291275024414
"2003-09-12",10.3121671676636,15.4376926422119,17.9240036010742,6.48817491531372,67.2538528442383
"2003-09-15",10.2774772644043,15.3953828811646,17.8194923400879,6.44578790664673,67.0175247192383
"2003-09-16",10.3760576248169,15.448278427124,17.9144992828369,6.45638513565063,67.9956588745117
"2003-09-17",10.1898593902588,15.293794631958,17.5012054443359,6.37160444259644,67.8643569946289
"2003-09-18",10.2227144241333,15.2895660400391,17.6152210235596,6.39809846878052,68.6652145385742
"2003-09-19",10.2245426177979,15.312840461731,17.5724563598633,6.45694351196289,68.3159790039062
"2003-09-22",10.1588201522827,15.2789869308472,17.4442005157471,6.4196662902832,67.5779342651367
"2003-09-23",10.1953325271606,15.346697807312,17.6057109832764,6.45694351196289,67.8349151611328
"2003-09-24",10.1770763397217,15.3064823150635,17.529712677002,6.48889636993408,66.6289901733398
"2003-09-25",10.0675458908081,15.1858720779419,17.6484775543213,6.43031692504883,66.0820693969727
"2003-09-26",9.95984745025635,15.1266193389893,17.4727001190186,6.37173652648926,65.8645782470703
"2003-09-29",9.9014310836792,15.1731662750244,17.5867099761963,6.40368890762329,66.5104064941406
"2003-09-30",9.99452018737793,15.1202611923218,17.3871822357178,6.40368890762329,65.8645782470703
"2003-10-01",10.113187789917,15.475790977478,17.7434864044189,6.49688339233398,67.2681884765625
"2003-10-02",10.2135896682739,15.4059572219849,17.8432426452637,6.53948736190796,67.5120010375977
"2003-10-03",10.2099313735962,15.4652004241943,17.9335041046143,6.57676219940186,68.1314697265625
"2003-10-06",10.2957353591919,15.5964088439941,18.0950241088867,6.61670541763306,68.4411544799805
"2003-10-07",10.3505048751831,15.6556730270386,18.213794708252,6.64865350723267,68.7047424316406
"2003-10-08",10.2665271759033,15.5244588851929,18.0712718963623,6.60338735580444,68.533447265625
"2003-10-09",10.3340702056885,15.5604362487793,18.0285243988037,6.58208847045898,68.7179641723633
"2003-10-10",10.4399490356445,15.6175756454468,18.1947898864746,6.63001394271851,68.9090728759766
"2003-10-13",10.5841684341431,15.7551279067993,18.280294418335,6.65664052963257,69.1265182495117
"2003-10-14",10.5932855606079,15.8694067001343,18.4038181304932,6.63001394271851,69.3703384399414
"2003-10-15",10.5111389160156,15.6598987579346,18.2850513458252,6.53416013717651,69.1858367919922
"2003-10-16",10.6297988891602,15.7085657119751,18.4845695495605,6.60338735580444,69.4625473022461
"2003-10-17",10.5878124237061,15.6027698516846,18.3658142089844,6.55812311172485,68.7047424316406
"2003-10-20",10.5312271118164,15.7255020141602,18.346809387207,6.55546140670776,69.2187728881836
"2003-10-21",10.4855890274048,15.7170352935791,18.218542098999,6.57676219940186,69.1001663208008
"2003-10-22",10.3669300079346,15.5519762039185,17.7434864044189,6.48889636993408,68.2302856445312
"2003-10-23",10.4764556884766,15.6196870803833,17.8622417449951,6.47824621200562,68.1051025390625
"2003-10-24",10.5001859664917,15.4736728668213,17.9810123443604,6.47558116912842,68.2566833496094
"2003-10-27",10.4691514968872,15.4123010635376,17.9287605285645,6.44895505905151,68.2896118164062
"2003-10-28",10.4782800674438,15.5308113098145,18.0522689819336,6.46759414672852,69.2187728881836
"2003-10-29",10.4782810211182,15.4694452285767,17.9620132446289,6.45427846908569,69.3110198974609
"2003-10-30",10.3991956710815,15.1858720779419,17.2446765899658,6.36641502380371,69.4560089111328
"2003-10-31",10.5113954544067,15.7233839035034,17.377685546875,6.46493244171143,69.3900909423828
"2003-11-03",10.4801177978516,15.6450834274292,17.4251899719238,6.42499160766602,69.8447952270508
"2003-11-04",10.4874782562256,15.6408519744873,17.25417137146,6.40368890762329,69.6932220458984
"2003-11-05",10.5849609375,15.59006690979,17.1163997650146,6.42232704162598,69.7459716796875
"2003-11-06",10.6511669158936,15.6916437149048,17.0641479492188,6.43031692504883,70.1150054931641
"2003-11-07",10.6897993087769,15.776291847229,17.0115261077881,6.44628810882568,69.5943756103516
"2003-11-10",10.6585321426392,15.6196870803833,17.10719871521,6.43564081192017,69.3110198974609
"2003-11-11",10.4562072753906,15.6916437149048,17.2459278106689,6.43297815322876,69.2912445068359
"2003-11-12",10.4948358535767,15.810152053833,17.2315807342529,6.47025632858276,70.0688705444336
"2003-11-13",10.5849609375,16.030237197876,17.346399307251,6.52883291244507,70.0886383056641
"2003-11-14",10.5426616668701,15.8699741363525,17.2220096588135,6.54214477539062,69.4954986572266
"2003-11-17",10.5132255554199,15.726806640625,17.0306606292725,6.47558116912842,69.1463012695312
"2003-11-18",10.5113954544067,15.7588682174683,16.8153820037842,6.43031692504883,68.4279937744141
"2003-11-19",10.4893178939819,15.855019569397,16.9541149139404,6.44628810882568,69.0078811645508
"2003-11-20",10.4948358535767,15.8122787475586,16.8919334411621,6.43031692504883,68.3884658813477
"2003-11-21",10.382643699646,15.7011613845825,16.9062767028809,6.38238763809204,68.6718139648438
"2003-11-24",10.5224275588989,15.8165483474731,17.0115261077881,6.41700458526611,69.5812225341797
"2003-11-25",10.5242691040039,15.9340782165527,17.1359024047852,6.45427846908569,69.8447952270508
"2003-11-26",10.548171043396,16.0793857574463,17.3559665679932,6.51552200317383,70.0951843261719
"2003-11-28",10.4359865188599,16.047327041626,17.3176918029785,6.51552200317383,70.1479415893555
"2003-12-01",10.6622095108032,16.175537109375,17.4085865020752,6.58208847045898,70.9057312011719
"2003-12-02",10.7964773178101,16.1627159118652,17.4612121582031,6.62735557556152,70.7278442382812
"2003-12-03",10.7412958145142,16.26100730896,17.4803504943848,6.59007406234741,70.6157836914062
"2003-12-04",10.9601726531982,16.5858039855957,17.7099723815918,6.74983406066895,70.9057312011719
"2003-12-05",11.0079889297485,16.6669998168945,17.5951614379883,6.79776334762573,70.4115219116211
"2003-12-08",11.0263795852661,16.7973442077637,17.8917636871338,6.87231636047363,70.8860015869141
"2003-12-09",11.0815620422363,16.8550395965576,18.0065803527832,6.87764263153076,70.3390274047852
"2003-12-10",11.0852384567261,16.8123111724854,18.078332901001,6.88297128677368,70.3324508666992
"2003-12-11",11.2121496200562,16.9875202178955,18.1357364654541,6.91758060455322,71.1231994628906
"2003-12-12",11.2158269882202,17.1477813720703,18.207498550415,6.99479913711548,71.2615814208984
"2003-12-15",11.0815620422363,16.8699913024902,18.0831165313721,6.90692949295044,70.9057312011719
"2003-12-16",11.2121496200562,17.2439365386963,18.4036388397217,7.01077699661255,71.274772644043
"2003-12-17",11.3721628189087,17.4789791107178,18.5997791290283,7.0773401260376,71.4988098144531
"2003-12-18",11.7620906829834,17.8529243469238,18.853328704834,7.26639127731323,72.3028182983398
"2003-12-19",11.6664438247681,17.7930870056152,18.9442100524902,7.25355291366577,72.1015167236328
"2003-12-22",11.6701231002808,17.8101902008057,18.8820285797119,7.26157903671265,72.6046524047852
"2003-12-23",11.6223068237305,17.7738552093506,19.0159797668457,7.21075534820557,72.6510925292969
"2003-12-24",11.7528924942017,17.8101902008057,19.0542488098145,7.28832340240479,72.5781936645508
"2003-12-26",11.8411817550659,17.9170265197754,19.1594848632812,7.31774091720581,72.6311645507812
"2003-12-29",11.9294662475586,18.2696018218994,19.4130325317383,7.40333366394043,73.5978088378906
"2003-12-30",12.0251035690308,18.3892612457275,19.4608745574951,7.41938257217407,73.611083984375
"2003-12-31",12.0600471496582,18.4597721099854,19.6139602661133,7.36856126785278,73.6772613525391
"2004-01-02",12.0434894561768,18.3529357910156,19.4369659423828,7.36588478088379,73.644172668457
"2004-01-05",12.369047164917,18.7076377868652,19.8914337158203,7.507643699646,74.4453201293945
"2004-01-06",12.2347822189331,18.6050720214844,19.7574825286865,7.49962139129639,74.5181121826172
"2004-01-07",12.1704053878784,18.3678894042969,19.6139602661133,7.42204999923706,74.7697067260742
"2004-01-08",12.1023569107056,18.3871231079102,19.5661201477051,7.44345045089722,75.0676574707031
"2004-01-09",12.0343017578125,18.1884002685547,19.2743091583252,7.48089170455933,74.4122009277344
"2004-01-12",12.0876340866089,18.0986442565918,19.5469875335693,7.50229120254517,74.9617156982422
"2004-01-13",12.1170682907104,18.0986442565918,19.4608745574951,7.50496530532837,74.5247573852539
"2004-01-14",12.1612062454224,18.2909698486328,19.4608745574951,7.48624420166016,75.1470947265625
"2004-01-15",11.9147443771362,18.0409564971924,19.2695236206055,7.36053657531738,75.3324966430664
"2004-01-16",11.9772834777832,18.1029281616211,19.3747787475586,7.43007946014404,75.6304702758789
"2004-01-20",12.2439737319946,18.3828430175781,19.5565528869629,7.61730146408081,75.610595703125
"2004-01-21",12.3598461151123,18.5431060791016,19.8196830749512,7.66276884078979,76.2064666748047
"2004-01-22",12.3947916030884,18.6221714019775,19.7479057312012,7.62532234191895,76.0078430175781
"2004-01-23",12.3892755508423,18.5687427520752,19.6331005096436,7.69219017028809,75.7628326416016
"2004-01-26",12.4922800064087,18.7183208465576,19.8770751953125,7.73765468597412,76.7162322998047
"2004-01-27",12.4536504745483,18.7396926879883,19.7048568725586,7.72160959243774,75.9283676147461
"2004-01-28",12.1979961395264,18.5324211120605,19.5230731964111,7.6119499206543,75.0610275268555
"2004-01-29",12.2531747817993,18.6563510894775,19.8388061523438,7.60659980773926,75.1338806152344
"2004-01-30",12.1170682907104,18.4512157440186,19.5135135650635,7.53438234329224,75.1338806152344
"2004-02-02",12.19615650177,18.4170265197754,19.4656620025635,7.57717990875244,75.4582672119141
"2004-02-03",12.106032371521,18.3443870544434,19.3317127227783,7.54776000976562,75.3324966430664
"2004-02-04",12.0030250549316,18.1948051452637,19.3030090332031,7.49427032470703,74.7167434692383
"2004-02-05",12.0067090988159,18.1691703796387,19.3173656463623,7.42740201950073,74.9352188110352
"2004-02-06",12.1446495056152,18.2524967193604,19.3795585632324,7.47822237014771,75.7760848999023
"2004-02-09",12.1704053878784,18.3294219970703,19.6057949066162,7.56915998458862,75.7959747314453
"2004-02-10",12.2917928695679,18.4918327331543,19.7790832519531,7.67079257965088,76.0409622192383
"2004-02-11",12.5676870346069,18.7119140625,20.1786098480225,7.77509880065918,76.8486862182617
"2004-02-12",12.5603313446045,18.6798629760742,20.1737976074219,7.79917669296265,76.5706329345703
"2004-02-13",12.6228637695312,18.6432266235352,20.1737976074219,7.78045225143433,76.226318359375
"2004-02-17",12.7589693069458,18.8156127929688,20.3278312683105,7.84731197357178,76.9148712158203
"2004-02-18",12.6183156967163,18.6647777557373,20.1208457946777,7.76440238952637,76.5772399902344
"2004-02-19",12.6534805297852,18.6561603546143,20.193058013916,7.75638055801392,76.2925109863281
"2004-02-20",12.6090593338013,18.6626243591309,20.2315654754639,7.75370407104492,76.0608215332031
"2004-02-23",12.7423076629639,19.0354022979736,20.4963073730469,7.81522130966187,75.8687896728516
"2004-02-24",12.7571172714233,19.000919342041,20.3663368225098,7.82859373092651,75.7363739013672
"2004-02-25",12.7293558120728,18.9276599884033,20.5300045013428,7.866042137146,76.0541610717773
"2004-02-26",12.7423076629639,18.98583984375,20.3663368225098,7.89278650283813,76.1005249023438
"2004-02-27",12.7460165023804,19.0375595092773,20.2989444732666,7.93023109436035,76.1535186767578
"2004-03-01",13.0661897659302,19.4512729644775,20.4674224853516,8.08267879486084,76.9082641601562
"2004-03-02",12.8700151443481,19.2379493713379,20.2363739013672,8.01314258575439,76.4580764770508
"2004-03-03",12.9051790237427,19.3564586639404,20.1689891815186,8.00244426727295,76.5970916748047
"2004-03-04",12.8737173080444,19.248722076416,20.0967750549316,7.97837448120117,76.7957382202148
"2004-03-05",13.0162210464478,19.4405002593994,20.4529876708984,8.04791450500488,77.0539474487305
"2004-03-08",13.0698938369751,19.5439357757568,20.4866733551025,8.08267879486084,76.1137161254883
"2004-03-09",13.0717449188232,19.3952465057373,20.5925846099854,8.02918815612793,75.8092041015625
"2004-03-10",12.8107957839966,19.1194438934326,20.424108505249,7.89011001586914,74.5379867553711
"2004-03-11",12.5924034118652,18.7315826416016,19.9042415618896,7.71358585357666,73.5713577270508
"2004-03-12",12.7978343963623,19.0591068267822,20.2315654754639,7.82591962814331,74.5379867553711
"2004-03-15",12.684944152832,18.8888683319092,20.1112174987793,7.84196472167969,73.6243133544922
"2004-03-16",12.6886405944824,18.8931865692139,20.2508125305176,7.83929300308228,74.0149536132812
"2004-03-17",12.7515678405762,19.1603717803955,20.3326549530029,7.94895458221436,74.842529296875
"2004-03-18",13.0199251174927,19.3392238616943,20.4385433197021,8.02918815612793,74.8624267578125
"2004-03-19",12.8237466812134,19.005241394043,19.9764366149902,7.86453485488892,73.7894058227539
"2004-03-22",12.760817527771,18.8113079071045,19.7068729400635,7.78933048248291,72.8525848388672
"2004-03-23",12.6701412200928,18.847936630249,19.6202297210693,7.73561239242554,72.7263565063477
"2004-03-24",12.446195602417,18.5053310394287,19.3025321960449,7.57177019119263,72.7861633300781
"2004-03-25",12.2222557067871,18.2467479705811,19.37473487854,7.5422248840332,73.74951171875
"2004-03-26",12.3629179000854,18.3889579772949,19.6106071472168,7.62817239761353,73.7694473266602
"2004-03-29",12.479510307312,18.3975811004639,19.7790832519531,7.66846323013306,74.8059310913086
"2004-03-30",12.8385524749756,18.7638988494873,20.0005016326904,7.80813407897949,75.0584030151367
"2004-03-31",12.919979095459,18.914737701416,20.0197658538818,7.88065481185913,75.1448135375977
"2004-04-01",12.7127017974854,18.9535179138184,19.9860610961914,7.78933048248291,75.596565246582
"2004-04-02",12.7571172714233,18.9686031341553,20.1737976074219,7.82424926757812,76.1679916381836
"2004-04-05",12.8589096069336,19.1905517578125,20.3374652862549,7.86453485488892,76.5865631103516
"2004-04-06",12.8940763473511,19.1883811950684,20.3085784912109,7.86453485488892,76.3407287597656
"2004-04-07",12.955150604248,19.3392238616943,20.1689891815186,7.86453485488892,76.1613082885742
"2004-04-08",13.1624326705933,19.3801708221436,20.4337310791016,7.93437480926514,75.9886093139648
"2004-04-12",13.391918182373,19.7098484039307,20.7514343261719,8.08479309082031,76.2875518798828
"2004-04-13",13.2216577529907,19.55686378479,20.6118316650391,8.0149507522583,75.217887878418
"2004-04-14",13.3363981246948,19.6085720062256,20.8428897857666,8.03106880187988,75.3374404907227
"2004-04-15",13.4567031860352,19.7163066864014,21.0258007049561,8.13850975036621,75.0517883300781
"2004-04-16",13.4714994430542,19.7658786773682,21.1124439239502,8.20297336578369,75.629768371582
"2004-04-19",13.5196199417114,19.7960395812988,21.0498714447021,8.18417072296143,75.629768371582
"2004-04-20",13.1457719802856,19.3974056243896,20.8428897857666,8.01764297485352,74.3607788085938
"2004-04-21",13.0680408477783,19.3650779724121,20.6744060516357,7.99078512191772,74.8590927124023
"2004-04-22",13.2364587783813,19.7809562683105,20.8428897857666,8.14925289154053,75.9088363647461
"2004-04-23",13.2938318252563,19.7572498321533,20.6840381622314,8.08479309082031,75.9819564819336
"2004-04-26",13.4548463821411,19.8779315948486,20.7032947540283,8.13045120239258,75.8756866455078
"2004-04-27",13.6695289611816,20.0158252716064,21.0595016479492,8.29966640472412,75.9421005249023
"2004-04-28",13.6491727828979,19.768030166626,20.7562351226807,8.18148326873779,74.9587326049805
"2004-04-29",13.2031478881836,19.4685134887695,20.4770545959473,7.98540925979614,74.3009719848633
"2004-04-30",13.1957330703735,19.7163066864014,20.4818706512451,8.0149507522583,73.7229385375977
"2004-05-03",13.6769304275513,20.0804767608643,21.0258007049561,8.20028686523438,74.5136184692383
"2004-05-04",13.6787843704224,20.0567646026611,20.9487838745117,8.20565795898438,74.4537963867188
"2004-05-05",13.9193801879883,20.3390483856201,21.1750202178955,8.23251628875732,74.9321594238281
"2004-05-06",13.7898235321045,20.1515769958496,21.0980129241943,8.19223308563232,74.287712097168
"2004-05-07",13.5362758636475,19.748628616333,20.818811416626,7.9934663772583,73.0585632324219
"2004-05-10",13.2845821380615,19.2142448425293,20.241189956665,7.76247215270996,72.3077392578125
"2004-05-11",13.5455360412598,19.5999641418457,20.6384544372559,7.89677047729492,72.9189987182617
"2004-05-12",13.5288763046265,19.7874240875244,20.8322486877441,7.94511651992798,73.3841018676758
"2004-05-13",13.3948373794556,19.7960395812988,20.7014350891113,7.92363262176514,73.0784912109375
"2004-05-14",13.651743888855,19.9727268218994,20.9630451202393,8.01764297485352,73.111701965332
"2004-05-17",13.6908407211304,19.8836860656738,20.8564701080322,8.01764297485352,72.4871597290039
"2004-05-18",13.4395141601562,19.5883045196533,20.6820507049561,7.89945936203003,72.8525848388672
"2004-05-19",13.2645149230957,19.5275001525879,20.6384544372559,7.86453485488892,72.60009765625
"2004-05-20",13.154670715332,19.4384460449219,20.7014350891113,7.85648012161255,72.8326110839844
"2004-05-21",13.1193056106567,19.4623413085938,20.6384544372559,7.81888198852539,72.9588775634766
"2004-05-24",13.5065307617188,19.5839595794678,20.7353515625,7.99615383148193,73.2645034790039
"2004-05-25",13.7317981719971,19.9097557067871,21.2295017242432,8.13045120239258,74.3142700195312
"2004-05-26",13.6610479354858,19.7599029541016,21.0986938476562,8.06330108642578,74.5733947753906
"2004-05-27",13.4916400909424,19.5926609039307,21.0114917755127,7.95048666000366,74.9919738769531
"2004-05-28",13.651743888855,19.6339244842529,20.9533500671387,7.99078512191772,74.9853210449219
"2004-06-01",14.0017499923706,19.8293800354004,21.1713676452637,8.100905418396,74.8856735229492
"2004-06-02",13.903076171875,19.8445892333984,21.2101268768311,8.08479309082031,75.1647186279297
"2004-06-03",13.9421691894531,19.7511978149414,21.0986938476562,8.01226711273193,74.4737014770508
"2004-06-04",13.7653093338013,19.590482711792,21.0114917755127,7.97197818756104,75.0650253295898
"2004-06-07",14.1115808486938,20.016170501709,21.316707611084,8.11971092224121,76.2078399658203
"2004-06-08",13.9179668426514,19.7968158721924,21.2634220123291,8.08479309082031,76.3141326904297
"2004-06-09",13.7950992584229,19.5470409393311,21.0502490997314,8.0203275680542,75.6032257080078
"2004-06-10",13.9719514846802,19.7186164855957,21.3070220947266,8.12239265441895,75.9753036499023
"2004-06-14",13.748556137085,19.5470409393311,21.2440376281738,8.06061553955078,75.2245025634766
"2004-06-15",13.8881778717041,19.6773529052734,21.3554649353027,8.17611217498779,75.7560653686523
"2004-06-16",14.1506824493408,19.9792499542236,21.6703777313232,8.33458518981934,75.7427749633789
"2004-06-17",14.2288656234741,20.1508369445801,21.6897583007812,8.39636421203613,75.629768371582
"2004-06-18",14.2772769927979,20.289831161499,21.7914943695068,8.41901206970215,75.7725067138672
"2004-06-21",14.2679653167725,20.2637710571289,21.6703777313232,8.40014171600342,75.4857559204102
"2004-06-22",14.3684911727905,20.3788814544678,21.7527275085449,8.45676898956299,75.8658676147461
"2004-06-23",14.6384410858154,20.6069278717041,22.0240345001221,8.59969425201416,76.5193786621094
"2004-06-24",14.5397787094116,20.5026798248291,21.9319877624512,8.54846000671387,76.2793197631836
"2004-06-25",14.3703594207764,20.2833156585693,21.4378318786621,8.49991607666016,75.9125366210938
"2004-06-28",14.1599893569946,20.1595115661621,21.5008068084717,8.37856388092041,75.652458190918
"2004-06-29",14.0836515426636,20.2941627502441,21.5928554534912,8.42441082000732,75.9658966064453
"2004-06-30",14.2028007507324,20.4396934509277,21.5153427124023,8.48913097381592,76.3726348876953
"2004-07-01",14.2232837677002,20.3006896972656,21.6025543212891,8.49991607666016,75.3123779296875
"2004-07-02",14.1841917037964,20.2529067993164,21.6655426025391,8.53227710723877,75.2723693847656
"2004-07-06",14.2214193344116,20.2833156585693,21.8496284484863,8.55385112762451,74.612174987793
"2004-07-07",14.403865814209,20.2941627502441,21.9804382324219,8.60508155822754,74.8322906494141
"2004-07-08",14.3461532592773,20.2746238708496,21.9562149047852,8.56194019317627,74.3121719360352
"2004-07-09",14.4001369476318,20.4049434661865,22.0191955566406,8.6104793548584,74.5055236816406
"2004-07-12",14.3126449584961,20.3723678588867,22.014347076416,8.56194019317627,74.5388565063477
"2004-07-13",14.2940340042114,20.4114513397217,21.9029273986816,8.54036617279053,74.5922012329102
"2004-07-14",14.5397787094116,20.5786952972412,22.0240345001221,8.6428394317627,74.3654632568359
"2004-07-15",14.6924324035645,20.587381362915,21.9562149047852,8.69946956634521,73.8853607177734
"2004-07-16",14.8004035949707,20.7198677062988,22.2033042907715,8.80463695526123,73.8253402709961
"2004-07-19",14.7296628952026,20.6699066162109,22.2372093200684,8.774977684021,73.5119476318359
"2004-07-20",14.7594499588013,20.5830326080322,22.2372093200684,8.74801254272461,74.4455108642578
"2004-07-21",14.4615802764893,20.4005947113037,21.8835411071777,8.59160232543945,73.0718078613281
"2004-07-22",14.4857788085938,20.4679279327393,21.9901275634766,8.61856746673584,73.2718276977539
"2004-07-23",14.3666315078735,20.3506507873535,21.9562149047852,8.58620643615723,72.6583786010742
"2004-07-26",14.1730165481567,20.2985134124756,21.961051940918,8.51069927215576,72.5183334350586
"2004-07-27",14.3163661956787,20.3832206726074,21.9998092651367,8.59699630737305,73.1985321044922
"2004-07-28",14.3519439697266,20.4831237792969,22.1935997009277,8.65632247924805,73.4185485839844
"2004-07-29",14.6215257644653,20.7372360229492,22.3001918792725,8.71834659576416,73.7319946289062
"2004-07-30",14.7469654083252,20.7741565704346,22.4309883117676,8.75070858001709,73.9120483398438
"2004-08-02",14.7731781005859,20.9544277191162,22.406774520874,8.73992156982422,74.0653915405273
"2004-08-03",14.7956428527832,21.4279079437256,22.7168312072754,8.84508800506592,73.4919281005859
"2004-08-04",14.3594284057617,20.9804935455322,22.4019355773926,8.64014434814453,73.4852828979492
"2004-08-05",14.2096567153931,20.8067493438721,22.2033042907715,8.51069927215576,72.2849655151367
"2004-08-06",13.8389663696289,20.3767166137695,21.8593158721924,8.3408145904541,71.2513885498047
"2004-08-09",14.058009147644,20.5526275634766,22.07248878479,8.4756441116333,71.3513946533203
"2004-08-10",13.8951301574707,20.4744491577148,21.9416751861572,8.44328594207764,72.271598815918
"2004-08-11",13.7135334014893,20.60475730896,21.995288848877,8.40014171600342,72.1249313354492
"2004-08-12",13.5862321853638,20.4961528778076,21.7174797058105,8.29227161407471,71.3380661010742
"2004-08-13",13.7547273635864,20.7633075714111,21.8929405212402,8.39474487304688,71.4781112670898
"2004-08-16",13.9026193618774,20.9935245513916,21.9757957458496,8.44598388671875,72.2182693481445
"2004-08-17",13.5506582260132,20.6168365478516,21.6200065612793,8.25182151794434,72.6250534057617
"2004-08-18",13.6948118209839,20.6234149932861,21.8393325805664,8.35968685150146,73.3718719482422
"2004-08-19",13.8464555740356,20.3890781402588,21.9757957458496,8.38665103912354,73.1585540771484
"2004-08-20",13.8838996887207,20.6255950927734,22.0537719726562,8.47294998168945,73.6719741821289
"2004-08-23",13.7565937042236,20.3934650421143,21.9270496368408,8.36777973175049,73.4852828979492
"2004-08-24",13.5450372695923,20.4328804016113,21.8588256835938,8.34620666503906,73.5852737426758
"2004-08-25",13.4907484054565,20.5423889160156,22.024543762207,8.40014171600342,74.0854187011719
"2004-08-26",13.6105613708496,20.6978759765625,22.0537719726562,8.45946598052979,74.0854187011719
"2004-08-27",13.7285099029541,20.859935760498,22.1463718414307,8.51340007781982,74.3188095092773
"2004-08-30",13.7004356384277,20.9146823883057,21.995288848877,8.4756441116333,73.7053298950195
"2004-08-31",13.9344549179077,21.3526878356934,22.46803855896,8.61587142944336,74.0920639038086
"2004-09-01",14.1815776824951,21.6089172363281,22.6337604522705,8.76688861846924,74.2321472167969
"2004-09-02",14.2845430374146,21.8366851806641,22.8969402313232,8.83699893951416,75.0723190307617
"2004-09-03",14.2639503479004,21.8498268127441,22.9359302520752,8.85587787628174,74.7655868530273
"2004-09-07",14.2920303344727,21.8826732635498,22.9797954559326,8.84508800506592,75.2590484619141
"2004-09-08",14.3538160324097,21.8563976287842,22.940803527832,8.85317707061768,75.0723190307617
"2004-09-09",14.6065540313721,22.1367149353027,23.1406288146973,8.97992134094238,75.0056457519531
"2004-09-10",14.542896270752,21.9111404418945,23.087007522583,8.93138027191162,75.3924331665039
"2004-09-13",14.5503845214844,22.3119106292725,23.1503677368164,8.99340724945068,75.6391372680664
"2004-09-14",14.6739454269409,22.4345569610596,23.1357517242432,9.03385829925537,75.7925262451172
"2004-09-15",14.640251159668,22.355712890625,23.1162548065186,9.00419330596924,75.2190170288086
"2004-09-16",14.6571006774902,22.3250560760498,23.1747398376465,9.03115844726562,75.4457244873047
"2004-09-17",14.814356803894,22.7499370574951,23.5743846893311,9.18358898162842,75.7665176391602
"2004-09-20",14.8761548995972,22.7893352508545,23.4964122772217,9.18629550933838,75.3111877441406
"2004-09-21",15.3853702545166,23.4419708251953,24.1202564239502,9.41371917724609,75.6393280029297
"2004-09-22",15.2580680847168,23.2755298614502,23.81321144104,9.35415840148926,74.6951293945312
"2004-09-23",15.2037696838379,22.9163551330566,23.2770862579346,9.26751899719238,74.293327331543
"2004-09-24",15.2955026626587,23.1397495269775,23.3112125396729,9.37310981750488,74.634880065918
"2004-09-27",15.1756916046143,23.520809173584,23.3745594024658,9.3676929473877,74.159423828125
"2004-09-28",15.578200340271,23.6828708648682,23.652364730835,9.52743053436279,74.5143203735352
"2004-09-29",15.2711658477783,23.4901447296143,23.4671630859375,9.40018177032471,74.8893127441406
"2004-09-30",15.5108051300049,23.494535446167,23.5548915863037,9.4570369720459,74.8357391357422
"2004-10-01",15.7392024993896,23.6171703338623,23.8278255462646,9.59241104125977,76.101318359375
"2004-10-04",15.8515300750732,23.5908889770508,23.8424491882324,9.58158016204834,76.2285461425781
"2004-10-05",16.2315883636475,23.8493213653564,24.0374050140381,9.68445873260498,76.2687454223633
"2004-10-06",16.634090423584,24.2698059082031,24.3834381103516,9.86314678192139,76.7909851074219
"2004-10-07",16.3139514923096,24.1865730285645,24.2420978546143,9.78734302520752,75.9673767089844
"2004-10-08",16.489933013916,24.2172431945801,24.2908477783203,9.79818153381348,75.3379669189453
"2004-10-11",16.3158340454102,24.0507926940918,24.2664623260498,9.71424293518066,75.6459655761719
"2004-10-12",15.9882049560547,23.858081817627,24.0617694854736,9.60324287414551,75.3513488769531
"2004-10-13",15.5407552719116,23.3499870300293,23.6279964447021,9.40289306640625,74.6884384155273
"2004-10-14",15.5987901687622,23.38503074646,23.740104675293,9.47870063781738,74.0857849121094
"2004-10-15",15.7242345809937,23.3894081115723,23.891185760498,9.51930618286133,74.5009231567383
"2004-10-18",15.3853702545166,23.1747760772705,23.7595844268799,9.39206218719482,74.7821960449219
"2004-10-19",15.3516731262207,23.1047115325928,23.54514503479,9.36498546600342,74.1527481079102
"2004-10-20",15.6437282562256,23.3762702941895,23.8180828094482,9.57075119018555,74.0054397583008
"2004-10-21",15.675555229187,23.38503074646,23.7888412475586,9.6248950958252,74.4875564575195
"2004-10-22",15.8758764266968,23.3631248474121,23.735237121582,9.60594940185547,73.650505065918
"2004-10-25",15.8983459472656,23.4069194793701,23.7888412475586,9.61406707763672,73.5634918212891
"2004-10-26",16.181037902832,23.6302967071533,24.07151222229,9.71965885162354,74.6884384155273
"2004-10-27",15.9908456802368,23.2010726928711,23.8570652008057,9.55179882049561,75.5857009887695
"2004-10-28",15.6255311965942,22.9820652008057,23.6913681030273,9.38393974304199,75.8133697509766
"2004-10-29",15.8759765625,23.2404766082764,23.988655090332,9.51389503479004,75.7999725341797
"2004-11-01",15.8100776672363,23.192310333252,23.7937088012695,9.4570369720459,76.0075988769531
"2004-11-02",15.7102756500244,22.8200016021729,23.603630065918,9.31625461578369,76.0343475341797
"2004-11-03",16.1000633239746,23.288667678833,24.0130271911621,9.50306224822998,76.9918746948242
"2004-11-04",16.4484252929688,23.8186569213867,24.4614219665527,9.61677551269531,78.0431518554688
"2004-11-05",16.6386184692383,23.8843517303467,24.5588798522949,9.67363262176514,78.5320053100586
"2004-11-08",16.3392105102539,23.3718872070312,24.4516696929932,9.51389503479004,78.4181518554688
"2004-11-09",16.2864952087402,23.1134605407715,24.1625556945801,9.42725467681885,78.2641754150391
"2004-11-10",16.4333686828613,23.0608940124512,24.3389644622803,9.5382604598999,78.3244018554688
"2004-11-11",16.3373317718506,23.179162979126,24.3340682983398,9.51930618286133,78.9203643798828
"2004-11-12",16.5501003265381,23.9018669128418,24.7064800262451,9.71965885162354,79.5431213378906
"2004-11-15",16.2883701324463,23.2010726928711,24.2948684692383,9.50848007202148,79.7385482788086
"2004-11-16",16.2186946868896,23.1878280639648,24.2115669250488,9.50848007202148,79.1676788330078
"2004-11-17",16.3297939300537,23.5673789978027,24.5006637573242,9.65738296508789,79.6378173828125
"2004-11-18",16.2431793212891,23.6512279510498,24.5251693725586,9.73320198059082,79.7452392578125
"2004-11-19",16.4634914398193,23.7880363464355,24.6868801116943,9.84962177276611,78.8587875366211
"2004-11-22",16.7346611022949,24.1852397918701,24.9465770721436,10.006646156311,79.2348403930664
"2004-11-23",16.8909492492676,24.0793285369873,25.0886821746826,10.0689191818237,79.3557586669922
"2004-11-24",16.926721572876,24.0881538391113,25.2307910919189,10.1528482437134,79.5438079833984
"2004-11-26",17.0152263641357,24.2029113769531,25.3091945648193,10.1961641311646,79.4833221435547
"2004-11-29",16.9530944824219,24.1234550476074,25.1719913482666,10.1420192718506,79.1206970214844
"2004-11-30",17.1338596343994,24.0969715118408,25.1131763458252,10.1555557250977,79.1744155883789
"2004-12-01",16.8118591308594,23.6026725769043,25.0641841888428,9.91188335418701,80.0743637084961
"2004-12-02",16.1848030090332,23.1613502502441,24.5839672088623,9.64926147460938,80.1415023803711
"2004-12-03",16.2883701324463,23.2098941802979,24.6329746246338,9.74402904510498,80.0877914428711
"2004-12-06",16.3071937561035,23.3069915771484,24.5692672729492,9.74943923950195,80.0609130859375
"2004-12-07",15.958836555481,23.006872177124,24.3536643981934,9.54638290405273,79.3154373168945
"2004-12-08",16.1226654052734,23.2540168762207,24.5104675292969,9.61136627197266,79.7788696289062
"2004-12-09",16.1264247894287,23.2937393188477,24.6574764251709,9.69258499145508,80.0609130859375
"2004-12-10",15.958836555481,23.2143020629883,24.5741786956787,9.6248950958252,80.1415023803711
"2004-12-13",16.1584320068359,23.6777172088623,24.8289756774902,9.79547023773193,80.839973449707
"2004-12-14",16.3166160583496,23.4261379241943,24.8240737915039,9.82525157928467,81.1220550537109
"2004-12-15",16.4841957092285,23.2496032714844,24.7505664825439,9.89834690093994,81.1824722290039
"2004-12-16",16.39381980896,22.9362678527832,24.5496654510498,9.79818153381348,81.1354522705078
"2004-12-17",16.3806324005127,22.8259429931641,24.4026508331299,9.79572772979736,80.5943069458008
"2004-12-20",16.5708312988281,23.1966419219971,25.0200786590576,9.91528987884521,80.6145706176758
"2004-12-21",16.5576477050781,23.2937393188477,25.3287906646729,9.99952030181885,81.2353210449219
"2004-12-22",16.3674564361572,23.0818996429443,25.1327857971191,9.86366081237793,81.4309997558594
"2004-12-23",16.4107685089111,23.2451953887939,25.4659938812256,9.92072677612305,81.4917602539062
"2004-12-27",16.2036361694336,22.9539127349854,24.9318828582764,9.7468204498291,81.3230590820312
"2004-12-28",16.2977828979492,23.1436901092529,25.0151767730713,9.81474781036377,81.7684020996094
"2004-12-29",16.4408874511719,23.3599376678467,25.0543804168701,9.88811588287354,81.8898391723633
"2004-12-30",16.3429756164551,23.1790065765381,25.0053787231445,9.84463787078857,81.7346725463867
"2004-12-31",16.3505058288574,23.17458152771,25.1180896759033,9.86909866333008,81.5592193603516
"2005-01-03",15.8383207321167,22.4640350341797,24.5447692871094,9.50498104095459,81.1746292114258
"2005-01-04",15.734748840332,22.3095645904541,24.3781642913818,9.45606899261475,80.1826705932617
"2005-01-05",15.8515033721924,22.4551963806152,24.2507610321045,9.41531562805176,79.6294021606445
"2005-01-06",16.0812358856201,22.8303413391113,24.5594692230225,9.57834529876709,80.0342330932617
"2005-01-07",15.9795503616333,22.5743675231934,24.3977565765381,9.50226402282715,79.9195404052734
"2005-01-10",16.1245441436768,22.6758804321289,24.4908714294434,9.57291316986084,80.2973937988281
"2005-01-11",16.1188945770264,22.6846981048584,24.4271640777588,9.58650207519531,79.7440872192383
"2005-01-12",16.4333686828613,23.1657581329346,24.7897701263428,9.75496959686279,80.0072326660156
"2005-01-13",16.6838130950928,22.9759769439697,24.7701683044434,9.82018184661865,79.3662414550781
"2005-01-14",16.7628955841064,23.0818996429443,25.0249900817871,9.90713787078857,79.7845993041992
"2005-01-18",16.970027923584,23.4305763244629,25.2356796264648,10.0049591064453,80.6145706176758
"2005-01-19",16.8099765777588,23.2540168762207,25.0151767730713,9.96962928771973,79.7710876464844
"2005-01-20",16.5199890136719,22.931848526001,24.8534717559814,9.86909866333008,79.2852783203125
"2005-01-21",16.4390106201172,22.9406852722168,24.7162742614746,9.89083290100098,78.7994232177734
"2005-01-24",16.6593265533447,23.2010707855225,25.0543804168701,9.97778606414795,78.6442413330078
"2005-01-25",16.7403030395508,23.4084949493408,25.152379989624,10.0185413360596,78.8668823242188
"2005-01-26",17.0397052764893,23.6291618347168,25.3336849212646,10.1163673400879,79.1030883789062
"2005-01-27",17.1357383728027,23.8586559295654,25.3582000732422,10.206036567688,79.2380294799805
"2005-01-28",17.1338596343994,23.7086048126221,25.122974395752,10.0837593078613,79.2380294799805
"2005-01-31",17.4728031158447,24.0087203979492,25.2846870422363,10.2033195495605,79.730583190918
"2005-02-01",17.8155136108398,24.3397216796875,26.1030025482178,10.3772239685059,80.2366561889648
"2005-02-02",17.9040145874023,24.5074195861816,26.4264278411865,10.5212373733521,80.479621887207
"2005-02-03",18.0490226745605,24.8207740783691,26.7155361175537,10.5728635787964,80.2704315185547
"2005-02-04",18.1186943054199,25.0414371490479,27.0928382873535,10.6109066009521,81.1273727416992
"2005-02-07",18.0942096710205,24.8295936584473,27.1467361450195,10.5402641296387,81.0194244384766
"2005-02-08",18.2090740203857,24.9796390533447,27.4668025970459,10.6163415908813,81.1139068603516
"2005-02-09",18.2391986846924,24.7854652404785,27.3486289978027,10.5973196029663,80.5065841674805
"2005-02-10",18.7306804656982,25.3327159881592,27.7425479888916,10.888069152832,80.7967376708984
"2005-02-11",18.7439250946045,25.6681327819824,27.6293067932129,10.9831714630127,81.4917602539062
"2005-02-14",19.1091938018799,25.8236675262451,27.9838466644287,10.9967622756958,81.4309997558594
"2005-02-15",19.1867904663086,25.8503360748291,28.0281715393066,11.0212144851685,81.7346725463867
"2005-02-16",19.7413101196289,26.4413814544678,28.7963237762451,11.3309841156006,81.7886199951172
"2005-02-17",19.6826438903809,26.0458698272705,28.6239852905273,11.1788101196289,81.1273727416992
"2005-02-18",20.1084651947021,26.5435905456543,29.2542686462402,11.4260873794556,81.2353210449219
"2005-02-22",20.0516948699951,26.3702774047852,28.6830787658691,11.3445730209351,80.0274887084961
"2005-02-23",20.2882671356201,26.7346897125244,29.2591857910156,11.4885835647583,80.6010513305664
"2005-02-24",20.8522453308105,27.1790657043457,30.1012134552002,11.7141151428223,81.1341400146484
"2005-02-25",21.2572574615479,27.5257053375244,31.1500625610352,12.002142906189,81.9371109008789
"2005-02-28",20.9866161346436,27.5879058837891,31.1746845245361,11.9151887893677,81.3972778320312
"2005-03-01",20.5342998504639,27.0813064575195,30.5788536071777,11.6842231750488,81.8021621704102
"2005-03-02",20.7235527038574,27.361270904541,30.864465713501,11.8554086685181,81.7616577148438
"2005-03-03",20.9317264556885,27.1923999786377,31.0466556549072,12.0510540008545,81.7953643798828
"2005-03-04",21.2364368438721,27.423490524292,31.3027114868164,12.205940246582,82.8143005371094
"2005-03-07",21.1588439941406,27.2857265472412,31.0220413208008,12.1217079162598,82.8547744750977
"2005-03-08",20.7443771362305,27.330171585083,31.0712833404541,12.1081161499023,82.5443954467773
"2005-03-09",20.1747093200684,26.5569229125977,29.933801651001,11.7738962173462,81.6266937255859
"2005-03-10",19.9778823852539,25.9925479888916,29.7269859313965,11.5347814559937,81.8089065551758
"2005-03-11",19.9835510253906,25.908109664917,30.0618286132812,11.6298732757568,81.2353210449219
"2005-03-14",20.1179275512695,26.1925239562988,30.1750717163086,11.7141151428223,81.7414016723633
"2005-03-15",19.817008972168,25.8503360748291,29.7171363830566,11.5510787963867,81.066650390625
"2005-03-16",20.1576824188232,26.0458698272705,29.6875820159912,11.5891199111938,80.3783874511719
"2005-03-17",20.4339752197266,26.4191589355469,30.2784862518311,11.7901964187622,80.5402984619141
"2005-03-18",20.8654918670654,26.8324413299561,30.8496875762939,11.9357833862305,80.3011932373047
"2005-03-21",20.6478538513184,26.6724700927734,30.6034870147705,11.8321895599365,80.0031356811523
"2005-03-22",20.2560901641846,26.2947311401367,29.9879684448242,11.6904172897339,79.1902542114258
"2005-03-23",19.8908195495605,25.9614391326904,29.5890979766846,11.4668569564819,79.2579345703125
"2005-03-24",19.8321437835693,25.868106842041,29.052375793457,11.4586811065674,79.3527984619141
"2005-03-28",19.9192161560059,25.9036712646484,28.9982204437256,11.4723176956177,79.4679870605469
"2005-03-29",19.6126194000244,25.725902557373,28.6929206848145,11.2869205474854,78.9395904541016
"2005-03-30",19.9532814025879,25.890323638916,29.1705684661865,11.4559516906738,80.0573272705078
"2005-03-31",20.409387588501,25.912561416626,29.3478221893311,11.6876955032349,79.9082946777344
"2005-04-01",20.8711681365967,26.3569488525391,29.8156204223633,11.9766788482666,79.5492477416992
"2005-04-04",20.9260501861572,25.3215103149414,29.8648529052734,11.8730792999268,79.6847534179688
"2005-04-05",20.5002307891846,24.7571353912354,29.574333190918,11.723126411438,80.0640640258789
"2005-04-06",20.9828357696533,25.4326152801514,29.9879684448242,11.908522605896,80.3418502807617
"2005-04-07",20.8844127655029,25.7570190429688,29.9633388519287,11.8621692657471,80.7753677368164
"2005-04-08",20.6535110473633,25.1926345825195,29.5497169494629,11.6467905044556,79.9354019165039
"2005-04-11",20.8806438446045,25.2726249694824,29.6875820159912,11.7340364456177,79.9963607788086
"2005-04-12",20.4926662445068,24.7704563140869,29.7565269470215,11.5486497879028,80.4095611572266
"2005-04-13",19.9286785125732,24.1171932220459,29.1262397766113,11.2651090621948,79.4611663818359
"2005-04-14",19.8472938537598,23.8950061798096,28.9292850494385,11.259654045105,78.4247436523438
"2005-04-15",18.9388561248779,23.2017478942871,27.6687030792236,10.8316268920898,77.3273239135742
"2005-04-18",19.4309387207031,23.3750667572021,28.19065284729,11.027925491333,77.5644378662109
"2005-04-19",19.7867298126221,23.7039203643799,28.8701858520508,11.2869205474854,78.1808700561523
"2005-04-20",19.5444869995117,23.130651473999,28.1364879608154,11.0551853179932,77.0902328491211
"2005-04-21",20.002498626709,23.7083568572998,29.1902542114258,11.4368677139282,78.5873031616211
"2005-04-22",20.2428321838379,23.9394378662109,29.2591857910156,11.4614067077637,78.2892532348633
"2005-04-25",20.5721492767334,24.1616458892822,29.5251026153564,11.6222581863403,78.8041076660156
"2005-04-26",20.2030849456787,23.8283500671387,29.1853351593018,11.43141746521,78.0386047363281
"2005-04-27",19.625862121582,23.1084384918213,28.7470817565918,11.1369762420654,78.3434295654297
"2005-04-28",19.4479598999023,22.7307014465332,27.5751399993896,10.9134187698364,77.361213684082
"2005-04-29",19.8435096740723,23.1084384918213,28.0823287963867,11.0551853179932,78.4111938476562
"2005-05-02",20.19362449646,23.6461486816406,28.4319458007812,11.2542037963867,78.8515090942383
"2005-05-03",19.5880126953125,23.4017353057861,27.8213424682617,10.9897537231445,78.9869766235352
"2005-05-04",19.6920986175537,23.5572700500488,28.1808090209961,11.1178913116455,79.5966796875
"2005-05-05",19.8737888336182,23.6861419677734,28.4614696502686,11.2378482818604,79.5695648193359
"2005-05-06",19.8567638397217,23.43727684021,28.3630027770996,11.2051334381104,79.3189239501953
"2005-05-09",20.2049789428711,23.752799987793,28.5648975372314,11.3550806045532,79.8134384155273
"2005-05-10",19.8529739379883,23.5439395904541,28.1808090209961,11.1642389297485,78.9869766235352
"2005-05-11",20.0573749542236,23.7305889129639,28.3540191650391,11.2323961257935,79.4205551147461
"2005-05-12",19.0979137420654,23.130651473999,27.1315765380859,10.7416648864746,78.5466613769531
"2005-05-13",18.7533378601074,22.7884750366211,26.5772666931152,10.578085899353,78.3908309936523
"2005-05-16",18.4239940643311,22.4462871551514,26.4040451049805,10.5317335128784,79.1224822998047
"2005-05-17",18.8275852203369,23.0785045623779,26.6564521789551,10.7198457717896,79.65087890625
"2005-05-18",18.9989070892334,23.0695400238037,26.5525283813477,10.6980419158936,80.4705123901367
"2005-05-19",19.2958946228027,23.3878955841064,27.1365280151367,10.8916082382202,80.8092422485352
"2005-05-20",19.2482948303223,23.1906261444092,26.7306861877441,10.8098154067993,80.694091796875
"2005-05-23",19.6747188568115,23.5717372894287,27.0969295501709,10.9897537231445,81.1412200927734
"2005-05-24",19.8631858825684,23.6076145172119,27.2404632568359,11.0360994338989,80.9515228271484
"2005-05-25",20.0535621643066,23.9080295562744,27.5571994781494,11.2051334381104,80.8905334472656
"2005-05-26",20.0040645599365,24.0873947143555,27.8244667053223,11.2623910903931,81.324089050293
"2005-05-27",20.4742755889893,24.4730052947998,28.1115226745605,11.4504995346069,81.4595947265625
"2005-05-31",20.5294933319092,24.1142902374268,27.8145732879639,11.3632555007935,80.9379730224609
"2005-06-01",20.96923828125,24.5492324829102,28.2847366333008,11.5786399841309,81.6289367675781
"2005-06-02",20.9140300750732,24.6478710174561,28.3688812255859,11.5568246841431,81.8050537109375
"2005-06-03",20.944486618042,24.6882343292236,28.2847366333008,11.6222581863403,81.3918151855469
"2005-06-06",21.0130138397217,24.5940647125244,28.5074577331543,11.6576976776123,81.3173217773438
"2005-06-07",20.8036212921143,24.5626773834229,28.4332275390625,11.5459232330322,81.378303527832
"2005-06-08",20.7503204345703,24.5850925445557,28.0768642425537,11.5786399841309,81.2292633056641
"2005-06-09",21.4204158782959,25.114200592041,28.9231929779053,11.9139719009399,81.6153793334961
"2005-06-10",21.2985744476318,25.2442283630371,28.8934955596924,11.9003496170044,81.4257125854492
"2005-06-13",21.3214321136475,25.114200592041,28.9281368255615,11.9466934204102,81.6831207275391
"2005-06-14",21.5308284759521,25.1680011749268,28.9776153564453,12.020299911499,81.8728256225586
"2005-06-15",21.8278102874756,25.4863529205322,29.3240718841553,12.1647911071777,82.0286026000977
"2005-06-16",22.3113555908203,25.9706153869629,29.7546443939209,12.3365516662598,82.2386169433594
"2005-06-17",23.1032867431641,26.4414196014404,30.1357421875,12.5364627838135,82.5432968139648
"2005-06-20",22.8900661468506,26.6073169708252,30.11594581604,12.5501403808594,82.5705108642578
"2005-06-21",22.1704788208008,26.3562316894531,29.4527549743652,12.2848644256592,82.6181259155273
"2005-06-22",22.2390213012695,26.1275463104248,29.5319442749023,12.3559617996216,82.686149597168
"2005-06-23",22.0867156982422,25.706075668335,29.2102432250977,12.3669080734253,81.5230712890625
"2005-06-24",22.1628646850586,25.4190902709961,28.7796821594238,12.2903299331665,80.9245529174805
"2005-06-27",22.6616230010986,25.6701908111572,29.3488140106201,12.4790334701538,81.0401916503906
"2005-06-28",22.1209735870361,25.5580978393555,29.2448844909668,12.2465705871582,81.7203216552734
"2005-06-29",21.9953269958496,25.4504852294922,28.9231929779053,12.2356367111206,81.502685546875
"2005-06-30",21.8887329101562,25.073844909668,28.4431190490723,12.156325340271,81.0606002807617
"2005-07-01",22.5017185211182,25.5446376800537,28.8588542938232,12.4270763397217,81.2986755371094
"2005-07-05",23.3165054321289,26.2575988769531,29.7645511627197,12.7990131378174,81.9515686035156
"2005-07-06",22.8367748260498,25.6298408508301,29.2547779083252,12.5692863464355,81.2646255493164
"2005-07-07",23.0766372680664,25.9168071746826,29.4576988220215,12.7306385040283,81.5842971801758
"2005-07-08",22.9357528686523,25.7195205688477,29.3983058929443,12.6458578109741,82.5161285400391
"2005-07-11",23.1908435821533,25.6926136016846,29.6804180145264,12.7388505935669,82.9377975463867
"2005-07-12",23.4421348571777,25.7867794036865,29.6408367156982,12.8537063598633,83.1554565429688
"2005-07-13",23.415491104126,25.7688312530518,29.5764923095703,12.7798681259155,83.2711181640625
"2005-07-14",22.6692485809326,25.4773864746094,28.9974269866943,12.4735612869263,83.5975494384766
"2005-07-15",22.5969123840332,25.4101314544678,28.7846202850342,12.4079265594482,83.5499725341797
"2005-07-18",22.5397891998291,25.2711162567139,28.7796821594238,12.3559617996216,83.2166595458984
"2005-07-19",23.0614128112793,25.6926136016846,29.0914573669434,12.6212511062622,83.6723709106445
"2005-07-20",23.053783416748,25.8271217346191,29.200345993042,12.6349201202393,83.9580612182617
"2005-07-21",22.8558006286621,25.5446376800537,28.650993347168,12.5118551254272,83.4683303833008
"2005-07-22",23.3203086853027,25.9123229980469,29.4477958679199,12.9603672027588,84.0260238647461
"2005-07-25",23.6934356689453,26.172384262085,29.6655693054199,13.0806999206543,83.7879638671875
"2005-07-26",23.5030574798584,25.9392375946045,29.4972858428955,13.0506172180176,83.8900299072266
"2005-07-27",23.8244953155518,26.154447555542,29.4972858428955,13.1162548065186,84.1960906982422
"2005-07-28",24.2416000366211,26.4279727935791,29.6952705383301,13.1545352935791,84.7266082763672
"2005-07-29",23.9507732391357,26.0109691619873,29.0766143798828,13.0177993774414,84.1620559692383
"2005-08-01",24.1076717376709,26.1992931365967,29.3141746520996,13.1545352935791,84.1008682250977
"2005-08-02",24.6357402801514,26.7059707641602,29.6012439727783,13.373330116272,84.6041793823242
"2005-08-03",24.452054977417,27.0601940155029,29.200345993042,13.3076972961426,84.82861328125
"2005-08-04",24.5592098236084,27.0871067047119,28.962776184082,13.3350381851196,84.1484680175781
"2005-08-05",24.3946590423584,27.0557136535645,28.7499675750732,13.2338466644287,83.5771408081055
"2005-08-08",24.8615093231201,27.4682350158691,29.126106262207,13.4252853393555,83.4207229614258
"2005-08-09",24.7237567901611,27.450288772583,29.4280052185059,13.3952045440674,83.9240036010742
"2005-08-10",25.11789894104,28.0152645111084,29.7910861968994,13.6139888763428,83.8832397460938
"2005-08-11",25.408712387085,28.0242252349854,30.3132915496826,13.745265007019,84.2164688110352
"2005-08-12",25.4928951263428,27.9255714416504,30.3630180358887,13.7206439971924,83.6996002197266
"2005-08-15",25.1944236755371,27.8583240509033,30.0496978759766,13.5866460800171,84.2164688110352
"2005-08-16",24.5209407806396,27.3247356414795,29.3782844543457,13.2885417938232,83.1214294433594
"2005-08-17",23.6101970672607,26.9407844543457,28.9356346130371,12.9822473526001,83.1146545410156
"2005-08-18",23.5719451904297,26.8685035705566,28.9008312225342,12.9548950195312,83.1078414916992
"2005-08-19",24.1344547271729,27.0672607421875,29.2539443969727,13.176417350769,83.2982788085938
"2005-08-22",24.1880321502686,27.2569961547852,29.3782844543457,13.2092342376709,83.2982788085938
"2005-08-23",23.9966869354248,27.1350173950195,29.3434562683105,13.184624671936,83.1418762207031
"2005-08-24",24.1918468475342,27.0266056060791,29.2837905883789,13.3104190826416,82.4004669189453
"2005-08-25",24.1229801177979,27.0311279296875,29.4329776763916,13.2748737335205,82.6997680664062
"2005-08-26",23.679084777832,26.8233222961426,29.0500144958496,13.1244525909424,82.1352005004883
"2005-08-29",24.1344547271729,26.8820533752441,29.0550060272217,13.2311162948608,82.7677688598633
"2005-08-30",24.6472187042236,27.347339630127,29.1494846343994,13.4772491455078,82.3324356079102
"2005-08-31",25.2326908111572,27.7358016967773,29.7910861968994,13.8491878509521,83.3730850219727
"2005-09-01",26.4036273956299,28.3275756835938,30.6763534545898,14.2101793289185,83.3119201660156
"2005-09-02",25.5503005981445,28.1423587799072,30.1790046691895,13.9339656829834,83.1622619628906
"2005-09-06",25.5579528808594,28.160436630249,30.3679943084717,14.0324211120605,84.134895324707
"2005-09-07",25.5158424377441,28.1739883422852,30.5669231414795,14.0542917251587,84.2777099609375
"2005-09-08",25.7148456573486,28.03395652771,30.4873561859131,14.0734424591064,83.9988403320312
"2005-09-09",26.4112892150879,28.8244647979736,31.4323139190674,14.4399137496948,84.7469863891602
"2005-09-12",25.6995429992676,28.5940837860107,31.0941219329834,14.1445484161377,84.5769424438477
"2005-09-13",25.3321781158447,28.1739883422852,30.7708415985107,14.0242195129395,84.1076583862305
"2005-09-14",25.8219947814941,28.2552909851074,31.0692577362061,14.1992416381836,83.8015899658203
"2005-09-15",25.8449630737305,28.2101287841797,31.064281463623,14.1992416381836,83.7607955932617
"2005-09-16",26.4610481262207,28.6302261352539,31.6809825897217,14.338568687439,84.3563995361328
"2005-09-19",26.8551788330078,29.0503253936768,32.1435165405273,14.717059135437,84.0763397216797
"2005-09-20",26.365364074707,28.9283542633057,32.0937843322754,14.5771837234497,83.3659896850586
"2005-09-21",26.9508438110352,29.0322647094727,32.3126182556152,14.7828741073608,82.5873031616211
"2005-09-22",26.6944675445557,28.8063869476318,32.3176040649414,14.6731739044189,82.8810348510742
"2005-09-23",26.1319389343262,28.5805435180664,31.745662689209,14.4153680801392,82.9493408203125
"2005-09-26",26.5490379333496,29.018705368042,32.1286010742188,14.6786613464355,83.0449600219727
"2005-09-27",26.3959693908691,28.991605758667,32.1385536193848,14.689624786377,83.0244522094727
"2005-09-28",26.5949859619141,29.3529739379883,32.1783294677734,14.8103075027466,83.1064224243164
"2005-09-29",27.1345157623291,29.7098293304443,32.2280731201172,14.9529228210449,83.7826843261719
"2005-09-30",26.7518558502197,29.240047454834,31.6014156341553,14.7198047637939,84.0421905517578
"2005-10-03",26.3883399963379,29.1135768890381,31.0792102813721,14.6814002990723,83.7416763305664
"2005-10-04",25.408712387085,28.3862934112549,30.1143321990967,14.1520681381226,82.7990341186523
"2005-10-05",24.2033271789551,28.0249137878418,29.3185863494873,13.6090221405029,81.7130279541016
"2005-10-06",23.7326602935791,27.1033897399902,29.1296043395996,13.2853956222534,81.419319152832
"2005-10-07",24.3372745513916,27.5551319122314,29.64186668396,13.5843439102173,81.6993789672852
"2005-10-10",24.1956729888916,27.2524681091309,29.0947704315186,13.3786401748657,81.0095062255859
"2005-10-11",24.7237567901611,28.0746192932129,29.5423984527588,13.699538230896,80.8933181762695
"2005-10-12",24.2875156402588,27.5370540618896,29.3136215209961,13.436240196228,80.2581100463867
"2005-10-13",23.3614768981934,26.8956108093262,28.9256839752197,13.071460723877,80.2103271484375
"2005-10-14",23.8512783050537,26.8685035705566,29.1644172668457,13.2579746246338,81.0572967529297
"2005-10-17",24.1153202056885,27.0808162689209,29.2738342285156,13.4225244522095,81.3578109741211
"2005-10-18",22.990291595459,25.8792381286621,28.0006237030029,12.7999429702759,80.4767074584961
"2005-10-19",23.5528125762939,26.3535327911377,28.433313369751,13.0879220962524,81.8154907226562
"2005-10-20",22.0986938476562,25.1835784912109,27.453540802002,12.4927711486816,80.3742523193359
"2005-10-21",22.2517566680908,25.4320182800293,27.5380821228027,12.6216707229614,80.6884384155273
"2005-10-24",23.0744857788086,26.1231575012207,28.2741756439209,13.071460723877,81.9384155273438
"2005-10-25",23.8933811187744,26.5025997161865,28.4482345581055,13.3429946899414,81.7745208740234
"2005-10-26",24.0311412811279,26.0463676452637,27.9508819580078,13.2634515762329,81.5354385375977
"2005-10-27",23.4196815490723,25.522367477417,27.6524868011475,12.8877115249634,80.6679534912109
"2005-10-28",24.3272361755371,25.9198913574219,28.0056076049805,13.2387704849243,81.8291244506836
"2005-10-31",25.1425075531006,25.7798385620117,27.9210567474365,13.3896102905273,82.0545120239258
"2005-11-01",25.4347839355469,26.03733253479,28.0503578186035,13.4718971252441,82.3004379272461
"2005-11-02",25.6539688110352,26.4348449707031,28.5377559661865,13.7351884841919,83.1610717773438
"2005-11-03",26.2154388427734,26.8685035705566,29.1296043395996,13.9957437515259,83.5162582397461
"2005-11-04",25.477087020874,26.2044696807861,28.7963905334473,13.5761089324951,83.406982421875
"2005-11-07",25.2848033905029,25.9289264678955,28.3984870910645,13.3402509689331,83.4889373779297
"2005-11-08",25.6155109405518,26.1367111206055,28.6784439086914,13.4526987075806,83.4889373779297
"2005-11-09",25.2232627868652,25.6443405151367,28.7434177398682,13.3292760848999,83.5982360839844
"2005-11-10",24.3772354125977,25.4004058837891,28.2185459136963,12.915135383606,84.2471160888672
"2005-11-11",24.4195365905762,25.5811004638672,28.2535362243652,13.0193576812744,84.5339813232422
"2005-11-14",24.3541736602783,25.5675315856934,28.3185176849365,13.0879220962524,84.4861831665039
"2005-11-15",24.1811046600342,25.6081886291504,28.208553314209,13.1098613739014,84.1788177490234
"2005-11-16",24.8810005187988,26.022554397583,28.583459854126,13.4499540328979,84.3495788574219
"2005-11-17",24.2580108642578,26.1636962890625,28.6834411621094,13.4444637298584,85.1350860595703
"2005-11-18",23.93115234375,26.4596729278564,29.1183261871338,13.4499540328979,85.4697952270508
"2005-11-21",24.7079582214355,26.7966136932373,29.6782112121582,13.7845611572266,85.9000854492188
"2005-11-22",24.7656478881836,26.9195728302002,29.8231678009033,14.0039663314819,86.268928527832
"2005-11-23",24.654125213623,26.7328872680664,29.928150177002,13.9518537521362,86.7675933837891
"2005-11-25",24.6118259429932,26.6554775238037,30.0481128692627,13.9875173568726,86.8358612060547
"2005-11-28",23.7388744354248,26.0362205505371,29.3632869720459,13.5157785415649,86.2211303710938
"2005-11-29",23.5696582794189,26.122730255127,29.1633377075195,13.5377225875854,86.1254959106445
"2005-11-30",23.2697105407715,26.0954036712646,29.0083560943604,13.5898237228394,85.6609954833984
"2005-12-01",24.215726852417,26.7328872680664,29.6682014465332,14.0204257965088,86.5352935791016
"2005-12-02",23.9926795959473,26.9468822479248,29.5282363891602,14.0341396331787,86.6446151733398
"2005-12-05",24.2118816375732,27.1563472747803,29.7481918334961,14.1328735351562,86.4602203369141
"2005-12-06",24.5079917907715,27.3111629486084,29.838171005249,14.1932153701782,86.6241149902344
"2005-12-07",24.2926292419434,27.0015277862549,29.5032367706299,14.141095161438,86.11865234375
"2005-12-08",24.5810546875,27.1472282409668,29.7031860351562,14.3906850814819,86.0640335083008
"2005-12-09",24.2541790008545,26.7829704284668,29.2433071136475,14.2124032974243,86.2894439697266
"2005-12-12",23.5542812347412,27.1290302276611,29.4232730865479,14.3961629867554,86.3714447021484
"2005-12-13",22.3813762664795,26.8011817932129,29.5232448577881,14.3358249664307,86.9588317871094
"2005-12-14",22.3967533111572,26.9924221038818,29.9231624603271,14.5086135864258,87.3003463745117
"2005-12-15",22.6005687713623,26.8740310668945,29.7381896972656,14.3934192657471,87.0476150512695
"2005-12-16",22.0544967651367,26.1864681243896,29.0233497619629,14.0433702468872,86.7674713134766
"2005-12-19",22.5351963043213,25.8404235839844,28.8434009552002,13.9278764724731,86.3211288452148
"2005-12-20",22.6967067718506,25.8950576782227,28.9583759307861,14.1176118850708,86.4035110473633
"2005-12-21",22.823616027832,25.9633636474609,28.7934150695801,14.1478633880615,86.5408554077148
"2005-12-22",22.8620738983154,26.0043334960938,28.5434646606445,14.1313667297363,86.9940719604492
"2005-12-23",22.746696472168,26.0134449005127,28.5434646606445,14.0928678512573,87.0421295166016
"2005-12-27",22.1121807098389,25.4488315582275,27.9285984039307,13.6776475906372,86.1563339233398
"2005-12-28",22.4159870147705,25.8176574707031,28.1185665130615,13.8838787078857,86.3485870361328
"2005-12-29",22.189094543457,25.7129230499268,28.1135730743408,13.7766361236572,85.9640502929688
"2005-12-30",22.3736820220947,25.8495330810547,28.0785579681396,13.8343839645386,85.4971313476562
"2006-01-03",23.2697105407715,26.9013652801514,29.2283115386963,14.491587638855,87.0009536743164
"2006-01-04",23.0735683441162,26.8239459991455,29.278299331665,14.5328435897827,87.4129257202148
"2006-01-05",22.8928337097168,26.4960994720459,29.1333332061768,14.3486022949219,87.4678497314453
"2006-01-06",23.4158382415771,26.978759765625,29.7082118988037,14.7005805969238,88.1957473754883
"2006-01-09",23.4119968414307,26.8421783447266,29.6932067871094,14.6840829849243,88.4223175048828
"2006-01-10",23.3658428192139,26.9742069244385,29.9231624603271,14.8435697555542,88.5116119384766
"2006-01-11",23.3696937561035,27.2474098205566,30.1281108856201,14.9068145751953,88.793098449707
"2006-01-12",23.3696937561035,27.2701835632324,29.8131847381592,14.7995700836182,88.4429244995117
"2006-01-13",23.3658428192139,27.4841785430908,30.4780197143555,14.975564956665,88.3605346679688
"2006-01-17",24.723352432251,28.1671886444092,30.7629680633545,15.3055429458618,88.1202087402344
"2006-01-18",24.3849391937256,27.7300624847412,30.3330612182617,15.1790494918823,87.7699813842773
"2006-01-19",24.6925811767578,28.0488014221191,30.7429523468018,15.4430284500122,88.1064758300781
"2006-01-20",24.8617820739746,27.8302402496338,30.2580718994141,15.5117807388306,86.499641418457
"2006-01-23",24.9617691040039,28.3265533447266,30.5930023193359,15.6822662353516,86.8086471557617
"2006-01-24",24.7964115142822,28.2537002563477,30.4730243682861,15.5887727737427,86.8979034423828
"2006-01-25",24.434928894043,27.8939990997314,30.0981044769287,15.2615413665771,86.9734725952148
"2006-01-26",24.6118259429932,27.4204406738281,29.9681358337402,15.3110437393188,87.4541244506836
"2006-01-27",25.0271472930908,27.4932994842529,30.6379947662354,15.57776927948,88.264404296875
"2006-01-30",25.0925140380859,27.6617679595947,31.5477886199951,15.9352540969849,88.1957473754883
"2006-01-31",24.8810005187988,27.037956237793,31.3678073883057,15.8554992675781,87.5502624511719
"2006-02-01",24.7733383178711,26.7283344268799,30.9679164886475,15.4787769317627,88.1613922119141
"2006-02-02",24.7310371398926,26.6418075561523,30.9679164886475,15.3247909545898,87.1382369995117
"2006-02-03",24.0349750518799,26.1819248199463,30.6879730224609,15.1845502853394,86.7056427001953
"2006-02-06",24.1349716186523,26.7920742034912,30.9779148101807,15.4815244674683,86.9322204589844
"2006-02-07",23.11203956604,26.2912101745605,30.2680778503418,14.8353185653687,86.1631622314453
"2006-02-08",23.1505031585693,26.3594856262207,30.3484764099121,14.8380680084229,86.9459915161133
"2006-02-09",22.8043823242188,25.9087162017822,30.1122913360596,14.4998416900635,86.8017959594727
"2006-02-10",22.823616027832,25.776668548584,29.8660411834717,14.4476003646851,86.9597015380859
"2006-02-13",22.8620738983154,25.7812213897705,29.9514598846436,14.389853477478,86.8017959594727
"2006-02-14",22.7620811462402,25.5746822357178,29.9263401031494,14.2276163101196,87.7218933105469
"2006-02-15",22.5621166229248,25.6848316192627,30.0318737030029,14.1506147384644,88.0309295654297
"2006-02-16",23.1773376464844,25.8408851623535,30.2781219482422,14.4750919342041,88.6901397705078
"2006-02-17",23.6377944946289,26.2402114868164,30.4288902282715,14.5768337249756,88.4497909545898
"2006-02-21",24.3110504150391,26.5752773284912,30.5344161987305,14.8628282546997,88.2300186157227
"2006-02-22",23.9512004852295,26.2723407745361,30.283145904541,14.5850849151611,88.7656631469727
"2006-02-23",23.7732238769531,26.2264366149902,30.0670490264893,14.5685939788818,88.6351928710938
"2006-02-24",24.2723560333252,26.4605331420898,30.3635692596436,14.7473268508911,88.8618087768555
"2006-02-27",23.9473342895508,26.2080745697021,30.1122913360596,14.491587638855,88.8960800170898
"2006-02-28",23.5874881744385,25.9235134124756,29.8358879089355,14.3926029205322,88.0514984130859
"2006-03-01",23.9009113311768,26.2723407745361,30.3233509063721,14.6373414993286,88.8343124389648
"2006-03-02",24.2917213439941,26.1667823791504,30.5796432495117,14.8820667266846,88.8274765014648
"2006-03-03",24.1756267547607,26.1484107971191,30.6449851989746,14.884819984436,88.4154815673828
"2006-03-06",23.4404678344727,25.6343421936035,30.1424427032471,14.3678522109985,88.0102996826172
"2006-03-07",23.0148220062256,25.3910827636719,30.0771083831787,14.1561136245728,87.8729705810547
"2006-03-08",23.0419082641602,25.299295425415,30.0067481994629,14.1561136245728,88.0583877563477
"2006-03-09",22.8832702636719,24.9917659759521,29.6097507476807,14.0543756484985,87.4678497314453
"2006-03-10",22.8561859130859,24.8219509124756,29.7404003143311,14.1313667297363,88.2987060546875
"2006-03-13",23.2779407501221,25.3268299102783,29.9715633392334,14.4090967178345,88.4635238647461
"2006-03-14",23.5371894836426,25.8638381958008,30.5595474243164,14.6758375167847,89.3905410766602
"2006-03-15",23.8622207641602,25.9326953887939,30.665075302124,14.7528276443481,89.7887878417969
"2006-03-16",24.1214733123779,26.501838684082,30.9766712188721,14.9865655899048,89.9741744995117
"2006-03-17",23.7422752380371,26.2448043823242,30.6801605224609,14.7965326309204,90.04931640625
"2006-03-20",23.3282413482666,26.0474300384521,30.4841651916504,14.4683361053467,89.9045867919922
"2006-03-21",23.0186939239502,25.9648170471191,30.514331817627,14.4435138702393,89.339241027832
"2006-03-22",23.4017601013184,25.9281005859375,30.6801605224609,14.5400485992432,89.8838806152344
"2006-03-23",23.6494026184082,25.992359161377,30.7806625366211,14.7551651000977,89.6977310180664
"2006-03-24",23.8970336914062,26.4238014221191,30.7404594421387,14.8544626235962,89.766731262207
"2006-03-27",24.4155235290527,26.7175445556641,30.8007831573486,14.9316806793213,89.6356887817383
"2006-03-28",24.6670360565186,26.5569133758545,30.6299018859863,15.0475120544434,89.0841903686523
"2006-03-29",25.0733299255371,26.9103336334229,30.7957439422607,15.2240228652954,89.6425704956055
"2006-03-30",24.9495029449463,26.8552513122559,30.7153377532959,15.2157516479492,89.4840087890625
"2006-03-31",24.4348754882812,26.6073989868164,30.5846691131592,15.0033826828003,89.5047302246094
"2006-04-03",24.9224166870117,26.7772254943848,30.6700992584229,15.0861196517944,89.4357757568359
"2006-04-04",25.2087440490723,27.03883934021,31.0319347381592,15.2847013473511,90.0079803466797
"2006-04-05",25.7543239593506,27.3096618652344,31.2379665374756,15.5356712341309,90.3182144165039
"2006-04-06",26.0213069915771,27.2683372497559,31.2027931213379,15.5687761306763,90.2216567993164
"2006-04-07",25.5221633911133,26.9195098876953,30.8208789825439,15.2653932571411,89.3047866821289
"2006-04-10",25.8084964752197,27.4106216430664,31.1274242401123,15.5549793243408,89.4426651000977
"2006-04-11",26.0638656616211,27.2912845611572,31.1575603485107,15.4446620941162,88.6843185424805
"2006-04-12",26.0522632598877,26.9286880493164,30.8862037658691,15.342622756958,88.8497695922852
"2006-04-13",25.9787464141846,26.9791717529297,30.9364624023438,15.3922557830811,88.7326049804688
"2006-04-17",26.4391994476318,27.2270450592041,31.1827011108398,15.6763353347778,88.6981048583984
"2006-04-18",27.3330059051514,27.9384632110596,31.9314823150635,16.0596904754639,90.1044692993164
"2006-04-19",27.3871879577637,28.0027103424072,32.3134078979492,16.3079166412354,90.2768173217773
"2006-04-20",27.031192779541,27.5528984069824,32.1224594116211,16.1396732330322,90.4009475708008
"2006-04-21",28.0527038574219,28.2184352874756,32.6651992797852,16.4761447906494,90.4147262573242
"2006-04-24",27.023458480835,27.9935340881348,32.3687019348145,16.225170135498,90.2492523193359
"2006-04-25",26.4082336425781,27.7273235321045,32.1375350952148,16.0155620574951,89.8769912719727
"2006-04-26",25.982608795166,27.6401233673096,31.7103500366211,15.7618284225464,89.8976669311523
"2006-04-27",25.6111583709717,27.5299587249756,31.3686294555664,15.5825634002686,90.3319625854492
"2006-04-28",25.8858814239502,28.0072994232178,31.7003154754639,15.7590665817261,90.6353073120117
"2006-05-01",26.2341156005859,28.0761432647705,31.8711853027344,16.0183238983154,89.8976669311523
"2006-05-02",26.7680950164795,28.8242950439453,32.4993515014648,16.3741054534912,90.5732955932617
"2006-05-03",26.1180419921875,28.4112186431885,32.047061920166,16.1203689575195,90.235466003418
"2006-05-04",25.7504634857178,28.457103729248,31.8159065246582,16.0459022521973,90.5595016479492
"2006-05-05",25.8665294647217,28.6177577972412,32.1626434326172,16.2334403991699,91.3591918945312
"2006-05-08",25.9129676818848,28.461706161499,32.016918182373,16.1617374420166,91.2489013671875
"2006-05-09",25.9903526306152,28.8518238067627,32.1324996948242,16.258264541626,91.4281387329102
"2006-05-10",26.1992931365967,28.8610172271729,32.2638168334961,16.4099445343018,91.3799057006836
"2006-05-11",25.878137588501,28.7829933166504,32.0516929626465,16.1975841522217,90.2768173217773
"2006-05-12",25.2242183685303,28.1725387573242,31.4355220794678,15.6487531661987,89.0979690551758
"2006-05-15",24.5780353546143,27.7961616516113,31.3142910003662,15.3205471038818,89.2772216796875
"2006-05-16",25.0114078521729,28.0072994232178,31.2940807342529,15.3757152557373,89.1462020874023
"2006-05-17",24.5741710662842,27.2851390838623,30.3950748443604,14.9840831756592,87.4502792358398
"2006-05-18",24.2978897094727,27.1740303039551,30.2485904693604,14.8020534515381,87.0091171264648
"2006-05-19",24.4068393707275,27.0675449371338,30.5314388275146,14.8985872268677,87.6226806640625
"2006-05-22",24.3484725952148,26.9518203735352,30.6981163024902,14.8130893707275,86.9539260864258
"2006-05-23",24.3990612030029,26.8962802886963,30.5011177062988,14.8158445358276,86.2920989990234
"2006-05-24",23.7959060668945,26.6648006439209,30.3546619415283,14.6338195800781,86.9815139770508
"2006-05-25",24.4185218811035,27.5397472381592,31.0718631744385,15.1467971801758,88.0569839477539
"2006-05-26",24.6948051452637,27.6971416473389,31.1021690368652,15.1964406967163,88.5050735473633
"2006-05-30",24.1188812255859,27.0583019256592,30.4051628112793,14.9565000534058,86.9332580566406
"2006-05-31",24.6286506652832,27.6786289215088,30.7637672424316,15.3205471038818,87.9052810668945
"2006-06-01",24.7882041931152,27.7665843963623,30.8647899627686,15.3619222640991,88.7463684082031
"2006-06-02",25.103401184082,28.1230354309082,31.1375217437744,15.5908346176147,88.9325103759766
"2006-06-05",24.3367900848389,27.4749374389648,30.329402923584,15.0999174118042,87.6364212036133
"2006-06-06",24.0877437591553,27.2805080413818,30.506196975708,15.0861196517944,87.4226989746094
"2006-06-07",23.5507392883301,26.4657516479492,29.7081832885742,14.5069465637207,86.767822265625
"2006-06-08",23.7725467681885,26.7851715087891,30.0869674682617,14.7110443115234,86.6919631958008
"2006-06-09",23.5701923370361,26.6324043273926,29.6980667114258,14.562108039856,86.4162139892578
"2006-06-12",23.204402923584,26.6601886749268,29.4152221679688,14.2642507553101,85.4786071777344
"2006-06-13",22.5350761413574,26.2852020263672,28.6121635437012,13.8422775268555,84.4858856201172
"2006-06-14",23.138240814209,26.7712841033936,29.1930027008057,14.1980562210083,85.1408081054688
"2006-06-15",24.0293884277344,27.5119762420654,29.8596935272217,14.7386245727539,86.9470443725586
"2006-06-16",23.803674697876,27.1786632537842,29.6980667114258,14.699031829834,86.3134460449219
"2006-06-19",23.0370712280273,26.6231441497803,28.9859142303467,14.1454019546509,85.6348495483398
"2006-06-20",22.8814125061035,26.6231441497803,28.9859142303467,14.0789632797241,85.9256744384766
"2006-06-21",23.2900161743164,26.9795951843262,29.3243236541748,14.3945341110229,86.5627136230469
"2006-06-22",23.6441287994385,27.1555137634277,29.2788715362549,14.4554347991943,86.1818618774414
"2006-06-23",23.8386993408203,27.1786632537842,29.3445224761963,14.7765407562256,86.1680297851562
"2006-06-26",24.1655769348145,27.6276912689209,29.7081832885742,14.9398651123047,86.5488739013672
"2006-06-27",24.4185218811035,27.8221340179443,30.1273803710938,14.96755027771,85.8010406494141
"2006-06-28",24.9594306945801,28.4054317474365,30.8698215484619,15.2249851226807,86.3827056884766
"2006-06-29",25.6715507507324,28.9100227355957,31.5011749267578,15.6568241119385,88.1276779174805
"2006-06-30",25.5003299713135,28.7294769287109,30.9859924316406,15.7094192504883,88.1345596313477
"2006-07-03",26.0023136138916,29.0488986968994,31.3900585174561,15.8782720565796,88.4946136474609
"2006-07-05",26.2941761016846,29.5720081329346,31.5920829772949,15.950249671936,87.9892120361328
"2006-07-06",26.2941761016846,29.6182861328125,32.0567436218262,15.908730506897,88.2453842163086
"2006-07-07",26.1463012695312,29.4794254302979,31.7385501861572,15.6928100585938,87.6706161499023
"2006-07-10",26.2046661376953,29.7525539398193,31.8395576477051,15.7398653030396,87.8368453979492
"2006-07-11",26.4264717102051,30.2293663024902,32.314323425293,16.0277633666992,88.2246017456055
"2006-07-12",26.4420566558838,30.0303211212158,32.3092880249023,15.9723949432373,87.2828826904297
"2006-07-13",26.1034965515137,30.0627403259277,32.3597755432129,15.8201465606689,85.8633880615234
"2006-07-14",26.2474765777588,30.7293262481689,32.7789878845215,16.0056209564209,85.5309829711914
"2006-07-17",25.3524494171143,30.0303211212158,32.3244323730469,15.4879627227783,85.4063415527344
"2006-07-18",25.4575290679932,30.3451061248779,32.6325187683105,15.5073432922363,85.8425674438477
"2006-07-19",25.6404132843018,30.5487861633301,32.6577835083008,15.6679000854492,87.0335922241211
"2006-07-20",25.0722675323486,30.2386360168457,32.4506988525391,15.2886619567871,86.4380798339844
"2006-07-21",24.7609519958496,29.835880279541,32.2890892028809,15.0810451507568,85.8287124633789
"2006-07-24",25.5976181030273,30.6784191131592,33.0113182067871,15.5350332260132,87.3936462402344
"2006-07-25",26.2474765777588,30.993200302124,33.2032508850098,15.8063058853149,87.7052764892578
"2006-07-26",26.6949806213379,31.2478084564209,33.6375999450684,16.1246528625488,87.8229827880859
"2006-07-27",26.6050148010254,31.3542957305908,33.5719451904297,15.9862413406372,87.739875793457
"2006-07-28",26.5815486907959,30.5765705108643,33.8396453857422,15.9917736053467,88.6193008422852
"2006-07-31",26.8514614105225,30.4515743255615,34.2133903503418,16.2353706359863,88.5292587280273
"2006-08-01",26.8632049560547,30.6691627502441,34.4356117248535,16.254753112793,88.0930480957031
"2006-08-02",27.004035949707,30.5395450592041,34.5871353149414,16.2879695892334,88.6885528564453
"2006-08-03",26.9062271118164,30.3219623565674,34.5315933227539,16.1467971801758,88.9239654541016
"2006-08-04",26.8045177459717,30.3960285186768,34.6931915283203,16.0111541748047,88.7716369628906
"2006-08-07",26.4485340118408,30.9376468658447,34.9659423828125,16.1800155639648,88.5638961791992
"2006-08-08",26.4563674926758,31.1089420318604,34.9861526489258,16.0858917236328,88.2246017456055
"2006-08-09",26.9531860351562,31.2385692596436,34.9962501525879,16.2215347290039,87.9268493652344
"2006-08-10",26.6402206420898,31.1783924102783,35.1839828491211,16.0886611938477,88.1969146728516
"2006-08-11",26.7497482299805,31.409839630127,35.3818740844727,16.0969734191895,87.9476547241211
"2006-08-14",26.1394882202148,31.0394973754883,35.1383171081543,15.7647838592529,88.0168685913086
"2006-08-15",26.1981754302979,30.9515419006348,34.8541717529297,15.8450593948364,89.0694046020508
"2006-08-16",26.0925559997559,30.5176448822021,34.2858543395996,15.7786235809326,89.8102645874023
"2006-08-17",25.9282321929932,30.8629016876221,34.5446319580078,15.6679000854492,90.0387954711914
"2006-08-18",25.9751949310303,31.3807754516602,35.0622062683105,15.9114961624146,90.4958114624023
"2006-08-21",26.1590595245361,31.2081604003906,35.4326057434082,16.0166873931885,90.1080322265625
"2006-08-22",26.2451114654541,31.0495223999023,35.6254348754883,16.1246528625488,90.1011428833008
"2006-08-23",25.8147983551025,30.6436176300049,35.3311386108398,15.7869300842285,89.8518753051758
"2006-08-24",25.7795925140381,31.1335048675537,35.8842086791992,15.9917736053467,89.7756805419922
"2006-08-25",25.9360809326172,31.1521625518799,35.7370719909668,16.1163425445557,89.8864517211914
"2006-08-28",25.7013492584229,30.8675670623779,35.5696144104004,15.8838205337524,90.3157730102539
"2006-08-29",25.3062591552734,30.6715927124023,35.2195129394531,15.7841596603394,90.4196472167969
"2006-08-30",24.8407287597656,30.4149913787842,34.6562843322754,15.5184154510498,90.4750289916992
"2006-08-31",24.8133487701416,30.046422958374,34.3366050720215,15.4104566574097,90.4612121582031
"2006-09-01",25.1302070617676,30.2470436096191,34.5547943115234,15.6402177810669,91.0012893676758
"2006-09-05",25.1458530426025,30.9515419006348,34.7476081848145,15.8450593948364,91.1744079589844
"2006-09-06",24.1639671325684,30.4289951324463,34.0879783630371,15.3080368041992,90.3711853027344
"2006-09-07",24.0661659240723,30.5129814147949,34.3467636108398,15.321873664856,89.9557495117188
"2006-09-08",23.6045570373535,29.9624366760254,33.9002304077148,14.934326171875,90.2119369506836
"2006-09-11",23.002124786377,28.9266815185547,32.9513664245605,14.4720458984375,90.3019638061523
"2006-09-12",22.7439403533936,28.642068862915,32.8295860290527,14.3806934356689,91.1882553100586
"2006-09-13",23.1429538726807,29.1086254119873,33.164478302002,14.6796598434448,91.5552673339844
"2006-09-14",22.8612995147705,28.9500045776367,32.8346710205078,14.3530120849609,91.5622024536133
"2006-09-15",22.7282867431641,28.8286991119385,32.8042259216309,14.402174949646,91.7771072387695
"2006-09-18",23.1077461242676,29.3232517242432,33.6414451599121,14.74937915802,91.9022750854492
"2006-09-19",22.8065299987793,28.8753566741943,33.235523223877,14.5271673202515,91.6727600097656
"2006-09-20",22.3957843780518,28.4041347503662,32.5302200317383,14.1382999420166,92.1596069335938
"2006-09-21",22.7713203430176,28.9500045776367,32.8701972961426,14.3188467025757,91.7145233154297
"2006-09-22",22.7048206329346,28.8986835479736,32.9361572265625,14.257737159729,91.4363021850586
"2006-09-25",22.4192523956299,29.010648727417,33.0122528076172,14.2771863937378,92.1387481689453
"2006-09-26",22.8652114868164,29.6684989929199,33.7074089050293,14.5910501480103,92.9037857055664
"2006-09-27",23.1194801330566,29.9531135559082,34.0626029968262,14.8327121734619,93.0150833129883
"2006-09-28",23.0529804229736,30.1070652008057,34.230052947998,14.785496711731,92.9803085327148
"2006-09-29",23.2876930236816,30.261043548584,34.0473823547363,14.8466033935547,92.9037857055664
"2006-10-02",22.9043292999268,30.0977420806885,33.9966468811035,14.6771669387817,92.5560531616211
"2006-10-03",21.9185218811035,29.3652458190918,33.1898574829102,14.1382999420166,92.7507858276367
"2006-10-04",22.2119159698486,29.7198181152344,33.7987289428711,14.3466215133667,93.8357696533203
"2006-10-05",22.6422328948975,29.8038005828857,34.1590156555176,14.6216154098511,94.0165939331055
"2006-10-06",22.6930885314941,29.7011680603027,34.2604942321777,14.6354990005493,93.8983688354492
"2006-10-09",22.4818420410156,29.5052127838135,33.768310546875,14.4160671234131,93.9540252685547
"2006-10-10",22.7595863342285,29.8131294250488,34.0981216430664,14.6854991912842,94.0791854858398
"2006-10-11",22.5444316864014,29.4398860931396,33.7581596374512,14.452166557312,93.967903137207
"2006-10-12",23.0060329437256,29.8691234588623,34.3264427185059,14.7910451889038,94.7816390991211
"2006-10-13",23.4832897186279,29.9531135559082,34.7070159912109,14.993821144104,95.025032043457
"2006-10-16",23.8979587554932,30.3496780395508,35.4326057434082,15.3465881347656,95.1711120605469
"2006-10-17",23.7845153808594,30.293701171875,35.2195129394531,15.1799211502075,94.8720321655273
"2006-10-18",23.6006565093994,30.1397247314453,35.0977325439453,15.0827035903931,94.9971923828125
"2006-10-19",23.9136123657227,30.6249580383301,35.3818740844727,15.3937997817993,95.1502075195312
"2006-10-20",23.8079872131348,30.4569816589355,35.2905426025391,15.1938133239746,95.1711120605469
"2006-10-23",23.7493000030518,30.6249580383301,35.4782905578613,15.2215843200684,95.6092758178711
"2006-10-24",24.0192317962646,31.2081604003906,35.4630699157715,15.4993572235107,95.8944320678711
"2006-10-25",24.547342300415,31.5300712585449,36.031364440918,15.7660064697266,96.221321105957
"2006-10-26",24.332181930542,31.4927577972412,36.3408813476562,15.7299032211304,96.5203552246094
"2006-10-27",24.0764389038086,31.576732635498,36.259693145752,15.6021270751953,95.9153060913086
"2006-10-30",23.529504776001,30.97487449646,35.9450950622559,15.3215847015381,95.8457412719727
"2006-10-31",23.7026348114014,31.3527851104736,36.2394027709961,15.479907989502,95.8318252563477
"2006-11-01",23.4901542663574,31.2501468658447,36.0567398071289,15.3215847015381,95.1849975585938
"2006-11-02",23.4901542663574,31.6280498504639,36.1226921081543,15.3826932907104,95.12939453125
"2006-11-03",23.9898624420166,32.1506042480469,36.6098136901855,15.7215709686279,94.9624633789062
"2006-11-06",24.0213489532471,32.5518455505371,36.9954452514648,15.8354454040527,96.0335006713867
"2006-11-07",23.9977340698242,32.1506042480469,36.8026313781738,15.7132320404053,96.4021224975586
"2006-11-08",24.540735244751,32.4305381774902,37.6144905090332,15.9771127700806,96.6107559204102
"2006-11-09",24.9105777740479,32.7524528503418,38.0221900939941,16.1104335784912,96.1030502319336
"2006-11-10",24.824010848999,32.444522857666,37.9253540039062,15.9576663970947,96.1448059082031
"2006-11-13",24.8161544799805,32.822452545166,37.9304466247559,15.9298906326294,96.3812484741211
"2006-11-14",24.9696044921875,32.8364448547363,37.9406318664551,16.0243263244629,97.1045455932617
"2006-11-15",25.1742076873779,32.8787612915039,38.119010925293,16.1743259429932,97.3827743530273
"2006-11-16",24.5013771057129,32.2206954956055,37.0335426330566,15.7299032211304,97.6331634521484
"2006-11-17",24.6705627441406,32.4792175292969,37.2424926757812,15.8604526519775,97.6609954833984
"2006-11-20",24.7177810668945,32.5450210571289,36.9112281799316,15.8187856674194,97.7166061401367
"2006-11-21",25.3079891204834,33.0056610107422,37.400463104248,16.1104335784912,97.81396484375
"2006-11-22",25.3748760223389,32.7142524719238,37.1558380126953,16.0160045623779,98.0087203979492
"2006-11-24",25.2961959838867,32.357006072998,36.8857536315918,15.9826669692993,97.6122894287109
"2006-11-27",25.2568435668945,32.3147087097168,36.9316177368164,15.9104557037354,96.2699356079102
"2006-11-28",25.540132522583,32.8458480834961,37.792854309082,16.1659927368164,96.6872863769531
"2006-11-29",26.1460742950439,33.3957824707031,38.7458305358887,16.6798572540283,97.6957550048828
"2006-11-30",26.4805393218994,33.9927215576172,39.1433448791504,16.8076343536377,97.7374725341797
"2006-12-01",26.5080661773682,34.3640480041504,39.3420791625977,16.8659629821777,97.5218811035156
"2006-12-04",26.4647941589355,34.5473594665527,39.6325492858887,16.8409729003906,98.2660140991211
"2006-12-05",26.7913684844971,34.7588729858398,39.7803344726562,16.9076251983643,98.6902847290039
"2006-12-06",27.1061496734619,34.5755615234375,38.8885231018066,16.860408782959,98.606819152832
"2006-12-07",27.4209270477295,34.4627571105957,38.5827560424805,16.7604064941406,98.1756362915039
"2006-12-08",27.9520950317383,34.2324371337891,38.4757270812988,16.7409706115723,98.3564682006836
"2006-12-11",27.8379955291748,34.641357421875,38.4043998718262,16.6993007659912,98.6415863037109
"2006-12-12",27.7789897918701,34.7118759155273,38.8579521179199,16.7381839752197,98.5651473999023
"2006-12-13",27.9363594055176,34.9703826904297,39.4236183166504,16.9076251983643,98.66943359375
"2006-12-14",28.7508525848389,35.7083358764648,40.1217994689941,17.1520671844482,99.5388259887695
"2006-12-15",28.6328029632568,35.4310150146484,39.3930435180664,16.9971561431885,99.5478591918945
"2006-12-18",28.526575088501,34.4674682617188,38.4808311462402,16.5068340301514,99.2751846313477
"2006-12-19",28.735107421875,35.0126800537109,39.2350578308105,16.7882061004639,99.4638977050781
"2006-12-20",28.526575088501,34.6178741455078,38.7713241577148,16.5597648620605,99.4080505371094
"2006-12-21",28.3573722839355,34.4204444885254,38.6643028259277,16.4817543029785,99.0443496704102
"2006-12-22",27.9560260772705,34.1854476928711,38.4298667907715,16.3229656219482,98.4358825683594
"2006-12-26",28.2078533172607,34.3546524047852,38.7560272216797,16.3424663543701,99.0163192749023
"2006-12-27",28.3849124908447,34.8011817932129,39.2197723388672,16.534688949585,99.6667709350586
"2006-12-28",28.5934638977051,34.913990020752,39.408332824707,16.4984798431396,99.4569702148438
"2006-12-29",28.3101692199707,34.5614624023438,39.0515975952148,16.334098815918,99.0443496704102
"2007-01-03",26.8307094573975,33.3581886291504,37.7673873901367,15.7629852294922,98.8695068359375
"2007-01-04",25.9965515136719,33.0338439941406,37.0590057373047,15.4760227203369,99.0792770385742
"2007-01-05",26.5277500152588,33.1607666015625,37.3240203857422,15.5791091918945,98.2890548706055
"2007-01-08",26.874002456665,33.5838012695312,37.0233612060547,15.5791091918945,98.7435760498047
"2007-01-09",26.1696891784668,33.1983642578125,36.737964630127,15.4453821182251,98.6596908569336
"2007-01-10",25.3906154632568,32.6249313354492,36.1773681640625,15.1472835540771,98.9884185791016
"2007-01-11",24.324312210083,32.2865104675293,36.172306060791,15.0609169006348,99.4219818115234
"2007-01-12",25.1151905059814,33.0667572021484,37.0284461975098,15.4453821182251,100.177291870117
"2007-01-16",24.7138557434082,32.747127532959,36.5035362243652,15.2865772247314,99.9815216064453
"2007-01-17",25.005012512207,33.2876853942871,36.9265174865723,15.456524848938,100.023445129395
"2007-01-18",24.6351509094238,33.3346786499023,36.6717147827148,15.3423013687134,99.6877517700195
"2007-01-19",25.1623992919922,33.9927215576172,37.4717903137207,15.7629852294922,99.8835754394531
"2007-01-22",24.9381294250488,33.4756889343262,37.1507530212402,15.6543235778809,99.5758666992188
"2007-01-23",25.5637512207031,34.1055335998535,37.9610137939453,16.0610866546631,99.8695983886719
"2007-01-24",25.8194999694824,34.2371368408203,38.1699676513672,16.1307277679443,100.673873901367
"2007-01-25",25.2056770324707,33.6167144775391,37.4666938781738,15.7991952896118,99.4919128417969
"2007-01-26",25.4850540161133,33.6073036193848,37.5125770568848,15.8382062911987,99.4010238647461
"2007-01-29",25.4260292053223,33.6213989257812,37.3036193847656,15.7601938247681,99.3450698852539
"2007-01-30",25.8313045501709,34.3452529907227,37.9100570678711,16.0805835723877,99.8625946044922
"2007-01-31",26.1303405761719,34.2559471130371,37.7622756958008,16.1836643218994,100.534027099609
"2007-02-01",26.484468460083,35.0032806396484,38.2617034912109,16.2421646118164,101.135475158691
"2007-02-02",26.4765815734863,34.8011817932129,38.4961128234863,16.334098815918,101.275337219238
"2007-02-05",26.3782157897949,34.6789665222168,38.562370300293,16.3173866271973,101.303283691406
"2007-02-06",26.2208366394043,34.4862785339355,38.4553604125977,16.2672309875488,101.331245422363
"2007-02-07",26.059513092041,34.143138885498,38.2762298583984,16.1697235107422,101.555099487305
"2007-02-08",26.3113422393799,34.6648750305176,38.6191291809082,16.334098815918,101.42219543457
"2007-02-09",26.3585567474365,34.4627571105957,38.4962882995605,16.2672309875488,100.666877746582
"2007-02-12",25.980827331543,33.9927215576172,38.1789703369141,16.0415821075439,100.324127197266
"2007-02-13",26.4687213897705,34.2324371337891,38.6140060424805,16.2755966186523,101.170394897461
"2007-02-14",26.5434703826904,34.1756362915039,38.6907653808594,16.2783832550049,101.83479309082
"2007-02-15",26.1911506652832,33.7826957702637,38.5577201843262,16.1557960510254,101.967697143555
"2007-02-16",26.187198638916,33.5223121643066,38.5321159362793,16.1585845947266,101.918701171875
"2007-02-20",25.9615440368652,33.195671081543,38.3171768188477,15.9775009155273,102.135520935059
"2007-02-21",26.2426128387451,33.1104431152344,38.271110534668,16.153018951416,102.093544006348
"2007-02-22",26.4761791229248,33.4560241699219,38.4246444702148,16.2978839874268,102.016647338867
"2007-02-23",26.6028633117676,33.6454162597656,38.4962882995605,16.3396739959717,101.617988586426
"2007-02-26",26.9037208557129,33.8063697814941,38.5884208679199,16.4371852874756,101.527099609375
"2007-02-27",25.7517242431641,32.466625213623,36.7613525390625,15.7824811935425,97.5616912841797
"2007-02-28",25.8586044311523,32.4381980895996,36.6845855712891,15.8521347045898,98.5617980957031
"2007-03-01",26.1080265045166,32.0026626586914,36.3314399719238,15.8019857406616,98.2680130004883
"2007-03-02",25.7042198181152,31.619213104248,35.829906463623,15.6153268814087,96.9811859130859
"2007-03-05",25.5300445556641,31.4487705230713,35.8145637512207,15.4342374801636,96.0580368041992
"2007-03-06",26.0565624237061,32.0358009338379,36.3365783691406,15.7267656326294,97.7015991210938
"2007-03-07",26.5870246887207,32.3482551574707,36.6641159057617,15.921781539917,97.6036529541016
"2007-03-08",26.7493438720703,32.4098014831543,36.7715759277344,16.0610866546631,98.4288864135742
"2007-03-09",26.8403701782227,32.4145431518555,36.3979797363281,15.99143409729,98.4568634033203
"2007-03-12",26.6186962127686,32.5849494934082,36.2700538635254,15.9691438674927,98.6037368774414
"2007-03-13",26.3613815307617,32.1162948608398,35.7787246704102,15.7546234130859,96.6875152587891
"2007-03-14",26.8839263916016,32.3435325622559,36.3468055725098,15.9357137680054,97.4078063964844
"2007-03-15",26.3336696624756,32.6039085388184,36.1779327392578,15.9329195022583,97.5406723022461
"2007-03-16",25.8665351867676,32.2299003601074,35.7531318664551,15.7615842819214,97.2675552368164
"2007-03-19",25.9892539978027,32.8453483581543,36.387752532959,16.013147354126,98.4401168823242
"2007-03-20",26.2505283355713,33.1625213623047,36.8483467102051,16.127742767334,98.9807891845703
"2007-03-21",26.5909957885742,33.7732315063477,37.4778480529785,16.418436050415,100.609748840332
"2007-03-22",27.1887607574463,34.5259475708008,38.0561599731445,16.7482566833496,100.532524108887
"2007-03-23",27.4144096374512,34.8904762268066,38.3939361572266,16.8321094512939,100.679969787598
"2007-03-26",27.5371360778809,35.2218742370605,38.6242561340332,16.9494953155518,100.54655456543
"2007-03-27",27.5054607391357,35.1129760742188,38.7470703125,16.9802513122559,100.307815551758
"2007-03-28",27.4104614257812,35.0703811645508,38.6703109741211,16.9774551391602,99.57763671875
"2007-03-29",27.3827342987061,35.4822540283203,39.0183067321777,17.083667755127,99.6829833984375
"2007-03-30",27.0581226348877,35.013557434082,38.6140060424805,16.8488750457764,99.7039947509766
"2007-04-02",26.9947776794434,35.4254341125488,38.9773788452148,17.0137825012207,99.8162994384766
"2007-04-03",26.8562164306641,35.666877746582,39.3049087524414,17.1199970245361,100.890655517578
"2007-04-04",26.8166446685791,35.7662887573242,39.4635696411133,17.1479587554932,101.002960205078
"2007-04-05",26.9037208557129,35.7946968078613,39.5198631286621,17.2597599029541,101.276786804199
"2007-04-09",27.0858383178711,35.7378997802734,39.3049087524414,17.1954765319824,101.417213439941
"2007-04-10",27.4935932159424,36.4716758728027,39.6989860534668,17.4554138183594,101.536598205566
"2007-04-11",27.4064846038818,36.2444496154785,39.2895584106445,17.3491992950439,101.122337341309
"2007-04-12",27.9053020477295,36.5332260131836,39.6068687438965,17.6147346496582,101.571655273438
"2007-04-13",27.9250946044922,36.4574737548828,39.6171073913574,17.6231231689453,102.035095214844
"2007-04-16",27.9488430023193,36.8646049499512,40.0060386657715,17.7265434265137,103.004013061523
"2007-04-17",27.8815326690674,36.9072265625,40.1237678527832,17.6259212493896,103.277885437012
"2007-04-18",27.647970199585,36.8172760009766,40.0214080810547,17.5644283294678,103.404296875
"2007-04-19",27.4262886047363,36.3627815246582,39.6426963806152,17.3184642791748,103.376205444336
"2007-04-20",28.2061595916748,37.1391944885254,40.8198013305664,17.6370983123779,104.352172851562
"2007-04-23",27.9488430023193,36.717830657959,40.5331840515137,17.6566619873047,103.958992004395
"2007-04-24",27.5687961578369,36.500072479248,40.2261161804199,17.6035556793213,104.001083374023
"2007-04-25",28.035945892334,37.0776443481445,40.901683807373,17.9333839416504,104.955978393555
"2007-04-26",28.0003204345703,37.0113639831543,41.2241134643555,17.9277935028076,105.075378417969
"2007-04-27",27.7271347045898,36.9640197753906,41.1268615722656,17.924991607666,104.99112701416
"2007-04-30",27.4539966583252,36.8267402648926,40.6253051757812,17.7125587463379,104.120452880859
"2007-05-01",27.3906650543213,37.0918426513672,40.768627166748,17.7908267974854,104.38729095459
"2007-05-02",27.4817085266113,37.2291526794434,40.8504981994629,17.9389705657959,104.998168945312
"2007-05-03",27.7073612213135,37.6646881103516,41.2906227111816,18.0843143463135,105.566871643066
"2007-05-04",27.7865200042725,37.5415992736816,41.2241134643555,18.0703449249268,105.967063903809
"2007-05-07",27.8459205627441,37.6741523742676,41.3674163818359,18.1178607940674,105.988121032715
"2007-05-08",27.8102912902832,37.896656036377,41.6488723754883,18.1206474304199,105.847709655762
"2007-05-09",27.7548656463623,37.7546348571777,41.6693496704102,18.1122665405273,106.135635375977
"2007-05-10",27.347110748291,37.0161018371582,40.8058433532715,17.8187828063965,105.026214599609
"2007-05-11",27.7865200042725,37.891918182373,41.7515830993652,18.2268619537354,105.924957275391
"2007-05-14",27.9963512420654,38.2848510742188,41.7618560791016,18.2324562072754,105.693244934082
"2007-05-15",27.9963512420654,38.218578338623,41.7001800537109,18.2939491271973,105.721328735352
"2007-05-16",28.443675994873,38.4951400756836,41.8646583557129,18.3638210296631,106.444526672363
"2007-05-17",29.1643390655518,38.8432235717773,42.0445594787598,18.6573162078857,106.233901977539
"2007-05-18",29.8013744354248,39.5060424804688,42.7949867248535,18.9591903686523,107.160690307617
"2007-05-21",30.2034873962402,39.4965019226074,42.9646186828613,19.1185054779053,107.104484558105
"2007-05-22",30.1995067596436,39.1865425109863,42.5431213378906,18.9396152496338,107.020309448242
"2007-05-23",30.5419387817383,38.814624786377,42.6562042236328,18.9787406921387,107.034317016602
"2007-05-24",29.9367370605469,38.132740020752,42.2912940979004,18.6321563720703,106.065406799316
"2007-05-25",30.4264602661133,38.6858673095703,42.9234886169434,18.9228458404541,106.507751464844
"2007-05-29",30.0004482269287,38.485595703125,42.4660415649414,18.7970676422119,106.893859863281
"2007-05-30",30.776834487915,39.2199287414551,43.175350189209,19.1911773681641,107.764549255371
"2007-05-31",30.8285884857178,38.8575325012207,42.7487297058105,19.0905532836914,107.652214050293
"2007-06-01",31.3979377746582,39.2103996276855,43.2884140014648,19.2638530731201,108.185829162598
"2007-06-04",31.6169319152832,39.639533996582,43.2884140014648,19.565731048584,108.199897766113
"2007-06-05",31.5691452026367,39.4488220214844,43.3089866638184,19.4958400726318,107.77156829834
"2007-06-06",31.2147903442383,39.0005760192871,42.9800224304199,19.2470817565918,106.613014221191
"2007-06-07",30.7609100341797,38.2424201965332,42.1268196105957,18.906078338623,104.68920135498
"2007-06-08",30.7728652954102,38.4760627746582,42.4968757629395,18.984338760376,106.051361083984
"2007-06-11",31.0037631988525,38.795539855957,42.6921806335449,19.1296901702881,106.233901977539
"2007-06-12",30.705171585083,38.4140586853027,42.1473655700684,18.8948936462402,105.075378417969
"2007-06-13",30.9559993743896,38.6954231262207,42.8412590026855,19.27223777771,106.64818572998
"2007-06-14",31.5412845611572,39.2580642700195,43.571117401123,19.5964698791504,107.329223632812
"2007-06-15",32.0588760375977,39.6586227416992,44.1724853515625,19.8972492218018,107.939926147461
"2007-06-18",32.1265678405762,39.7635383605957,44.388370513916,19.9196720123291,107.812942504883
"2007-06-19",31.9433898925781,39.7158470153809,44.1210823059082,19.9420986175537,108.080924987793
"2007-06-20",31.1351699829102,38.6095657348633,42.5688400268555,19.3618278503418,106.578956604004
"2007-06-21",31.7204494476318,39.5060424804688,43.3295478820801,19.7486915588379,107.171295166016
"2007-06-22",31.350154876709,38.8861465454102,42.4146347045898,19.5524520874023,106.16284942627
"2007-06-25",31.0714492797852,39.5537109375,42.3375549316406,19.3954811096191,105.655197143555
"2007-06-26",30.1796112060547,39.434513092041,42.0548515319824,18.9777927398682,104.569175720215
"2007-06-27",30.7609100341797,40.0019416809082,42.908073425293,19.2721385955811,106.05712890625
"2007-06-28",30.5538654327393,40.1402168273926,42.9697608947754,19.2721385955811,106.04305267334
"2007-06-29",31.2546215057373,40.1688499450684,43.1136589050293,19.3394165039062,106.078262329102
"2007-07-02",31.8558177947998,40.6027526855469,43.5968208312988,19.6814022064209,107.037322998047
"2007-07-03",32.0986747741699,41.1654319763184,43.8743705749512,19.8327789306641,107.425170898438
"2007-07-05",32.1384963989258,41.2798690795898,43.7715721130371,19.7851161956787,107.312324523926
"2007-07-06",32.2659225463867,41.8091621398926,44.4397735595703,20.0542297363281,107.876449584961
"2007-07-09",33.4643325805664,42.6770057678223,44.943489074707,20.2420482635498,107.961090087891
"2007-07-10",33.4921913146973,42.4385871887207,44.4603157043457,20.0626411437988,106.423851013184
"2007-07-11",34.0774841308594,43.2730484008789,44.866397857666,20.138334274292,107.178352355957
"2007-07-12",35.2918472290039,44.4890060424805,46.0639686584473,20.5279808044434,108.870742797852
"2007-07-13",35.9009857177734,44.5033149719238,46.4289283752441,20.729808807373,109.195129394531
"2007-07-16",34.6906318664551,43.9263191223145,46.1051216125488,20.4635066986084,109.181030273438
"2007-07-17",34.2327613830566,43.4399528503418,45.791576385498,20.1972007751465,109.124580383301
"2007-07-18",34.7981185913086,44.3840827941895,46.8503799438477,20.6541233062744,108.927124023438
"2007-07-19",34.7821998596191,44.3459320068359,47.436336517334,20.8419342041016,109.350212097168
"2007-07-20",34.3601608276367,43.9263191223145,47.2564392089844,20.7438297271729,108.243148803711
"2007-07-23",34.0933990478516,44.1409034729004,48.0274429321289,20.8279228210449,108.574584960938
"2007-07-24",32.7795143127441,42.8438835144043,46.6910362243652,20.2252292633057,106.69181060791
"2007-07-25",33.5598945617676,43.4161071777344,47.6933517456055,20.5475902557373,106.910354614258
"2007-07-26",32.5724754333496,41.7042655944824,45.3495292663574,19.773904800415,104.378791809082
"2007-07-27",31.9322319030762,40.6265907287598,43.9925765991211,19.2020530700684,102.326805114746
"2007-07-30",32.5684852600098,41.2131118774414,44.2084922790527,19.5328273773193,103.927536010742
"2007-07-31",32.3484115600586,40.655216217041,43.7561569213867,19.3422145843506,102.756927490234
"2007-08-01",32.3123741149902,40.6123085021973,44.1210823059082,19.2917556762695,103.257598876953
"2007-08-02",32.1163063049316,40.0019416809082,43.7818565368652,19.1599979400635,104.08268737793
"2007-08-03",31.0479011535645,38.6334075927734,42.1884689331055,18.5348834991455,101.403007507324
"2007-08-06",31.5921058654785,39.1102485656738,42.9389228820801,18.6414070129395,103.102516174316
"2007-08-07",32.0042495727539,39.6633949279785,44.0491333007812,19.0787105560303,104.202560424805
"2007-08-08",32.2803497314453,40.2117462158203,45.1799163818359,19.4403209686279,105.655197143555
"2007-08-09",31.3039951324463,38.676326751709,43.1415328979492,18.8824863433838,102.524230957031
"2007-08-10",31.295991897583,39.7778205871582,43.6111221313477,18.9833965301514,102.04468536377
"2007-08-13",31.692138671875,39.3152923583984,42.7906150817871,19.0058326721191,102.411399841309
"2007-08-14",31.5560874938965,39.3152923583984,42.8989791870117,18.8796806335449,100.845924377441
"2007-08-15",30.9638690948486,38.7822761535645,42.155876159668,18.3610858917236,99.4567718505859
"2007-08-16",30.9238452911377,39.0847930908203,41.6295127868652,18.2489604949951,100.204238891602
"2007-08-17",31.6641178131104,40.5110359191895,43.4201927185059,18.9217338562012,102.04468536377
"2007-08-20",31.9562568664551,40.7655410766602,43.6214485168457,18.8796806335449,101.995323181152
"2007-08-21",31.3079833984375,40.4822196960449,42.909309387207,18.6133708953857,102.199851989746
"2007-08-22",31.5721073150635,41.0056648254395,43.1312141418457,18.8376350402832,103.412712097168
"2007-08-23",31.7721786499023,41.0488777160645,43.2189292907715,19.0058326721191,103.321075439453
"2007-08-24",32.3083763122559,41.8844566345215,44.2200698852539,19.4122905731201,104.597450256348
"2007-08-27",32.4044227600098,41.77880859375,43.9259262084961,19.1740245819092,103.624282836914
"2007-08-28",31.5360889434814,40.4822196960449,42.8319053649902,18.7114868164062,101.346580505371
"2007-08-29",32.7205352783203,41.6347427368164,43.9826774597168,19.3310031890869,103.335159301758
"2007-08-30",32.5284690856934,41.8700523376465,44.0704078674316,19.3197917938232,103.060150146484
"2007-08-31",32.7685623168945,42.1437606811523,44.2406921386719,19.5748825073242,104.075637817383
"2007-09-04",33.4048080444336,42.6095809936523,45.0147743225098,19.9308948516846,105.126342773438
"2007-09-05",32.8605842590332,42.4319114685059,45.0096321105957,19.8243656158447,104.216621398926
"2007-09-06",33.4648284912109,42.7056350708008,45.1489486694336,20.127124786377,104.456405639648
"2007-09-07",33.1367034912109,42.0909271240234,44.2510261535645,19.6954231262207,103.003768920898
"2007-09-10",32.8886070251465,41.8028221130371,43.7917404174805,19.6645908355713,102.806297302246
"2007-09-11",33.4248046875,42.5423545837402,44.8651390075684,20.0009689331055,104.005081176758
"2007-09-12",33.9530220031738,42.8304710388184,45.2315254211426,20.1411304473877,104.273071289062
"2007-09-13",34.0570487976074,43.2626762390137,45.7320785522461,20.2672748565674,105.006423950195
"2007-09-14",34.1210746765137,43.5315971374512,45.7578811645508,20.3233394622803,104.99934387207
"2007-09-17",33.9049873352051,43.6660575866699,46.0623512268066,20.3653926849365,104.435241699219
"2007-09-18",35.129467010498,44.8233680725098,47.3524780273438,20.9820976257324,107.509757995605
"2007-09-19",35.3295440673828,45.1931457519531,47.5382537841797,21.1643104553223,108.144386291504
"2007-09-20",35.377571105957,45.2219696044922,47.522762298584,21.1502895355225,107.382835388184
"2007-09-21",35.5896415710449,45.5437126159668,47.636302947998,21.2762069702148,107.672660827637
"2007-09-24",35.685676574707,45.3084030151367,47.3369903564453,21.2368659973145,107.474212646484
"2007-09-25",34.9293785095215,44.1222534179688,47.4556770324707,20.8883514404297,107.261680603027
"2007-09-26",34.9333724975586,44.4247970581055,47.6672821044922,20.9473609924316,107.828506469727
"2007-09-27",35.1974945068359,44.9050140380859,47.9769058227539,21.2200031280518,108.466186523438
"2007-09-28",35.1214485168457,44.9386329650879,47.765308380127,21.0232563018799,108.104789733887
"2007-10-01",34.9694023132324,45.3516273498535,48.4826126098633,21.3886337280273,109.32347869873
"2007-10-02",34.201099395752,44.4487915039062,47.6001777648926,21.0541667938232,109.174652099609
"2007-10-03",33.6368751525879,43.9301719665527,47.1305541992188,20.9305000305176,108.955032348633
"2007-10-04",33.5888748168945,44.1030349731445,46.9189910888672,21.0092086791992,109.125091552734
"2007-10-05",33.6929016113281,44.3335609436035,47.1460456848145,21.1103839874268,110.421653747559
"2007-10-08",33.7449226379395,43.9782066345215,46.7951393127441,20.8967742919922,109.833595275879
"2007-10-09",34.3651580810547,44.5640678405762,47.8220748901367,21.3183650970459,110.868011474609
"2007-10-10",34.7052917480469,44.2183151245117,48.0594596862793,21.5938014984131,110.683822631836
"2007-10-11",34.3011589050293,43.6996765136719,47.8169059753418,21.4870014190674,110.152389526367
"2007-10-12",34.3011589050293,43.8965530395508,48.2400741577148,21.6893615722656,110.76171875
"2007-10-15",34.5572280883789,44.3383522033691,48.931583404541,21.86643409729,109.826507568359
"2007-10-16",35.1334648132324,44.8762054443359,48.8902893066406,21.9226398468018,108.955032348633
"2007-10-17",34.9974098205566,44.7849617004395,48.9212493896484,21.7821102142334,109.288055419922
"2007-10-18",35.2174835205078,44.3815727233887,49.0502662658691,21.9507522583008,108.891227722168
"2007-10-19",34.0410423278809,42.8689041137695,47.5485572814941,20.9108276367188,106.043060302734
"2007-10-22",33.2607612609863,42.4703140258789,46.9138259887695,20.6719264984131,106.659423828125
"2007-10-23",33.3007507324219,42.7008171081543,47.1408996582031,20.9670352935791,107.523826599121
"2007-10-24",32.6725196838379,43.171443939209,47.5434226989746,21.1047630310059,107.325454711914
"2007-10-25",33.488842010498,43.8101387023926,47.2544326782227,21.304313659668,107.580520629883
"2007-10-26",33.9370002746582,44.0118179321289,47.5846900939941,21.6275272369385,108.841659545898
"2007-10-29",34.0294761657715,44.6024742126465,48.3071784973145,21.7315254211426,109.203018188477
"2007-10-30",33.2615013122559,43.2578735351562,47.032543182373,20.9923362731934,108.444877624512
"2007-10-31",34.162181854248,43.9445762634277,47.4711494445801,21.5572624206543,109.571418762207
"2007-11-01",33.4585189819336,42.7584419250488,45.6701583862305,20.9248847961426,107.006622314453
"2007-11-02",34.0053520202637,42.4895362854004,45.3760147094727,21.3183650970459,107.127075195312
"2007-11-05",33.7440032958984,42.4895362854004,45.236701965332,21.1469173431396,106.312271118164
"2007-11-06",34.2345581054688,43.5267791748047,46.6403350830078,21.8523807525635,107.743469238281
"2007-11-07",33.136848449707,42.0381202697754,45.1742324829102,20.9529876708984,104.796058654785
"2007-11-08",33.7560615539551,42.82568359375,46.3243141174316,21.3183650970459,104.264678955078
"2007-11-09",33.197135925293,41.9036674499512,44.9928932189941,20.9248847961426,102.83349609375
"2007-11-12",31.7536201477051,40.9480209350586,43.796199798584,19.9130573272705,101.813201904297
"2007-11-13",32.0753021240234,41.6971549987793,45.0084571838379,20.6157169342041,104.916511535645
"2007-11-14",31.9144496917725,41.6488227844238,44.7131652832031,20.5848064422607,104.626045227051
"2007-11-15",31.3796710968018,40.6867828369141,43.7702941894531,19.8990135192871,103.116874694824
"2007-11-16",31.7375507354736,41.5666389465332,44.0863456726074,20.4217929840088,103.29402923584
"2007-11-19",31.0137710571289,41.1073760986328,43.5734367370605,20.0816993713379,101.855766296387
"2007-11-20",31.8822956085205,42.4948425292969,45.4954299926758,20.7281360626221,102.479194641113
"2007-11-21",31.291202545166,41.4554634094238,45.0913429260254,20.2784404754639,100.382011413574
"2007-11-23",31.8139324188232,41.9001998901367,45.7389259338379,20.8124580383301,102.117897033691
"2007-11-26",30.8408546447754,40.5078964233398,44.3868179321289,20.0929393768311,99.8648147583008
"2007-11-27",30.583517074585,40.75927734375,44.7494316101074,19.870906829834,101.012596130371
"2007-11-28",31.2509708404541,41.6053199768066,45.5472183227539,20.362756729126,104.243431091309
"2007-11-29",31.6933059692383,41.8470344543457,45.8943214416504,20.5876064300537,104.27880859375
"2007-11-30",32.1838645935059,42.4320106506348,46.1896286010742,20.6494407653809,105.32746887207
"2007-12-03",32.2682991027832,42.4658508300781,46.0290222167969,20.7281360626221,104.63304901123
"2007-12-04",32.0511703491211,42.1371078491211,45.6508598327637,20.5173397064209,103.697853088379
"2007-12-05",32.7146263122559,43.1716651916504,46.5833358764648,20.9698524475098,105.433700561523
"2007-12-06",33.4946937561035,44.1772270202637,47.3707733154297,21.5432147979736,106.942848205566
"2007-12-07",33.4946937561035,43.9742050170898,47.4018936157227,21.4111156463623,106.92163848877
"2007-12-10",33.5550003051758,44.3416061401367,47.6764259338379,21.6275272369385,107.750617980957
"2007-12-11",32.8473167419434,43.4569206237793,46.769847869873,21.0935211181641,104.796058654785
"2007-12-12",33.5228385925293,44.3706207275391,47.6194534301758,21.7821102142334,105.830459594727
"2007-12-13",34.0334968566895,44.9991188049316,48.0338897705078,21.8355140686035,105.610847473145
"2007-12-14",33.4906883239746,44.4866409301758,47.2360725402832,21.4870014190674,104.271774291992
"2007-12-17",32.9357872009277,43.5004272460938,46.5677833557129,21.1019515991211,102.783882141113
"2007-12-18",33.5912055969238,44.0853958129883,47.3604202270508,21.304313659668,103.357788085938
"2007-12-19",33.8525619506836,43.9452056884766,47.3655853271484,21.509485244751,103.357788085938
"2007-12-20",34.2707214355469,44.5011596679688,47.7282447814941,21.7821102142334,104.009643554688
"2007-12-21",34.8658447265625,45.4632186889648,48.4017181396484,22.3453960418701,105.508987426758
"2007-12-24",35.0588493347168,45.6759262084961,48.520866394043,22.4468364715576,106.292457580566
"2007-12-26",35.7745933532715,45.8499794006348,49.1166114807129,22.6976299285889,106.520378112793
"2007-12-27",35.6459197998047,45.3230133056641,48.5260543823242,22.4581146240234,105.181289672852
"2007-12-28",35.8389167785645,45.8596267700195,49.2150421142578,22.6469078063965,104.91780090332
"2007-12-31",35.5051727294922,45.1199684143066,48.5364036560059,22.3594875335693,104.141418457031
"2008-01-02",35.3403358459473,45.182804107666,48.4431648254395,22.4017524719238,103.229682922363
"2008-01-03",35.4850692749023,45.7387809753418,48.6089210510254,22.6666297912598,103.179824829102
"2008-01-04",34.403434753418,45.129638671875,47.7023506164551,21.8381862640381,100.651275634766
"2008-01-07",33.932991027832,44.5398178100586,47.2568092346191,21.7536602020264,100.565773010254
"2008-01-08",33.1770401000977,43.9693641662598,46.650691986084,21.3732490539551,98.9418029785156
"2008-01-09",33.6595573425293,44.7525596618652,47.4329528808594,21.6550254821777,99.9817428588867
"2008-01-10",33.7359504699707,44.4286575317383,47.4847526550293,21.5648612976074,100.637031555176
"2008-01-11",33.3901557922363,43.8340148925781,46.7802047729492,21.3028030395508,99.8250350952148
"2008-01-14",33.530891418457,43.9500160217285,47.0547752380371,21.7254734039307,100.629875183105
"2008-01-15",32.4130554199219,42.673713684082,46.1171035766602,20.8265933990479,98.4147033691406
"2008-01-16",30.9976787567139,41.6971626281738,44.8271408081055,20.1333999633789,97.567138671875
"2008-01-17",29.5461044311523,40.0050964355469,43.4698524475098,19.3725814819336,95.0385437011719
"2008-01-18",29.3088760375977,40.3483581542969,44.0759582519531,19.4148540496826,94.0627288818359
"2008-01-22",28.6212902069092,39.2799415588379,42.7134704589844,18.8653793334961,93.1082611083984
"2008-01-23",28.8424472808838,39.3766250610352,43.2315368652344,19.0400791168213,95.3448257446289
"2008-01-24",29.9441909790039,40.4498710632324,44.5525894165039,19.7107238769531,96.1497039794922
"2008-01-25",29.8074836730957,39.5555152893066,43.4853820800781,19.3584995269775,94.7607650756836
"2008-01-28",30.7242584228516,40.0582847595215,44.101863861084,19.7980766296387,96.3278045654297
"2008-01-29",31.4721546173096,39.9325981140137,44.0759582519531,20.0206832885742,96.8050003051758
"2008-01-30",31.8179340362549,40.2371635437012,44.1795692443848,19.769905090332,96.0927047729492
"2008-01-31",32.2120018005371,40.2468452453613,44.3971672058105,19.6121082305908,97.8448715209961
"2008-02-01",32.3125343322754,39.8794174194336,44.5266761779785,20.1052188873291,99.4190444946289
"2008-02-04",32.0712776184082,39.6521873474121,44.2624664306641,20.1193084716797,98.165412902832
"2008-02-05",30.5955867767334,38.5499382019043,42.5373497009277,19.288049697876,95.5371475219727
"2008-02-06",29.5420818328857,37.4718475341797,42.190242767334,19.0231761932373,94.7678680419922
"2008-02-07",29.9642868041992,38.0664978027344,42.6064796447754,19.3979454040527,95.3946533203125
"2008-02-08",30.3100852966309,38.3178863525391,42.5128173828125,19.682544708252,94.7820892333984
"2008-02-11",30.9494228363037,38.8835334777832,43.2984619140625,20.1897487640381,95.266471862793
"2008-02-12",30.7202224731445,39.217098236084,43.9020042419434,20.1784858703613,96.1497039794922
"2008-02-13",31.6249542236328,39.986442565918,44.4795341491699,20.6687831878662,97.1326141357422
"2008-02-14",31.7495994567871,40.3370208740234,44.5107498168945,20.4912624359131,96.2778930664062
"2008-02-15",31.7857818603516,40.7070846557617,44.4170913696289,20.5278949737549,96.2565078735352
"2008-02-19",32.4251174926758,41.3060073852539,45.2703552246094,21.2041778564453,96.5271759033203
"2008-02-20",32.8111457824707,42.0412635803223,45.8374671936035,21.4577865600586,96.8121032714844
"2008-02-21",32.2772903442383,41.281665802002,45.2235336303711,20.8688545227051,96.0072174072266
"2008-02-22",32.600830078125,41.5932769775391,45.3536033630371,21.1055564880371,96.5984191894531
"2008-02-25",33.268138885498,42.4502906799316,46.373363494873,21.7085723876953,97.8164138793945
"2008-02-26",34.2144889831543,42.9079971313477,46.7687721252441,22.0776958465576,98.5500259399414
"2008-02-27",34.0244026184082,42.9566955566406,46.5086708068848,21.7902793884277,98.450309753418
"2008-02-28",34.4571418762207,43.3462448120117,46.5034484863281,22.1650524139404,97.4887619018555
"2008-02-29",33.4501304626465,42.1970672607422,45.2703552246094,21.4296092987061,95.3163604736328
"2008-03-03",33.745361328125,42.4600410461426,45.6553649902344,21.6972980499268,95.0884017944336
"2008-03-04",32.960765838623,42.2311706542969,45.1038703918457,21.2746315002441,94.7251129150391
"2008-03-05",33.417781829834,43.2342414855957,45.3640174865723,21.8100070953369,95.3234634399414
"2008-03-06",32.4107627868652,42.7522048950195,43.9696273803711,21.3732490539551,93.3504486083984
"2008-03-07",31.6908702850342,41.5154113769531,42.9186553955078,20.7843208312988,92.3888931274414
"2008-03-10",31.2824115753174,41.2573318481445,42.9030532836914,20.5278949737549,91.1709060668945
"2008-03-11",32.1519241333008,42.9274826049805,45.0986595153809,21.5845813751221,94.4473648071289
"2008-03-12",31.6746845245361,42.2311706542969,44.7292633056641,21.1055564880371,93.5641174316406
"2008-03-13",31.5533504486084,42.3821220397949,45.2911643981934,21.4577865600586,93.7706756591797
"2008-03-14",31.3390235900879,41.5543365478516,44.6980323791504,21.0661029815674,92.3176727294922
"2008-03-17",30.6879005432129,40.9943771362305,44.6356201171875,20.3306541442871,91.3845596313477
"2008-03-18",31.6544761657715,41.9341659545898,46.0299644470215,21.2182693481445,95.1809844970703
"2008-03-19",29.769847869873,39.8744468688965,43.9280166625977,19.9220638275146,92.823371887207
"2008-03-20",30.2632389068604,40.517204284668,44.2245750427246,20.0105133056641,94.5427627563477
"2008-03-24",30.5746402740479,40.9067420959473,44.7188568115234,20.3609313964844,96.4324111938477
"2008-03-25",30.1419143676758,41.1648063659668,44.3286399841309,20.5644035339355,96.5255126953125
"2008-03-26",30.8617877960205,41.3693199157715,44.8801345825195,21.0109043121338,95.3444213867188
"2008-03-27",30.6272392272949,41.0966339111328,44.8489418029785,20.7989559173584,95.0437622070312
"2008-03-28",30.6029624938965,41.1453132629395,44.3390464782715,20.742431640625,94.1346817016602
"2008-03-31",30.821361541748,41.5640869140625,44.0060539245605,20.9289493560791,94.4639663696289
"2008-04-01",31.4320297241211,42.2360343933105,45.2755699157715,21.3217525482178,97.7852783203125
"2008-04-02",31.8566989898682,42.6109771728516,46.0559921264648,21.6184787750244,97.8497009277344
"2008-04-03",31.6989612579346,42.7132339477539,45.9051094055176,21.6693458557129,98.0930862426758
"2008-04-04",31.8728637695312,42.8739051818848,46.170467376709,21.8473796844482,97.9857177734375
"2008-04-07",31.9092597961426,42.9810371398926,46.2641067504883,21.9632434844971,98.0358734130859
"2008-04-08",32.1397895812988,43.472843170166,46.6230888366699,22.2119121551514,97.9356155395508
"2008-04-09",32.1236152648926,43.7990646362305,46.6699485778809,22.2543182373047,97.2269592285156
"2008-04-10",32.0791168212891,43.6286506652832,46.591869354248,22.2119121551514,97.3629989624023
"2008-04-11",31.7838706970215,43.2391357421875,46.1080284118652,21.9010753631592,95.4732666015625
"2008-04-14",32.2772903442383,43.4825744628906,46.6699485778809,22.4040870666504,95.1511535644531
"2008-04-15",32.8556213378906,43.906192779541,47.2422676086426,22.5227737426758,95.373046875
"2008-04-16",33.4905586242676,44.7631988525391,48.329662322998,23.2857875823975,97.9570999145508
"2008-04-17",33.4905586242676,44.7924041748047,48.5845794677734,23.2660140991211,98.1002502441406
"2008-04-18",33.9273414611816,45.3718490600586,48.9071884155273,23.6220550537109,99.1238250732422
"2008-04-21",34.1093444824219,45.138126373291,49.0424575805664,23.8905372619629,99.1739730834961
"2008-04-22",34.3317680358887,45.7857284545898,49.1100883483887,23.9018459320068,98.7373123168945
"2008-04-23",34.1659736633301,46.0048522949219,49.0216522216797,23.7153263092041,98.5798492431641
"2008-04-24",33.5229225158691,44.9920387268066,48.1787796020508,23.0936260223389,99.0092697143555
"2008-04-25",33.7979278564453,45.1332626342773,48.1059379577637,23.4214267730713,99.9255065917969
"2008-04-28",34.1497840881348,45.0407371520996,48.1007347106934,23.460994720459,99.9470062255859
"2008-04-29",34.558277130127,46.1314430236816,47.7573432922363,22.9325542449951,99.5533218383789
"2008-04-30",34.841365814209,46.8180198669434,48.4233016967773,23.1021041870117,98.9663772583008
"2008-05-01",35.0395240783691,46.2288436889648,46.6699485778809,22.5962524414062,101.013526916504
"2008-05-02",35.1365852355957,46.4139060974121,46.6230888366699,23.0229740142822,101.292655944824
"2008-05-05",35.2579345703125,46.5599517822266,46.5710792541504,23.3564281463623,100.805999755859
"2008-05-06",35.8888320922852,47.168628692627,46.862434387207,23.97532081604,101.679206848145
"2008-05-07",35.553150177002,46.394401550293,46.2120704650879,23.5288124084473,99.868278503418
"2008-05-08",36.1759605407715,47.4461517333984,46.7896118164062,24.0007476806641,99.6106033325195
"2008-05-09",35.8766784667969,47.4218215942383,46.4185333251953,23.9555263519287,99.4244613647461
"2008-05-12",35.8281402587891,47.4072265625,46.6119384765625,23.8227214813232,100.54109954834
"2008-05-13",35.8402900695801,47.5873641967773,46.8679962158203,24.2126979827881,100.555397033691
"2008-05-14",35.8079414367676,47.5824813842773,46.9881858825684,23.9357566833496,100.762992858887
"2008-05-15",36.1193313598633,48.2785835266113,47.7146453857422,24.252254486084,102.022819519043
"2008-05-16",37.1991653442383,49.205020904541,48.430606842041,25.1367664337158,102.115852355957
"2008-05-19",37.4903755187988,50.0971527099609,49.3138198852539,25.2922077178955,102.395011901855
"2008-05-20",37.8341217041016,50.5334129333496,49.4183578491211,25.5437183380127,101.564697265625
"2008-05-21",37.5429229736328,50.499095916748,48.9532279968262,25.1650428771973,99.8467788696289
"2008-05-22",37.3966026306152,49.955005645752,48.3469848632812,24.7976703643799,99.8610916137695
"2008-05-23",37.152717590332,49.3766059875488,47.401065826416,24.3765907287598,98.5225524902344
"2008-05-27",36.8640785217285,48.8128700256348,46.9306945800781,24.2183456420898,99.2526702880859
"2008-05-28",37.6242141723633,49.2246131896973,47.2599601745605,24.7298469543457,99.710807800293
"2008-05-29",36.9738464355469,48.459903717041,46.6955451965332,24.0544338226318,100.211845397949
"2008-05-30",37.8437232971191,48.6020851135254,46.3871765136719,24.3031234741211,100.462371826172
"2008-06-02",37.7827415466309,48.7099266052246,45.8907127380371,24.447244644165,99.4244613647461
"2008-06-03",37.2542991638184,47.9697341918945,44.7932243347168,23.9216251373291,98.8446578979492
"2008-06-04",36.2543640136719,47.0775985717773,44.8141212463379,23.5655536651611,98.7945556640625
"2008-06-05",38.136402130127,49.013843536377,46.674633026123,24.7948474884033,100.770149230957
"2008-06-06",37.4656982421875,48.7736663818359,45.3576545715332,24.3087768554688,97.5562133789062
"2008-06-09",38.7135963439941,49.6069831848145,46.5491905212402,25.023738861084,97.7924041748047
"2008-06-10",37.7502326965332,48.420726776123,45.9325180053711,24.4076919555664,97.3057327270508
"2008-06-11",38.2420883178711,48.7344207763672,46.3088150024414,24.5574550628662,95.8740921020508
"2008-06-12",37.595775604248,48.0677833557129,45.4987297058105,24.1844367980957,96.2391586303711
"2008-06-13",38.3152542114258,48.7246322631836,46.178165435791,24.4726810455322,97.4560317993164
"2008-06-16",38.4453201293945,48.768741607666,45.9847717285156,24.5602912902832,97.5132827758789
"2008-06-17",38.9330978393555,49.2001190185547,46.3140258789062,24.9672260284424,97.0408477783203
"2008-06-18",38.6729431152344,48.6560020446777,45.9011535644531,25.0633125305176,96.0960388183594
"2008-06-19",38.0713577270508,47.4795455932617,44.835018157959,24.4613800048828,96.2176818847656
"2008-06-20",37.7055282592773,47.3619270324707,44.375114440918,24.2964687347412,94.6558990478516
"2008-06-23",38.8355255126953,48.5579566955566,45.8331985473633,25.2569999694824,94.5623779296875
"2008-06-24",38.4859771728516,48.3520889282227,45.4255790710449,24.7781391143799,94.3753662109375
"2008-06-25",38.2176818847656,48.7050247192383,45.7809562683105,24.6846446990967,94.8213729858398
"2008-06-26",37.6486053466797,47.7491645812988,45.159065246582,24.5061378479004,92.2459945678711
"2008-06-27",37.2502479553223,47.940315246582,45.2322158813477,24.7214813232422,91.7424392700195
"2008-06-30",38.3680763244629,48.5923004150391,46.0579376220703,25.0699920654297,92.066162109375
"2008-07-01",38.3884239196777,48.567798614502,46.1729316711426,25.1748275756836,92.3539199829102
"2008-07-02",36.888484954834,47.7540740966797,45.6816787719727,24.4154796600342,90.7712783813477
"2008-07-03",37.3315620422363,48.3471794128418,46.1311111450195,24.0556297302246,90.8647918701172
"2008-07-07",36.7299499511719,47.4599494934082,45.4412727355957,23.4521141052246,89.9367828369141
"2008-07-08",36.2381019592285,46.9550552368164,44.9134063720703,23.0639495849609,91.5337905883789
"2008-07-09",35.6487045288086,46.0334892272949,44.0615425109863,22.6247653961182,89.771354675293
"2008-07-10",36.6242637634277,47.1805381774902,44.976131439209,23.3189487457275,90.1382293701172
"2008-07-11",35.8235015869141,45.2197875976562,44.6730270385742,23.1772842407227,89.0879058837891
"2008-07-14",35.9616966247559,45.4894027709961,44.6416664123535,23.3302898406982,88.2822113037109
"2008-07-15",34.47802734375,43.8325538635254,42.9536247253418,22.347095489502,87.0376739501953
"2008-07-16",33.8154563903809,42.3472938537598,42.2323951721191,21.7719097137451,89.1742706298828
"2008-07-17",33.6935157775879,41.9943656921387,41.9815635681152,21.4148941040039,90.066276550293
"2008-07-18",34.1081314086914,42.1806449890137,42.6139068603516,21.7889041900635,90.6273651123047
"2008-07-21",34.9007835388184,42.6022071838379,43.3664932250977,22.4405937194824,90.6777725219727
"2008-07-22",34.2707099914551,41.9747314453125,43.3037796020508,21.6954078674316,91.7064590454102
"2008-07-23",33.2626419067383,40.5139846801758,42.3264656066895,20.9077110290527,92.2028427124023
"2008-07-24",33.2463836669922,40.1953735351562,42.2271766662598,20.8567180633545,90.2892761230469
"2008-07-25",33.3236198425293,40.4698905944824,42.6975364685059,20.9133796691895,90.2677154541016
"2008-07-28",33.4333572387695,40.4355621337891,42.1644668579102,20.9955558776855,88.9440383911133
"2008-07-29",32.8160362243652,40.607120513916,42.2794494628906,20.7462215423584,90.8432083129883
"2008-07-30",34.6189384460449,42.7737731933594,44.0981521606445,21.9815807342529,92.4617919921875
"2008-07-31",33.3679428100586,41.4502449035645,42.0338172912598,21.0805568695068,91.2388458251953
"2008-08-01",33.1758117675781,41.327709197998,41.6627655029297,21.0777130126953,90.7568817138672
"2008-08-04",32.4808044433594,40.5875358581543,40.0322151184082,20.0860214233398,89.9152297973633
"2008-08-05",32.640251159668,40.4355621337891,40.9467849731445,20.2361946105957,92.3394927978516
"2008-08-06",33.2739181518555,41.4502449035645,40.9363327026367,20.6980438232422,92.7495422363281
"2008-08-07",33.024543762207,40.8963356018066,40.4712066650391,20.4572048187256,91.3683624267578
"2008-08-08",33.0776824951172,41.3718223571777,41.1401710510254,20.1115264892578,93.0660934448242
"2008-08-11",32.7996826171875,41.2149696350098,41.0561218261719,20.1030292510986,94.030029296875
"2008-08-12",32.685230255127,40.9600601196289,40.3837471008301,20.1143627166748,93.0516891479492
"2008-08-13",33.674560546875,42.2737426757812,41.0613594055176,20.8255500793457,92.4905776977539
"2008-08-14",32.448112487793,42.4404335021973,40.683162689209,20.4430313110352,93.1883697509766
"2008-08-15",31.7490215301514,41.6106910705566,40.4835395812988,20.0605163574219,93.6415939331055
"2008-08-18",31.4791946411133,41.0871543884277,40.1998901367188,19.8055267333984,92.3610916137695
"2008-08-19",32.399055480957,41.8378524780273,40.9457931518555,20.5167102813721,91.3539581298828
"2008-08-20",33.0531539916992,42.7022018432617,41.3975372314453,21.1088905334473,91.7783966064453
"2008-08-21",34.7702102661133,43.7196044921875,42.2064819335938,21.6387367248535,91.9366455078125
"2008-08-22",34.0057182312012,43.5121955871582,42.1802139282227,21.1428833007812,93.2674942016602
"2008-08-25",33.4497222900391,42.2329902648926,41.3450126647949,20.8680515289307,91.3755493164062
"2008-08-26",33.6786613464355,42.3712844848633,41.9963569641113,21.2930564880371,91.6417388916016
"2008-08-27",34.1242713928223,42.7812194824219,42.2695121765137,21.6302280426025,92.5337600708008
"2008-08-28",34.0588645935059,43.0577812194824,42.6424560546875,21.2505626678467,93.6559906005859
"2008-08-29",33.7317924499512,42.6330451965332,42.0278739929199,21.1513919830322,92.6488723754883
"2008-09-02",32.2968482971191,41.1365280151367,40.6148681640625,19.989688873291,92.073356628418
"2008-09-03",32.3336334228516,41.576114654541,40.982551574707,19.9131946563721,91.9942398071289
"2008-09-04",31.2666282653809,40.1141929626465,39.9950370788574,19.4655113220215,89.2246017456055
"2008-09-05",30.8373508453369,39.620288848877,39.7218894958496,19.386173248291,89.5051498413086
"2008-09-08",30.5348358154297,40.0302238464355,40.3259658813477,19.2530078887939,91.3539581298828
"2008-09-09",27.9265365600586,38.9140167236328,38.4822235107422,17.9213008880615,88.6418914794922
"2008-09-10",29.3819522857666,40.0845375061035,39.527530670166,18.6268291473389,89.0015716552734
"2008-09-11",29.6313343048096,40.8945541381836,39.6903686523438,18.8931655883789,90.2892761230469
"2008-09-12",30.0197124481201,41.6057548522949,40.7094192504883,19.5306777954102,90.7065124511719
"2008-09-15",28.0941619873047,39.5560836791992,38.4769706726074,18.0346412658691,86.3902130126953
"2008-09-16",29.5495719909668,40.4302864074707,40.1473655700684,18.796817779541,87.8362045288086
"2008-09-17",28.3394603729248,39.5363311767578,39.543285369873,18.4029865264893,83.8868026733398
"2008-09-18",29.5413970947266,40.9340438842773,40.8407325744629,18.9526672363281,86.3758697509766
"2008-09-19",32.0147514343262,43.364013671875,41.8177680969238,20.2531242370605,89.8061676025391
"2008-09-22",31.7735614776611,43.131893157959,41.4343185424805,19.897819519043,87.7730026245117
"2008-09-23",30.4898567199707,42.2083168029785,40.8092155456543,19.2411823272705,85.7760391235352
"2008-09-24",30.6002349853516,42.0946998596191,40.9878196716309,19.2980403900146,86.0509796142578
"2008-09-25",31.4178867340088,43.2010154724121,42.374568939209,19.7699012756348,87.3967819213867
"2008-09-26",31.1684875488281,42.9441947937012,42.3640594482422,19.2440223693848,87.440185546875
"2008-09-29",28.3353614807129,38.2768898010254,38.9024543762207,16.9557781219482,80.5882415771484
"2008-09-30",29.9461288452148,40.736499786377,40.7934608459473,17.9933071136475,83.9237442016602
"2008-10-01",28.9036388397217,40.5981941223145,41.276725769043,17.6976795196533,83.9744033813477
"2008-10-02",27.6853504180908,39.2943229675293,40.7094192504883,16.6885738372803,80.9283218383789
"2008-10-03",27.039400100708,39.2054100036621,40.9405479431152,16.4895992279053,79.8357543945312
"2008-10-06",26.4670639038086,37.9509201049805,40.6148681640625,15.6027307510376,75.7694625854492
"2008-10-07",25.0034885406494,36.227222442627,39.9582595825195,14.7471189498901,72.3760375976562
"2008-10-08",25.3591594696045,36.103759765625,40.4467735290527,15.0256948471069,70.5527038574219
"2008-10-09",22.0068206787109,31.6093006134033,35.7192306518555,12.8625154495239,65.6253662109375
"2008-10-10",19.7174224853516,28.561975479126,32.7566337585449,12.3366479873657,64.033576965332
"2008-10-13",22.9920787811279,34.5183525085449,38.3876686096191,14.369065284729,73.3310928344727
"2008-10-14",23.286434173584,33.8515815734863,38.0619850158691,14.3861217498779,72.2457733154297
"2008-10-15",20.0690135955811,29.6238422393799,32.7513885498047,12.308217048645,65.1333618164062
"2008-10-16",21.2341537475586,31.1647872924805,36.4808883666992,12.7772369384766,67.8466262817383
"2008-10-17",21.4671802520752,30.7943801879883,35.7402496337891,13.0586452484131,67.4414367675781
"2008-10-20",23.6012344360352,34.3800506591797,39.3909683227539,14.5794115066528,71.493278503418
"2008-10-21",22.0599746704102,32.9922180175781,37.5577201843262,13.9170970916748,69.3588562011719
"2008-10-22",20.0567455291748,30.4931106567383,33.9175148010254,12.5640525817871,65.5819473266602
"2008-10-23",21.0501842498779,32.9774017333984,36.9746551513672,13.2320394515991,66.3416900634766
"2008-10-24",19.8073787689209,31.5648384094238,36.2655258178711,12.40771484375,62.9772186279297
"2008-10-27",18.6504077911377,30.4782886505127,34.7159576416016,11.614631652832,60.7414703369141
"2008-10-28",20.5064525604248,34.5825576782227,39.3226699829102,13.3855438232422,67.8394012451172
"2008-10-29",20.6962890625,35.0665817260742,39.2123641967773,13.6811628341675,67.3473968505859
"2008-10-30",21.3937206268311,36.6371574401855,39.4224891662598,14.3122158050537,69.6771926879883
"2008-10-31",21.4638938903809,36.8446083068848,38.9339485168457,14.6106767654419,70.0606918334961
"2008-11-03",21.2781829833984,36.3951416015625,39.023250579834,14.1587133407593,70.2632904052734
"2008-11-04",23.0155906677246,38.6176681518555,40.7041625976562,15.0711660385132,72.6509628295898
"2008-11-05",22.0622806549072,36.9828720092773,38.7080841064453,14.397481918335,69.5975952148438
"2008-11-06",20.2670936584473,34.6269950866699,36.7487869262695,13.5305128097534,65.7411499023438
"2008-11-07",21.2864437103271,36.2815628051758,39.0680351257324,14.1700839996338,67.911750793457
"2008-11-10",21.0181922912598,36.7161865234375,39.1049995422363,14.2184066772461,67.0218048095703
"2008-11-11",20.2547149658203,36.3210678100586,38.3812522888184,13.8090810775757,64.9524765014648
"2008-11-12",18.3811111450195,33.2292747497559,36.4159545898438,12.6777486801147,62.0944671630859
"2008-11-13",20.2959766387939,37.392822265625,39.8393516540527,14.1672449111938,65.9654235839844
"2008-11-14",19.5572757720947,36.2071723937988,38.9253997802734,13.5788307189941,62.6732978820801
"2008-11-17",19.2972755432129,35.2606506347656,38.766902923584,13.2974214553833,61.8412666320801
"2008-11-18",20.5889778137207,36.5658569335938,40.3253898620605,13.6698026657104,63.0061492919922
"2008-11-19",19.1239433288574,35.1759643554688,38.7880325317383,12.9619998931885,58.9687767028809
"2008-11-20",17.2503490447998,32.0823020935059,36.1940765380859,11.3588104248047,54.5913238525391
"2008-11-21",19.3302917480469,35.1161727905273,40.0506896972656,12.6265840530396,57.5361518859863
"2008-11-24",20.4321746826172,37.0142059326172,41.6303215026855,13.539041519165,61.5228691101074
"2008-11-25",21.1419868469238,38.125129699707,41.2657928466797,13.755072593689,61.9787406921387
"2008-11-26",22.5575046539307,39.8189239501953,42.7344779968262,14.5254030227661,64.3736267089844
"2008-11-28",21.6743679046631,39.3605918884277,42.343505859375,14.2923154830933,65.1840286254883
"2008-12-01",19.817268371582,35.8783531188965,39.2582473754883,12.7715549468994,59.4101219177246
"2008-12-02",20.4362964630127,37.6319465637207,41.0016288757324,13.2036275863647,61.6965255737305
"2008-12-03",20.5353374481201,37.2334136962891,41.6989860534668,13.2121467590332,63.1797943115234
"2008-12-04",19.0991840362549,35.748851776123,40.2936973571777,12.2968435287476,61.7182197570801
"2008-12-05",19.7140865325928,37.0739974975586,40.4680442810059,12.5526752471924,63.6211700439453
"2008-12-08",20.9851627349854,38.9022750854492,42.0529518127441,13.1098194122314,65.842414855957
"2008-12-09",21.1007194519043,37.6419105529785,41.3133316040039,13.2405757904053,64.7571182250977
"2008-12-10",22.0003814697266,39.0766448974609,42.3012466430664,13.9256258010864,65.1984710693359
"2008-12-11",21.7940349578857,39.5847854614258,42.2748260498047,13.8602495193481,63.6283874511719
"2008-12-12",21.2080307006836,39.3556213378906,42.5020027160645,13.7238006591797,64.3881378173828
"2008-12-15",21.4184989929199,38.9620628356934,42.2378616333008,13.6442108154297,63.4908981323242
"2008-12-16",22.3387813568115,39.3605918884277,43.923152923584,14.0677528381348,66.4791412353516
"2008-12-17",22.0457725524902,38.2695922851562,42.824275970459,13.976788520813,65.8351745605469
"2008-12-18",21.2699165344238,36.381534576416,40.6793518066406,13.1638250350952,64.6051559448242
"2008-12-19",20.9645309448242,35.2955131530762,39.6333274841309,13.1435317993164,64.3272399902344
"2008-12-22",20.4404296875,34.568187713623,39.5752143859863,12.75208568573,63.503044128418
"2008-12-23",19.9988479614258,34.4735336303711,39.6755790710449,12.7806596755981,62.8465270996094
"2008-12-24",19.8090114593506,34.6827583312988,40.0348434448242,12.7320880889893,63.2112693786621
"2008-12-26",20.0524959564209,35.0464363098145,40.7797317504883,12.9035272598267,63.5759468078613
"2008-12-29",20.2216911315918,35.6442375183105,41.2182235717773,13.1863965988159,63.3936500549316
"2008-12-30",21.2327861785889,36.5558929443359,41.519359588623,13.5064172744751,64.8962020874023
"2008-12-31",21.3772258758545,36.8498077392578,42.1744689941406,13.6492748260498,65.8225860595703
"2009-01-02",22.6359252929688,38.1201629638672,43.1306991577148,14.3293104171753,67.8065872192383
"2009-01-05",22.8917846679688,38.1898880004883,43.1254043579102,14.6664724349976,67.7263412475586
"2009-01-06",22.9784564971924,38.5336494445801,42.4227638244629,14.8264827728271,68.1785583496094
"2009-01-07",21.9714946746826,36.8448295593262,41.3397521972656,14.1978778839111,66.1362380981445
"2009-01-08",22.2810115814209,36.9843254089355,41.783519744873,14.3807439804077,66.4061126708984
"2009-01-09",21.4556407928467,36.2768936157227,40.9804954528809,13.8978595733643,64.9837417602539
"2009-01-12",20.8283500671387,35.280574798584,40.4363441467285,13.3492622375488,63.4227676391602
"2009-01-13",21.1378574371338,35.7787399291992,41.1654090881348,13.6835632324219,63.539493560791
"2009-01-14",20.3124923706055,34.717643737793,39.6755790710449,13.0292444229126,61.5408935546875
"2009-01-15",19.9988479614258,35.2556571960449,40.4997596740723,13.1921072006226,61.5627670288086
"2009-01-16",20.3785133361816,35.7388877868652,41.2604942321777,13.2978324890137,62.0441818237305
"2009-01-20",18.8557014465332,34.0301475524902,40.3042678833008,12.5892305374146,58.769100189209
"2009-01-21",20.3785133361816,35.4848136901855,41.8733329772949,13.4349822998047,61.3074607849121
"2009-01-22",19.8461456298828,34.8471488952637,41.3291778564453,13.0663919448853,60.3592376708984
"2009-01-23",19.8832874298096,35.280574798584,41.228816986084,13.4464168548584,60.6218109130859
"2009-01-26",20.2753524780273,35.514705657959,41.5246315002441,13.6949939727783,61.0375938415527
"2009-01-27",20.4321746826172,35.9132385253906,41.6937103271484,13.7178516387939,61.6576118469238
"2009-01-28",20.70041847229,36.7601356506348,41.8680381774902,14.0921630859375,63.7437438964844
"2009-01-29",19.4623546600342,35.1809234619141,40.6793518066406,13.594988822937,61.6721839904785
"2009-01-30",19.6150455474854,35.1311111450195,40.4046440124512,13.4064064025879,60.4175796508789
"2009-02-02",18.8722076416016,35.0165405273438,40.5155868530273,13.1921072006226,60.2352600097656
"2009-02-03",19.0868015289307,35.6890678405762,41.2710762023926,13.4206962585449,61.0813484191895
"2009-02-04",18.9134769439697,35.6691436767578,41.0280456542969,13.5464172363281,60.7823066711426
"2009-02-05",19.3591842651367,36.4911270141602,42.1480598449707,13.8778600692749,61.6867904663086
"2009-02-06",19.7842483520508,37.3131103515625,42.657772064209,14.1350164413452,63.4446754455566
"2009-02-09",20.0277290344238,37.0739974975586,42.2011528015137,14.1864547729492,63.5321922302246
"2009-02-10",19.0290260314941,35.4300079345703,40.4277114868164,13.5264167785645,60.6218109130859
"2009-02-11",18.9671211242676,35.4997596740723,39.5994110107422,13.3721237182617,60.9792518615723
"2009-02-12",19.0661773681641,35.1226997375488,39.9392242431641,13.3949785232544,61.0230140686035
"2009-02-13",18.8474464416504,35.0573348999023,39.6047210693359,13.4264125823975,60.3665237426758
"2009-02-17",17.7208080291748,33.2725486755371,37.847225189209,12.4977922439575,57.7843780517578
"2009-02-18",17.4443035125732,33.2423858642578,38.1976699829102,12.4263610839844,57.6458015441895
"2009-02-19",17.4401340484619,33.5239295959473,38.3144760131836,12.4292144775391,57.0257720947266
"2009-02-20",16.4594192504883,32.7144737243652,37.820686340332,12.1091947555542,56.4714317321777
"2009-02-23",15.6831865310669,31.6436080932617,36.7959175109863,11.5434532165527,54.4509620666504
"2009-02-24",16.380126953125,32.8200645446777,38.2773094177246,12.0863380432129,56.5152206420898
"2009-02-25",16.0212211608887,31.9251461029053,38.2560691833496,12.0149078369141,56.0702514648438
"2009-02-26",16.046257019043,31.759220123291,37.6720008850098,12.043478012085,55.1585159301758
"2009-02-27",15.5872039794922,30.5224571228027,36.0525703430176,11.7520370483398,53.9257774353027
"2009-03-02",14.6607303619385,28.9689445495605,34.464973449707,10.8919916152954,51.4967994689941
"2009-03-03",14.7191600799561,29.0242347717285,34.1729393005371,10.9462804794312,51.1102294921875
"2009-03-04",15.4620027542114,29.8034954071045,34.8738136291504,11.4691667556763,52.321044921875
"2009-03-05",14.7734031677246,28.3857383728027,33.0366706848145,10.9634256362915,50.1838722229004
"2009-03-06",14.7567157745361,29.2957248687744,33.9977226257324,11.0834302902222,50.2714042663574
"2009-03-09",15.2449989318848,29.3007526397705,34.2844505310059,11.1034336090088,49.6805610656738
"2009-03-10",15.8584661483765,31.0604095458984,35.7817611694336,11.6663198471069,52.6419906616211
"2009-03-11",15.8501176834106,30.7788600921631,34.9216041564941,11.6177453994751,52.9848213195801
"2009-03-12",15.6038961410522,31.8748798370361,35.6543464660645,11.9663362503052,55.0709609985352
"2009-03-13",15.1949090957642,31.6285343170166,35.6808700561523,11.8577575683594,55.5013236999512
"2009-03-16",15.0738897323608,31.6436080932617,35.5587730407715,12.0091924667358,55.3335494995117
"2009-03-17",15.6915330886841,32.8351516723633,36.6844024658203,12.4234991073608,57.0257720947266
"2009-03-18",15.9794883728027,33.4786758422852,36.7268867492676,12.5492248535156,58.302303314209
"2009-03-19",15.9627990722656,33.750171661377,36.2808723449707,12.8520908355713,57.5801467895508
"2009-03-20",15.7791719436646,32.5335006713867,35.0915222167969,12.3494968414307,56.3540420532227
"2009-03-23",17.0061130523682,34.7657470703125,37.4490013122559,13.3661785125732,60.4019050598145
"2009-03-24",16.5345306396484,34.6752433776855,36.8384056091309,13.1134471893311,59.2117919921875
"2009-03-25",16.5679206848145,35.0422477722168,37.2525520324707,13.0502586364746,59.8362503051758
"2009-03-26",16.82248878479,35.2785530090332,37.820686340332,13.1622657775879,61.0557327270508
"2009-03-27",16.8308334350586,34.6400375366211,37.1569709777832,12.771674156189,59.9537391662598
"2009-03-30",16.2841358184814,33.5842514038086,36.4401550292969,12.2978038787842,57.8821029663086
"2009-03-31",16.3425636291504,33.8054618835449,36.158748626709,12.1944141387939,58.4183883666992
"2009-04-01",16.6096496582031,34.3383979797363,36.7587509155273,12.4528884887695,59.5497016906738
"2009-04-02",17.2982406616211,35.3489418029785,37.3003311157227,12.9641027450562,61.2907981872559
"2009-04-03",17.6780090332031,35.4344100952148,37.4012222290039,13.2168369293213,61.9005966186523
"2009-04-06",17.1772212982178,35.1377716064453,37.1941337585449,12.9497423171997,61.4156951904297
"2009-04-07",16.56374168396,34.3886756896973,36.4826393127441,12.5620269775391,59.983154296875
"2009-04-08",16.5053234100342,34.428897857666,36.6153793334961,12.7228546142578,60.6296577453613
"2009-04-09",16.8600482940674,34.8059577941895,37.0826454162598,13.0962114334106,63.0392456054688
"2009-04-13",16.7181606292725,34.1775093078613,36.1162757873535,12.9526109695435,63.0539245605469
"2009-04-14",16.5136699676514,33.4736442565918,35.9463691711426,12.9181432723999,61.9667015075684
"2009-04-15",16.5679206848145,33.5339698791504,36.1799964904785,12.9353799819946,62.6278381347656
"2009-04-16",16.6054782867432,33.146842956543,35.7923889160156,12.9956874847412,63.5461692810059
"2009-04-17",16.764066696167,33.187084197998,35.4419250488281,13.147910118103,63.9722366333008
"2009-04-20",15.8334178924561,32.1111831665039,34.6667327880859,12.5103273391724,61.2907981872559
"2009-04-21",16.154764175415,32.618968963623,35.1658554077148,12.7573204040527,62.4882659912109
"2009-04-22",15.8835000991821,32.0508460998535,34.3800315856934,12.6223363876343,62.1062812805176
"2009-04-23",16.6639137268066,32.9457550048828,34.8897476196289,12.8578395843506,62.716007232666
"2009-04-24",17.1980934143066,33.483715057373,35.3463745117188,13.2311925888062,63.6637191772461
"2009-04-27",17.1229705810547,32.885425567627,35.1127510070801,12.9813356399536,63.0612945556641
"2009-04-28",16.9852409362793,33.1770172119141,35.6171684265137,13.0100507736206,62.8629264831543
"2009-04-29",17.3232879638672,33.9663467407227,36.3392868041992,13.3690528869629,64.1999893188477
"2009-04-30",17.110445022583,33.2323265075684,35.3994750976562,13.147910118103,64.2220230102539
"2009-05-01",17.7364387512207,33.6194458007812,36.1109619140625,13.5729570388794,64.5672912597656
"2009-05-04",18.3081798553467,33.5239295959473,36.211856842041,14.115758895874,66.7638626098633
"2009-05-05",17.928409576416,33.0563621520996,35.9198341369629,13.9262132644653,66.5361099243164
"2009-05-06",18.4542427062988,34.2428741455078,36.4136123657227,14.4661388397217,67.6894989013672
"2009-05-07",18.2539234161377,34.1775093078613,36.5994567871094,14.279468536377,66.7491607666016
"2009-05-08",19.5768566131592,35.3841438293457,37.592357635498,14.8883228302002,68.3066024780273
"2009-05-11",18.8340187072754,34.1875686645508,36.9994735717773,14.4345531463623,67.0283203125
"2009-05-12",18.9759044647217,34.7858428955078,37.8273887634277,14.5264511108398,66.8299865722656
"2009-05-13",18.6128253936768,34.2378387451172,37.2665405273438,14.0468311309814,65.1476440429688
"2009-05-14",18.6712512969971,34.1121482849121,37.2611999511719,14.0870504379272,65.7059783935547
"2009-05-15",18.3332233428955,33.4421005249023,36.9140205383301,13.7854843139648,65.1697006225586
"2009-05-18",18.9967746734619,33.5182304382324,37.6564559936523,14.2622356414795,67.0209732055664
"2009-05-19",19.1553516387939,33.4319381713867,37.6671409606934,14.3311548233032,66.9401702880859
"2009-05-20",19.2763786315918,33.1019859313965,37.1810760498047,14.3799829483032,66.492057800293
"2009-05-21",18.8294620513916,32.7263450622559,36.5294494628906,13.9549407958984,65.5370025634766
"2009-05-22",18.7114086151123,32.7111129760742,36.7644577026367,13.9606742858887,65.3974609375
"2009-05-26",18.9854621887207,33.3304176330566,37.2879066467285,14.2564935684204,67.072395324707
"2009-05-27",18.7493534088135,32.7771072387695,36.4813652038574,14.1014003753662,65.8749465942383
"2009-05-28",19.2299995422363,33.406551361084,36.978099822998,14.5695381164551,66.7932510375977
"2009-05-29",19.326976776123,33.8431091308594,37.0422019958496,14.8423728942871,67.9760360717773
"2009-06-01",20.1955070495605,35.1324844360352,38.3294563293457,15.3880500793457,69.6215972900391
"2009-06-02",20.208158493042,35.2035484313965,38.9490776062012,15.3478345870972,69.6803817749023
"2009-06-03",19.2384281158447,34.6502227783203,38.5003852844238,14.75621509552,68.7987976074219
"2009-06-04",19.3817863464355,35.426887512207,38.9811058044434,15.0893621444702,69.4452972412109
"2009-06-05",18.9728145599365,35.2136878967285,38.9757690429688,14.9658699035645,69.4599685668945
"2009-06-08",18.9812488555908,35.3202934265137,39.0825843811035,14.931396484375,69.1734619140625
"2009-06-09",19.2046985626221,35.629940032959,39.0559005737305,15.0778713226318,69.5261077880859
"2009-06-10",19.2932472229004,35.6451759338379,39.4404640197754,15.2128582000732,69.3497848510742
"2009-06-11",19.2046985626221,36.4979782104492,39.5526466369629,15.5172891616821,69.6583633422852
"2009-06-12",18.7071895599365,36.8888359069824,39.4084243774414,15.3679504394531,69.8493118286133
"2009-06-15",18.1717319488525,36.081729888916,38.890308380127,14.9601221084595,68.2478332519531
"2009-06-16",18.2434120178223,35.4725761413574,38.2600250244141,14.6413345336914,67.3221664428711
"2009-06-17",17.9314193725586,34.9395751953125,38.1478538513184,14.4029636383057,67.2560577392578
"2009-06-18",18.0494728088379,34.7365226745605,38.1585502624512,14.3483934402466,67.7482681274414
"2009-06-19",18.1169261932373,34.548698425293,37.9502296447754,14.2052135467529,67.9979782104492
"2009-06-22",17.0460205078125,33.381175994873,36.7697906494141,13.4951000213623,65.9589462280273
"2009-06-23",17.3917446136475,33.4826927185059,36.8285522460938,13.5759191513062,66.0106430053711
"2009-06-24",17.5814819335938,33.3608779907227,36.5614929199219,13.6307735443115,66.5794982910156
"2009-06-25",17.6067676544189,33.9446334838867,37.3252868652344,13.9165506362915,68.0275039672852
"2009-06-26",17.5477447509766,33.4776191711426,36.8819618225098,13.8241748809814,67.8502349853516
"2009-06-29",17.7964954376221,33.9497146606445,37.6991882324219,13.9540719985962,68.4856033325195
"2009-06-30",17.7332553863525,33.6299171447754,37.3413238525391,13.8703632354736,67.9315032958984
"2009-07-01",17.7332553863525,33.7669792175293,37.6885032653809,13.8819065093994,68.2122421264648
"2009-07-02",17.2694759368896,32.7009696960449,36.5828514099121,13.3247890472412,66.3504943847656
"2009-07-06",17.2146625518799,32.5588264465332,36.3745536804199,13.1891088485718,66.3431015014648
"2009-07-07",16.8605041503906,31.8278484344482,35.5519714355469,12.8513765335083,65.0576324462891
"2009-07-08",16.6286144256592,31.8684673309326,35.391731262207,12.8542594909668,65.0132598876953
"2009-07-09",16.9954242706299,32.0207557678223,35.2368240356445,12.9870529174805,65.1388778686523
"2009-07-10",16.746675491333,31.1679363250732,34.7828178405762,12.8946743011475,64.9837493896484
"2009-07-13",17.126127243042,31.6958656311035,35.0926132202148,13.0909662246704,66.5647659301758
"2009-07-14",17.0966186523438,31.9801445007324,35.3703651428223,13.267050743103,66.941535949707
"2009-07-15",17.5561771392822,32.7771072387695,36.5561332702637,13.7375764846802,68.899299621582
"2009-07-16",17.8639602661133,32.9395484924316,36.5668258666992,13.9050073623657,68.7885131835938
"2009-07-17",17.8681716918945,33.0563125610352,36.5988731384277,13.9858350753784,69.5420455932617
"2009-07-20",18.2096824645996,33.3202629089355,36.8232040405273,14.225417137146,70.2808532714844
"2009-07-21",18.3403873443604,33.6299171447754,37.6404266357422,14.3495502471924,70.6058959960938
"2009-07-22",18.1970348358154,33.4725532531738,37.3840408325195,14.2196464538574,70.5911483764648
"2009-07-23",18.5469779968262,34.4624099731445,38.2493553161621,14.6237821578979,72.1499710083008
"2009-07-24",18.9517345428467,34.7365226745605,38.6125526428223,14.7767734527588,72.4454803466797
"2009-07-27",19.0782203674316,34.9497261047363,38.8582649230957,14.8258428573608,72.6597518920898
"2009-07-28",18.9306564331055,34.6908416748047,38.3989067077637,14.6093454360962,72.3198928833008
"2009-07-29",18.2617130279541,34.0715446472168,38.1532173156738,14.2716064453125,72.1426010131836
"2009-07-30",18.4023132324219,34.3659629821777,37.7739715576172,14.4707880020142,72.8961563110352
"2009-07-31",18.6238803863525,35.2644500732422,37.5977020263672,14.6122303009033,72.9995651245117
"2009-08-03",19.1692562103271,35.7365455627441,37.7365837097168,14.9875011444092,74.2038116455078
"2009-08-04",19.1096000671387,35.7416229248047,37.7098693847656,14.9615163803101,74.395866394043
"2009-08-05",18.9988193511963,35.426887512207,37.4054183959961,14.8114080429077,74.1816177368164
"2009-08-06",18.7985668182373,35.1527671813965,37.2451667785645,14.6901750564575,73.7974853515625
"2009-08-07",18.7772655487061,35.2796821594238,37.1063003540039,14.6728477478027,74.7652816772461
"2009-08-10",18.8411769866943,35.1426200866699,36.9513893127441,14.7363557815552,74.6101150512695
"2009-08-11",18.5855388641357,34.4877891540527,36.6128387451172,14.5227518081665,73.6792831420898
"2009-08-12",18.700569152832,34.8837356567383,37.1394958496094,14.6786251068115,74.4697418212891
"2009-08-13",18.8369178771973,34.7872848510742,36.9460258483887,14.8575973510742,75.0386123657227
"2009-08-14",18.649435043335,34.838062286377,36.655834197998,14.6382112503052,74.4623718261719
"2009-08-17",18.0486679077148,34.1407699584961,35.763744354248,14.1647987365723,72.6301803588867
"2009-08-18",18.1466732025146,34.3202247619629,35.7314872741699,14.3062467575073,73.2064361572266
"2009-08-19",18.3724899291992,34.9457244873047,36.5429763793945,14.5718231201172,73.8491744995117
"2009-08-20",18.4278774261475,35.1815643310547,36.8600425720215,14.695948600769,74.6101150512695
"2009-08-21",18.8326530456543,35.7506675720215,37.574779510498,15.1116218566895,76.0729293823242
"2009-08-24",19.3056049346924,36.278751373291,38.3163871765137,15.3050327301025,76.065559387207
"2009-08-25",19.18630027771,36.2223472595215,37.983226776123,15.0712118148804,76.2133178710938
"2009-08-26",19.4249057769775,36.4479217529297,38.35400390625,15.1404905319214,76.2206802368164
"2009-08-27",19.4845523834229,36.4017944335938,38.0799369812012,15.0943021774292,76.3905944824219
"2009-08-28",19.4717712402344,36.237735748291,37.6822547912598,15.0625514984131,76.3758239746094
"2009-08-31",19.18630027771,35.8583335876465,37.1609916687012,14.7709999084473,75.696159362793
"2009-09-01",18.8113498687744,35.1097793579102,36.7633209228516,14.5140857696533,74.0264892578125
"2009-09-02",18.8923072814941,34.8841934204102,36.6396980285645,14.4072799682617,73.7457427978516
"2009-09-03",18.8411769866943,35.032886505127,36.6827011108398,14.5083131790161,74.3589553833008
"2009-09-04",19.1607360839844,35.3558807373047,37.1771125793457,14.710376739502,75.400634765625
"2009-09-08",19.5995998382568,36.1351928710938,37.9670867919922,15.1145076751709,76.0507583618164
"2009-09-09",19.5271606445312,36.058277130127,37.8864707946777,15.14914894104,76.634407043457
"2009-09-10",19.7615032196045,36.6324920654297,37.9670867919922,15.4118347167969,77.4174957275391
"2009-09-11",19.5825538635254,36.273624420166,37.6070137023926,15.4724521636963,77.4027252197266
"2009-09-14",19.8509845733643,36.4223022460938,37.6177787780762,15.5879220962524,77.7795257568359
"2009-09-15",19.740198135376,36.7247924804688,37.3436965942383,15.7438049316406,78.104621887207
"2009-09-16",19.9361953735352,37.1451950073242,37.8004837036133,16.1334991455078,79.2866516113281
"2009-09-17",19.9361953735352,36.8990936279297,37.5318031311035,16.0555534362793,79.16845703125
"2009-09-18",19.9404525756836,37.2426223754883,37.6123847961426,15.9993104934692,79.2189407348633
"2009-09-21",19.6635036468506,36.940128326416,37.3866920471191,15.8630323410034,79.0185165405273
"2009-09-22",19.8722839355469,37.237491607666,37.5264129638672,16.1123886108398,79.4787368774414
"2009-09-23",19.5271606445312,36.5915031433105,37.0803756713867,15.776047706604,78.8180770874023
"2009-09-24",19.1990833282471,36.2531051635742,37.0427589416504,15.5498914718628,77.9495849609375
"2009-09-25",19.1990833282471,36.227466583252,36.9191474914551,15.529598236084,77.5338821411133
"2009-09-28",19.4675102233887,36.7606773376465,37.3974494934082,15.7789573669434,78.9219970703125
"2009-09-29",19.2672500610352,36.3556442260742,37.1179809570312,15.7354593276978,78.684455871582
"2009-09-30",19.2416877746582,36.109546661377,36.870792388916,15.6339750289917,78.3801116943359
"2009-10-01",19.3865547180176,35.2789764404297,36.1506881713867,15.1468677520752,76.4352874755859
"2009-10-02",19.9404525756836,34.9354629516602,35.7798652648926,15.0685749053955,76.0789566040039
"2009-10-05",20.3920955657959,35.5763549804688,36.3172569274902,15.4020118713379,77.2147064208984
"2009-10-06",20.626443862915,36.1762008666992,36.8976669311523,15.7673473358154,78.3207550048828
"2009-10-07",21.1760807037354,36.150562286377,36.9030342102051,15.8891258239746,78.5360107421875
"2009-10-08",21.904670715332,36.6324920654297,37.1072540283203,16.2979545593262,79.1372756958008
"2009-10-09",21.6362457275391,37.304141998291,37.225471496582,16.2834568023682,79.6197967529297
"2009-10-12",21.8833808898926,37.7707099914551,37.6876373291016,16.5038204193115,79.9315185546875
"2009-10-13",21.7172031402588,37.975757598877,37.7574996948242,16.5299167633057,79.7682418823242
"2009-10-14",21.6618175506592,38.6884384155273,38.6065826416016,16.8053646087646,81.1415252685547
"2009-10-15",22.0580615997314,39.3190650939941,39.1977195739746,17.1561946868896,81.4384002685547
"2009-10-16",22.1390266418457,39.3805809020996,39.2944602966309,17.1040077209473,80.8297348022461
"2009-10-19",22.6162242889404,39.8163642883301,39.5631408691406,17.3272686004639,81.4978332519531
"2009-10-20",22.5395336151123,39.4933700561523,39.2406997680664,17.2170925140381,81.0672607421875
"2009-10-21",22.5693550109863,39.4626121520996,39.396556854248,17.1706981658936,80.3397979736328
"2009-10-22",22.5523166656494,39.6266784667969,40.0038032531738,17.2373847961426,81.1563186645508
"2009-10-23",22.1432781219482,39.3139419555664,39.5362701416016,16.9039459228516,80.2284469604492
"2009-10-26",21.6192073822021,38.6833267211914,39.3535690307617,16.6256008148193,79.359992980957
"2009-10-27",21.9004192352295,39.2677803039551,40.2564010620117,16.7734622955322,78.9962387084961
"2009-10-28",21.2937412261963,38.9089012145996,39.6813735961914,16.2196750640869,77.5042266845703
"2009-10-29",22.0854206085205,39.9650650024414,39.745849609375,16.6516933441162,79.1669616699219
"2009-10-30",21.5906295776367,39.2421569824219,38.5152359008789,16.0196094512939,76.8732376098633
"2009-11-02",21.5045776367188,39.2934417724609,38.7731857299805,16.1210842132568,77.4373779296875
"2009-11-03",21.8358726501465,39.3241882324219,38.5528450012207,16.3298397064209,77.6823501586914
"2009-11-04",22.0510063171387,39.1088485717773,38.3163871765137,16.3153533935547,77.8827590942383
"2009-11-05",22.3521938323975,39.6010398864746,38.9612693786621,16.5936985015869,79.3154144287109
"2009-11-06",22.4210376739502,39.7497329711914,39.0042533874512,16.5502128601074,79.5232849121094
"2009-11-09",22.7394218444824,39.8163642883301,39.3772277832031,16.8662548065186,81.3344955444336
"2009-11-10",23.0535163879395,40.1650199890137,39.2474784851074,16.8778476715088,81.3493499755859
"2009-11-11",22.8728199005127,40.2521820068359,39.4096565246582,16.8720531463623,81.765022277832
"2009-11-12",22.4683704376221,39.6933326721191,38.863712310791,16.5009155273438,80.9336395263672
"2009-11-13",22.7308311462402,39.9599342346191,39.171802520752,16.6053028106689,81.3716125488281
"2009-11-16",23.1653842926025,40.6581916809082,40.2312507629395,17.0402202606201,82.5518646240234
"2009-11-17",23.1008472442627,40.7616157531738,40.555549621582,17.0112266540527,82.6483764648438
"2009-11-18",23.0535163879395,40.8185005187988,40.6852836608887,16.9445400238037,82.5964202880859
"2009-11-19",22.614652633667,40.0013236999512,40.3501777648926,16.5647029876709,81.5201034545898
"2009-11-20",22.4081325531006,39.7065048217773,40.2042121887207,16.411039352417,81.2305755615234
"2009-11-23",22.5329036712646,40.7254066467285,40.9177055358887,16.6226921081543,82.2623748779297
"2009-11-24",22.6662864685059,40.8754005432129,41.0636329650879,16.7183818817139,82.3885803222656
"2009-11-25",22.7609424591064,41.1909103393555,41.3339080810547,16.8488483428955,82.6780624389648
"2009-11-27",22.339282989502,40.4306106567383,40.4690856933594,16.5328044891357,81.3344955444336
"2009-11-30",22.2747421264648,40.363353729248,40.5771865844727,16.4748229980469,81.6091461181641
"2009-12-01",22.48557472229,40.8909225463867,41.1014976501465,16.6922798156738,82.6186904907227
"2009-12-02",22.3048610687256,40.7202453613281,40.9663352966309,16.5936985015869,82.5815811157227
"2009-12-03",22.0165882110596,40.3219909667969,40.5339279174805,16.3269443511963,81.9357528686523
"2009-12-04",21.7971496582031,40.3788757324219,40.1339530944824,16.2080688476562,82.4034194946289
"2009-12-07",21.8659915924072,40.4306106567383,39.8745040893555,16.170373916626,82.277229309082
"2009-12-08",21.4873600006104,39.7013320922852,39.4312744140625,15.8949298858643,81.3641815185547
"2009-12-09",21.6078338623047,39.8564949035645,39.344799041748,15.8949298858643,81.6685333251953
"2009-12-10",21.8961143493652,40.0426826477051,39.133975982666,16.0920963287354,82.1287536621094
"2009-12-11",21.9090175628662,40.2185668945312,39.3664131164551,16.1007862091064,82.4776458740234
"2009-12-14",21.9821605682373,39.9599380493164,37.6691627502441,16.2660636901855,83.0418167114258
"2009-12-15",21.7971496582031,40.0168342590332,37.3880805969238,16.3182506561279,82.6558303833008
"2009-12-16",21.8832054138184,40.2857894897461,36.9880981445312,16.4226245880127,82.7819900512695
"2009-12-17",21.6035346984863,39.7116851806641,36.8745956420898,16.2834568023682,81.7873001098633
"2009-12-18",21.4271335601807,39.773754119873,36.8691825866699,16.3691654205322,82.2500076293945
"2009-12-21",21.771333694458,40.0840644836426,37.0313529968262,16.564489364624,83.0858764648438
"2009-12-22",21.874605178833,40.0788955688477,37.0637626647949,16.6432037353516,83.384407043457
"2009-12-23",21.719705581665,39.8461456298828,36.8961982727051,16.7743816375732,83.5485382080078
"2009-12-24",21.8875102996826,40.0478553771973,37.1124229431152,16.8530921936035,83.9441223144531
"2009-12-28",22.0122890472412,40.2237091064453,37.3394432067871,16.8822498321533,84.1232376098633
"2009-12-29",21.8573875427246,39.9340744018555,37.2097206115723,16.7714729309082,84.0038223266602
"2009-12-30",21.939136505127,40.1616592407227,37.1718788146973,16.7539768218994,83.9739685058594
"2009-12-31",21.9735622406006,39.8202896118164,36.8583831787109,16.6198806762695,83.1679763793945
"2010-01-04",22.623254776001,40.8909225463867,37.377269744873,17.1446228027344,84.5784759521484
"2010-01-05",22.6447772979736,41.1805725097656,37.5232238769531,17.2845573425293,84.8023681640625
"2010-01-06",22.8082599639893,41.1857414245605,37.847541809082,17.4915370941162,84.862060546875
"2010-01-07",22.7179203033447,41.0305671691895,37.7286224365234,17.4653015136719,85.2203063964844
"2010-01-08",22.9158382415771,41.1029739379883,37.5772590637207,17.5789928436279,85.5038986206055
"2010-01-11",23.0492267608643,41.8322334289551,37.9988899230957,17.5556755065918,85.6233215332031
"2010-01-12",22.5587196350098,41.5891532897949,37.8097038269043,17.3020477294922,84.8247299194336
"2010-01-13",22.700704574585,41.2736625671387,37.6583404541016,17.3661842346191,85.5412216186523
"2010-01-14",22.7953605651855,41.1443672180176,37.6637382507324,17.4157371520996,85.7725601196289
"2010-01-15",22.8125762939453,40.9788398742676,37.355655670166,17.2758121490479,84.8098297119141
"2010-01-19",23.1094627380371,41.2115936279297,37.4421424865723,17.4332313537598,85.8695983886719
"2010-01-20",22.8297805786133,40.4202499389648,36.7718887329102,17.1621189117432,84.9964065551758
"2010-01-21",22.4769706726074,39.4323768615723,36.0529899597168,16.8122825622559,83.3619918823242
"2010-01-22",21.771333694458,38.5789794921875,35.7286796569824,16.4128952026367,81.5036849975586
"2010-01-25",21.8358726501465,38.5583038330078,35.5935478210449,16.5207538604736,81.9216384887695
"2010-01-26",21.6981964111328,38.3513946533203,35.6313819885254,16.415807723999,81.578369140625
"2010-01-27",21.4314231872559,38.1186599731445,35.4259796142578,16.3516731262207,81.9664154052734
"2010-01-28",20.803243637085,37.8807334899902,35.1124839782715,16.1796741485596,81.0261001586914
"2010-01-29",20.6526565551758,37.3014526367188,34.8259925842285,15.8881483078003,80.1454391479492
"2010-02-01",21.1130294799805,38.0565757751465,35.7719116210938,16.4128952026367,81.3917465209961
"2010-02-02",21.5777072906494,38.5065612792969,36.1935234069824,16.6286182403564,82.3768920898438
"2010-02-03",21.5088710784912,37.8652076721191,35.9989318847656,16.4857769012451,81.9664154052734
"2010-02-04",20.7214984893799,36.9135551452637,34.9827499389648,15.8094339370728,79.4364776611328
"2010-02-05",20.6440467834473,36.8152809143066,35.0259971618652,15.8123502731323,79.6006393432617
"2010-02-08",20.381591796875,36.2721977233887,35.0096702575684,15.6665859222412,79.026008605957
"2010-02-09",20.8634853363037,36.8825187683105,35.4721221923828,15.9960088729858,80.0185852050781
"2010-02-10",20.7645168304443,36.5928688049316,35.2817001342773,15.9289560317993,79.8618698120117
"2010-02-11",21.0398769378662,37.0997467041016,35.4938812255859,16.2000827789307,80.6977005004883
"2010-02-12",20.9409294128418,37.078857421875,35.2544975280762,16.2059135437012,80.6305389404297
"2010-02-16",21.4787635803223,38.1127319335938,36.0596885681152,16.5878067016602,81.8992462158203
"2010-02-17",21.2119827270508,38.0344009399414,35.7767753601074,16.564489364624,82.2873306274414
"2010-02-18",21.2424201965332,38.4416961669922,35.8855934143066,16.6577739715576,82.7724304199219
"2010-02-19",21.2554492950439,38.6662368774414,35.8366317749023,16.7219142913818,82.9441146850586
"2010-02-22",21.1685237884521,38.0970840454102,35.5809211730957,16.491605758667,82.9590072631836
"2010-02-23",20.7990531921387,37.6166954040527,35.3306655883789,16.2175693511963,81.9514846801758
"2010-02-24",21.0163898468018,37.7733345031738,35.662540435791,16.3196105957031,82.7052688598633
"2010-02-25",20.9946594238281,37.6532402038574,35.4394721984863,16.3283557891846,82.5933303833008
"2010-02-26",20.8642616271973,37.7524528503418,35.3632965087891,16.3662528991699,82.6455535888672
"2010-03-01",21.2598094940186,38.018741607666,35.5809211730957,16.5178394317627,83.5038070678711
"2010-03-02",21.607551574707,38.2850646972656,35.6298828125,16.654857635498,83.7351684570312
"2010-03-03",21.4641017913818,38.185848236084,35.5972442626953,16.7277412414551,83.8097915649414
"2010-03-04",21.4467163085938,38.159740447998,35.5809211730957,16.6402778625488,84.0635299682617
"2010-03-05",21.9118213653564,38.7967758178711,36.1630592346191,16.9522151947021,85.2650680541992
"2010-03-08",22.050910949707,38.9743118286133,36.1684951782227,16.9259777069092,85.2800064086914
"2010-03-09",22.1030693054199,38.7967758178711,36.3317184448242,16.9259777069092,85.4217987060547
"2010-03-10",22.3725738525391,38.6192436218262,36.5710945129395,17.0746517181396,85.8024215698242
"2010-03-11",22.2986736297607,38.6349029541016,36.5710945129395,17.0455074310303,86.16064453125
"2010-03-12",22.4638442993164,38.4939231872559,36.3425827026367,17.0542526245117,86.1681289672852
"2010-03-15",22.4508113861084,38.415584564209,36.0705757141113,16.8793334960938,86.1904907226562
"2010-03-16",22.6768417358398,38.6296768188477,36.2174797058105,17.0309295654297,86.8771057128906
"2010-03-17",23.0289173126221,38.9899673461914,36.6472473144531,17.2174968719482,87.3920516967773
"2010-03-18",22.9115543365479,39.0369720458984,36.6635932922363,16.9609546661377,87.3472671508789
"2010-03-19",22.7637691497803,39.1518516540527,36.4731636047363,16.7570571899414,86.9051208496094
"2010-03-22",22.646411895752,38.8803176879883,36.4350814819336,16.7131767272949,87.3697509765625
"2010-03-23",22.8246288299561,39.0421905517578,36.4242134094238,16.7775325775146,87.9842300415039
"2010-03-24",22.8333168029785,38.6035766601562,36.179386138916,16.6809921264648,87.5570755004883
"2010-03-25",22.3986568450928,38.5357055664062,36.0705757141113,16.4001502990723,87.4147186279297
"2010-03-26",22.1769676208496,38.864673614502,36.2011489868164,16.406005859375,87.3622283935547
"2010-03-29",22.2334766387939,39.282398223877,36.6146354675293,16.7248725891113,87.9168014526367
"2010-03-30",22.2812957763672,39.3189430236816,36.4786071777344,16.7512054443359,87.9767532348633
"2010-03-31",22.2421684265137,39.5957145690918,36.4405326843262,16.8272743225098,87.6769866943359
"2010-04-01",22.6116371154785,40.0447463989258,36.7832832336426,17.1256656646729,88.2764663696289
"2010-04-05",23.1593227386475,40.5512466430664,37.0988311767578,17.4299182891846,88.9958801269531
"2010-04-06",23.1680126190186,40.6661224365234,36.9410438537598,17.4299182891846,89.2056732177734
"2010-04-07",22.9984912872314,40.399829864502,36.6363754272461,17.2573127746582,88.6961517333984
"2010-04-08",23.4462051391602,40.5512466430664,36.9192924499512,17.3187465667725,89.0033721923828
"2010-04-09",24.0460586547852,41.5120391845703,37.408935546875,17.5030574798584,89.5878982543945
"2010-04-12",24.3242511749268,41.9976463317871,37.3817481994629,17.5440082550049,89.7302627563477
"2010-04-13",24.1981868743896,41.8827476501465,37.3545303344727,17.4825687408447,89.7976989746094
"2010-04-14",24.728494644165,42.0759696960449,37.3273124694824,17.6493263244629,90.8168640136719
"2010-04-15",24.8023853302002,42.6033363342285,37.1368980407715,17.6464080810547,90.8918380737305
"2010-04-16",24.3633728027344,42.164737701416,36.9573631286621,17.3480014801025,89.4455261230469
"2010-04-19",24.6198101043701,42.4623680114746,37.1205902099609,17.371410369873,89.78271484375
"2010-04-20",24.9501705169678,42.8435516357422,37.523193359375,17.7107601165771,90.5845718383789
"2010-04-21",24.8719329833984,42.7756729125977,37.4959716796875,17.6932067871094,90.4197158813477
"2010-04-22",24.7676067352295,42.3997077941895,37.3001174926758,17.7370891571045,90.6894760131836
"2010-04-23",25.2500972747803,43.1672821044922,37.6700820922852,18.1642074584961,91.281494140625
"2010-04-26",25.3413753509521,43.1255149841309,37.6972846984863,18.1027774810791,90.9367446899414
"2010-04-27",25.0110263824463,41.8932113647461,37.1423416137695,17.5469360351562,88.7860717773438
"2010-04-28",25.4500465393066,42.0968551635742,37.642879486084,17.7253875732422,89.4605255126953
"2010-04-29",25.6891117095947,42.9688568115234,37.3545303344727,17.7458648681641,90.569580078125
"2010-04-30",25.7282390594482,42.5250282287598,36.8703117370605,17.5264549255371,89.0333786010742
"2010-05-03",25.9499225616455,43.2508392333984,36.9084053039551,17.7253875732422,90.1874160766602
"2010-05-04",25.2153167724609,42.1699638366699,36.1630592346191,17.2514572143555,88.0666351318359
"2010-05-05",24.6719856262207,41.872314453125,35.9998397827148,16.9793910980225,87.542106628418
"2010-05-06",23.9460735321045,40.3110427856445,34.7594108581543,16.4001502990723,84.6345138549805
"2010-05-07",23.7678699493408,40.2588272094727,34.6560440063477,16.0871295928955,83.3755645751953
"2010-05-10",24.6328563690186,41.7156791687012,35.4884490966797,16.7746124267578,87.0475158691406
"2010-05-11",24.8980197906494,41.6164588928223,35.307689666748,16.6634407043457,86.8002090454102
"2010-05-12",25.0718898773193,41.8044319152832,35.5541687011719,16.894552230835,88.0141983032227
"2010-05-13",24.7502174377441,41.2091751098633,35.4610481262207,16.7863121032715,86.9200973510742
"2010-05-14",24.272087097168,40.640007019043,34.8366088867188,16.4528179168701,85.3464202880859
"2010-05-17",23.9895439147949,40.9667930603027,34.6558647155762,16.2831287384033,85.3913726806641
"2010-05-18",23.7635173797607,40.502986907959,34.3929481506348,16.1573390960693,84.229850769043
"2010-05-19",23.4331760406494,40.3712272644043,34.2066955566406,15.9730386734009,83.7502822875977
"2010-05-20",22.3660202026367,38.7901039123535,33.0454788208008,15.2592182159424,80.5878829956055
"2010-05-21",22.6031761169434,39.2539291381836,33.3467407226562,15.5254373550415,81.764404296875
"2010-05-24",22.0059204101562,38.7057838439941,32.9688148498535,15.1714572906494,80.7153015136719
"2010-05-25",21.9224853515625,38.247241973877,32.7058906555176,15.2065649032593,80.7977294921875
"2010-05-26",21.7687816619873,37.7096824645996,32.4867973327637,15.1743812561035,80.3106155395508
"2010-05-27",22.9281349182129,39.1906661987305,33.664436340332,15.8179836273193,83.0009002685547
"2010-05-28",22.7744369506836,38.9324150085449,33.1167030334473,15.5195894241333,81.9592819213867
"2010-06-01",22.1025390625,38.0996856689453,32.4539222717285,14.7823657989502,80.5804138183594
"2010-06-02",23.0510997772217,39.0694351196289,33.286491394043,15.4230480194092,82.6786575317383
"2010-06-03",22.8271408081055,38.953483581543,33.7192230224609,15.6307497024536,82.9634323120117
"2010-06-04",21.983959197998,37.5673866271973,32.6072959899902,15.0807666778564,80.0483322143555
"2010-06-07",21.7775630950928,37.6042709350586,32.4813117980957,14.9491186141968,79.051643371582
"2010-06-08",22.3265056610107,37.430347442627,33.5439338684082,15.1977825164795,79.8984832763672
"2010-06-09",22.2737941741943,37.3091278076172,32.8811645507812,15.0398139953613,79.4713134765625
"2010-06-10",23.437557220459,39.090518951416,33.8999824523926,15.7945785522461,81.7943954467773
"2010-06-11",23.4946422576904,39.0325508117676,33.8835296630859,15.8911218643188,82.1915740966797
"2010-06-14",23.1872482299805,39.0958023071289,33.6151580810547,15.8092031478882,82.0641479492188
"2010-06-15",23.84596824646,39.6491889953613,34.239574432373,16.2714290618896,83.9300918579102
"2010-06-16",23.9206275939941,39.5016136169434,34.239574432373,16.2597312927246,83.9001312255859
"2010-06-17",24.2324275970459,39.6966133117676,34.2888641357422,16.2421741485596,84.0350036621094
"2010-06-18",24.5969181060791,39.8020248413086,34.5627517700195,16.3426856994629,84.1261215209961
"2010-06-21",24.5047016143799,39.9074287414551,34.5791893005371,16.3074207305908,83.8851699829102
"2010-06-22",23.9162406921387,39.0009231567383,33.9273567199707,15.8313264846802,82.4997482299805
"2010-06-23",23.4990329742432,38.0838775634766,33.4672508239746,15.7108449935913,82.2437973022461
"2010-06-24",23.0598926544189,37.330207824707,32.9030799865723,15.3816919326782,80.8809356689453
"2010-06-25",22.8007869720459,36.924388885498,32.3717575073242,15.4257745742798,81.2197875976562
"2010-06-28",22.4802131652832,36.8716926574707,32.0266952514648,15.2171220779419,80.9637985229492
"2010-06-29",21.8873500823975,36.0284309387207,31.3803424835205,14.7145833969116,78.4640045166016
"2010-06-30",21.5579833984375,35.7649078369141,31.2598419189453,14.5999736785889,77.7185745239258
"2010-07-01",21.4613742828369,35.564624786377,31.0078754425049,14.5470733642578,77.3722534179688
"2010-07-02",21.4394187927246,35.475025177002,30.9859714508057,14.5118141174316,76.9505996704102
"2010-07-06",21.606294631958,35.6068000793457,31.4734668731689,14.6528739929199,77.4550476074219
"2010-07-07",22.4670372009277,36.6028938293457,32.004768371582,15.1700983047485,79.8945999145508
"2010-07-08",22.6383018493652,37.1088562011719,32.2129211425781,15.3846349716187,80.6851959228516
"2010-07-09",22.9676647186279,37.8625183105469,32.1964836120605,15.4639768600464,81.2875213623047
"2010-07-12",22.8798370361328,37.8677787780762,32.284122467041,15.4228448867798,81.3402481079102
"2010-07-13",23.3716850280762,38.5951080322266,32.5470390319824,15.6079845428467,82.5675659179688
"2010-07-14",23.1872482299805,38.5002479553223,32.4594039916992,15.5903577804565,82.5599975585938
"2010-07-15",23.2135944366455,38.4949684143066,32.4648666381836,15.5727214813232,82.5825958251953
"2010-07-16",22.770040512085,37.6833267211914,31.7473258972168,15.202431678772,80.3086929321289
"2010-07-19",22.7656497955322,37.9468460083008,32.004768371582,15.299412727356,80.7830505371094
"2010-07-20",23.1257667541504,38.5265922546387,32.2896003723145,15.6491270065308,81.6791000366211
"2010-07-21",22.8886203765869,38.0364303588867,31.8623600006104,15.3934478759766,80.6174087524414
"2010-07-22",23.3936519622803,38.7057838439941,32.5251312255859,15.7343530654907,82.4169464111328
"2010-07-23",23.6220054626465,38.7479400634766,32.711368560791,15.8048820495605,83.1322250366211
"2010-07-26",23.9030570983887,39.327693939209,33.0783538818359,15.9430112838745,83.9981155395508
"2010-07-27",23.9074592590332,39.6860809326172,33.3084144592285,15.8665952682495,83.9906311035156
"2010-07-28",23.9074592590332,39.8230972290039,33.3631820678711,15.8313264846802,83.448486328125
"2010-07-29",24.2046852111816,40.0655517578125,33.0509643554688,15.8548498153687,83.0418701171875
"2010-07-30",24.4974918365479,40.1656761169434,32.6894607543945,15.8225164413452,83.0268173217773
"2010-08-02",25.5222854614258,41.0036697387695,33.9273567199707,16.3750076293945,84.9016647338867
"2010-08-03",25.5355815887451,41.4569244384766,34.3546142578125,16.3691272735596,84.4950790405273
"2010-08-04",25.4734859466553,41.646671295166,34.3546142578125,16.4955024719238,85.0597915649414
"2010-08-05",25.5976982116699,41.6730041503906,34.34912109375,16.5484046936035,84.9694213867188
"2010-08-06",25.2560997009277,41.4938278198242,33.9437942504883,16.3515014648438,84.6230926513672
"2010-08-09",25.4246807098389,41.7889518737793,34.2066955566406,16.4190998077393,85.0748443603516
"2010-08-10",25.2294826507568,41.6571922302246,33.921875,16.2839088439941,84.6155700683594
"2010-08-11",24.6261329650879,40.650562286377,33.3150672912598,15.7990055084229,82.2964935302734
"2010-08-12",24.5551567077637,40.6189460754395,33.2267761230469,15.7049608230591,81.7920150756836
"2010-08-13",24.4087581634521,40.7928771972656,33.0502548217773,15.6785125732422,81.5510559082031
"2010-08-16",24.368824005127,40.9562339782715,33.0336990356445,15.675576210022,81.5134048461914
"2010-08-17",24.785852432251,41.3711738586426,33.5522766113281,15.9371290206909,82.5148239135742
"2010-08-18",24.5862083435059,40.9828453063965,33.1826515197754,15.7843065261841,82.6654052734375
"2010-08-19",24.2712421417236,40.3444709777832,32.7082176208496,15.5286350250244,81.227294921875
"2010-08-20",23.90744972229,39.9242210388184,32.4875564575195,15.3376150131226,80.9637985229492
"2010-08-23",23.8276100158691,39.9242210388184,32.8240623474121,15.3434896469116,80.6550750732422
"2010-08-24",23.7033843994141,39.2486114501953,32.5151329040527,15.105447769165,79.457893371582
"2010-08-25",23.7166843414307,39.4028854370117,32.4985961914062,15.0584363937378,79.7665786743164
"2010-08-26",23.2508754730225,39.0092315673828,32.2613716125488,14.9232444763184,79.2320098876953
"2010-08-27",23.6989421844482,39.8603897094727,32.9895668029785,15.3111629486084,80.4593048095703
"2010-08-30",23.3662223815918,39.2486114501953,32.5482521057129,15.0878162384033,79.2922592163086
"2010-08-31",23.259744644165,39.408203125,32.6089134216309,15.0466842651367,79.2922592163086
"2010-09-01",23.982873916626,40.8392066955566,33.6019172668457,15.6079845428467,81.6639938354492
"2010-09-02",24.1470050811768,41.2009544372559,33.6846733093262,15.7372846603394,82.4245147705078
"2010-09-03",24.4220561981201,41.493537902832,33.8280982971191,15.9283113479614,83.4936676025391
"2010-09-07",23.8054084777832,40.9881591796875,33.4033203125,15.6902723312378,82.5524673461914
"2010-09-08",24.098217010498,41.094539642334,33.5136489868164,15.8254528045654,83.1322250366211
"2010-09-09",24.2801170349121,41.153076171875,33.6791572570801,15.85777759552,83.5162658691406
"2010-09-10",24.2889785766602,41.9297409057617,33.7619132995605,16.0223579406738,83.9378814697266
"2010-09-13",24.5684623718262,42.1584777832031,33.6515693664551,16.1516666412354,84.8715286254883
"2010-09-14",24.5640258789062,42.2967987060547,33.6570816040039,16.0958251953125,84.8188323974609
"2010-09-15",24.6483192443848,42.1371994018555,33.6515693664551,16.0635013580322,85.1426010131836
"2010-09-16",24.5595874786377,42.0520935058594,33.6350212097168,15.9900245666504,85.1200256347656
"2010-09-17",24.5196685791016,41.7382392883301,33.5302047729492,15.9100179672241,85.1517791748047
"2010-09-20",25.2117366790771,42.5042572021484,33.9549827575684,16.1786785125732,86.4537887573242
"2010-09-21",25.0742092132568,42.4244728088379,33.9494743347168,16.1904945373535,86.2796859741211
"2010-09-22",24.8701286315918,42.1584777832031,33.8998107910156,16.072395324707,85.8557815551758
"2010-09-23",24.4974918365479,41.7807884216309,33.7343215942383,15.9720211029053,85.1593704223633
"2010-09-24",25.003231048584,42.6213035583496,34.0653190612793,16.3174362182617,86.9155426025391
"2010-09-27",24.9588680267334,42.6000175476074,34.0432586669922,16.2554378509521,86.4991912841797
"2010-09-28",25.3270816802979,43.0256004333496,34.2363395690918,16.3705787658691,86.8020095825195
"2010-09-29",25.4468669891357,43.2383804321289,33.9770469665527,16.5447635650635,86.6506042480469
"2010-09-30",25.4779071807861,43.1160507202148,34.0873718261719,16.5506706237793,86.3932647705078
"2010-10-01",25.6686763763428,43.5948104858398,34.5011215209961,16.7720947265625,86.7565841674805
"2010-10-04",25.4024963378906,43.2543487548828,34.3080558776855,16.5624809265137,86.1055908203125
"2010-10-05",26.081262588501,44.3608360290527,34.8983383178711,16.9521789550781,87.8390579223633
"2010-10-06",26.4849662780762,44.6268310546875,35.2734642028809,17.1027565002441,87.8314819335938
"2010-10-07",26.4893951416016,44.4300003051758,35.2238159179688,17.0171394348145,87.7255096435547
"2010-10-08",26.445032119751,44.6534271240234,35.5161933898926,17.2297077178955,88.2175521850586
"2010-10-11",26.5249061584473,44.5310707092285,35.6099662780762,17.2769451141357,88.3007965087891
"2010-10-12",26.445032119751,44.600227355957,35.6927299499512,17.2503719329834,88.5733261108398
"2010-10-13",26.6757392883301,44.5097923278809,35.8803062438965,17.4599800109863,89.2621688842773
"2010-10-14",26.7600173950195,44.6321449279785,36.0237007141113,17.4334125518799,88.9139862060547
"2010-10-15",26.9640941619873,44.4778671264648,35.9630470275879,17.4806499481201,89.0956268310547
"2010-10-18",27.177038192749,44.9406890869141,36.5643615722656,17.5278873443604,89.5346832275391
"2010-10-19",26.6180572509766,44.0416641235352,35.924430847168,17.1795120239258,88.3613586425781
"2010-10-20",27.1814651489258,44.6959915161133,36.4154014587402,17.4009342193604,89.2243118286133
"2010-10-21",27.1149291992188,44.8183212280273,36.5864219665527,17.3920803070068,89.4211196899414
"2010-10-22",27.3589324951172,44.9779205322266,36.5974464416504,17.5072250366211,89.5876693725586
"2010-10-25",27.212532043457,45.1481513977051,36.5202178955078,17.5544567108154,89.8525695800781
"2010-10-26",27.2258377075195,45.2970924377441,36.7022743225098,17.5898876190186,89.8677597045898
"2010-10-27",26.8945655822754,44.8502388000488,36.2278480529785,17.516077041626,89.6103973388672
"2010-10-28",26.6707401275635,44.9194068908691,36.5312690734863,17.4777011871338,89.6255187988281
"2010-10-29",26.5856990814209,43.9405746459961,36.6802101135254,17.489501953125,89.6936340332031
"2010-11-01",26.3887310028076,43.3288230895996,36.9339790344238,17.5101757049561,89.7239227294922
"2010-11-02",26.5633201599121,43.7011909484863,37.4249534606934,17.7020740509033,90.4354629516602
"2010-11-03",26.5946636199951,43.9937705993652,37.4966697692871,17.7404537200928,90.7988128662109
"2010-11-04",27.4183235168457,45.2917709350586,38.2745208740234,18.3043403625488,92.5474243164062
"2010-11-05",27.6689968109131,45.2066650390625,38.6165542602539,18.3958683013916,92.8956604003906
"2010-11-08",27.9375991821289,45.110912322998,38.7930946350098,18.451961517334,92.7215194702148
"2010-11-09",27.7674865722656,44.4512672424316,39.2094421386719,18.4165420532227,92.0553665161133
"2010-11-10",28.2957172393799,45.3077392578125,39.487003326416,18.652717590332,92.4263305664062
"2010-11-11",28.1524543762207,45.7971611022949,39.8756141662598,18.8593807220459,92.0780944824219
"2010-11-12",27.9420719146729,45.4513664245605,39.4092826843262,18.5818576812744,90.9880599975586
"2010-11-15",27.7853946685791,45.1428489685059,39.1261787414551,18.4873886108398,90.859375
"2010-11-16",27.2795524597168,44.2522087097168,38.2712669372559,18.1419658660889,89.44384765625
"2010-11-17",27.2213535308838,44.2414779663086,38.3101348876953,18.2157764434814,89.4892349243164
"2010-11-18",27.6421527862549,44.9711532592773,39.0317878723145,18.6172904968262,90.8063812255859
"2010-11-19",27.7182426452637,45.0355339050293,39.1594734191895,18.7737655639648,91.0561752319336
"2010-11-22",27.5257530212402,44.7726135253906,38.9651832580566,18.7147197723389,90.9804916381836
"2010-11-23",27.0915412902832,43.8605422973633,38.29345703125,18.3486309051514,89.6633377075195
"2010-11-24",27.5078582763672,44.4936370849609,38.7930946350098,18.6792869567871,90.9880599975586
"2010-11-26",27.2213535308838,44.0215072631836,38.4322509765625,18.4549102783203,89.9282836914062
"2010-11-29",27.1631603240967,43.8283576965332,38.5543785095215,18.5789127349854,90.2008361816406
"2010-11-30",26.9348602294922,43.4420585632324,38.6154479980469,18.5139560699463,89.6936340332031
"2010-12-01",27.9554977416992,44.3702354431152,39.5980339050293,19.0630970001221,91.6012191772461
"2010-12-02",28.515064239502,45.3359756469727,39.6813163757324,19.3465118408203,92.7744903564453
"2010-12-03",28.6135349273682,45.5452308654785,39.5203170776367,19.43212890625,93.024299621582
"2010-12-06",28.7299270629883,45.5774116516113,39.5869407653809,19.4970779418945,92.9259185791016
"2010-12-07",28.8149909973145,46.3017272949219,39.6702003479004,19.4232692718506,92.978874206543
"2010-12-08",28.9224224090576,46.2158546447754,39.8867073059082,19.3317546844482,93.3195571899414
"2010-12-09",28.949275970459,46.4894981384277,39.9699821472168,19.3760299682617,93.6828765869141
"2010-12-10",28.9089851379395,46.6933822631836,40.0699195861816,19.4557495117188,94.2278747558594
"2010-12-13",29.3074035644531,47.4123153686523,40.1698341369629,19.621072769165,94.2884674072266
"2010-12-14",29.3879737854004,47.4176864624023,40.0699195861816,19.5295543670654,94.3717346191406
"2010-12-15",29.1507129669189,47.2191696166992,39.8867073059082,19.4232692718506,93.9402465820312
"2010-12-16",29.3969192504883,47.7825126647949,40.0921287536621,19.5325107574463,94.4852828979492
"2010-12-17",29.1238651275635,47.4766960144043,40.0643501281738,19.5393333435059,94.5864486694336
"2010-12-20",29.5401630401611,47.6430130004883,40.0921287536621,19.6668376922607,94.8147811889648
"2010-12-21",29.8266468048096,47.8737182617188,40.369686126709,19.8655319213867,95.415901184082
"2010-12-22",30.0057201385498,48.2439270019531,40.4140853881836,19.9337291717529,95.7126770019531
"2010-12-23",30.0281143188477,48.651683807373,40.6361351013184,19.9900703430176,95.5757141113281
"2010-12-27",30.0594253540039,48.3512268066406,40.5306663513184,19.9189109802246,95.6137619018555
"2010-12-28",30.2385063171387,48.9253044128418,40.7582817077637,19.9930438995361,95.7507400512695
"2010-12-29",30.4086074829102,49.0218658447266,40.7305107116699,20.1917266845703,95.8191986083984
"2010-12-30",30.4399356842041,49.1452751159668,40.7249603271484,20.2095241546631,95.6670074462891
"2010-12-31",30.4847011566162,48.9574966430664,40.5917434692383,20.2391738891602,95.6898727416992
"2011-01-03",30.5473613739014,49.3276863098145,41.3855781555176,20.390417098999,96.6791076660156
"2011-01-04",30.3862190246582,49.1452751159668,41.5798873901367,20.2154502868652,96.6258773803711
"2011-01-05",30.2385063171387,49.0594253540039,41.4688568115234,20.295524597168,97.1280517578125
"2011-01-06",29.9788665771484,48.6570358276367,41.7353210449219,20.10276222229,96.9378433227539
"2011-01-07",30.0415344238281,48.9253044128418,41.9629325866699,20.2480716705322,96.7475814819336
"2011-01-10",29.9385719299316,48.5068206787109,41.7075576782227,20.1680068969727,96.6258773803711
"2011-01-11",30.5160484313965,49.2686576843262,42.0184478759766,20.5030918121338,96.9682693481445
"2011-01-12",30.7488136291504,49.601318359375,42.5125160217285,20.7848224639893,97.8433685302734
"2011-01-13",30.1086654663086,49.4564437866211,42.5846786499023,20.7255058288574,97.6835632324219
"2011-01-14",30.3145885467529,49.8051795959473,43.2120018005371,20.9508819580078,98.3912506103516
"2011-01-18",30.4802341461182,50.0841827392578,43.6949691772461,21.0813636779785,98.5586395263672
"2011-01-19",30.336971282959,49.8803024291992,43.4340438842773,20.8263339996338,97.5922470092773
"2011-01-20",30.0862979888916,49.7408294677734,43.1620254516602,20.6780624389648,97.4628982543945
"2011-01-21",30.2877235412598,50.3148880004883,43.8448524475098,20.7877807617188,97.6835632324219
"2011-01-24",30.4847011566162,50.4865684509277,43.6283416748047,20.8648815155029,98.2390289306641
"2011-01-25",30.207160949707,50.4758605957031,43.6783065795898,20.8055782318115,98.2923202514648
"2011-01-26",30.9995002746582,50.776294708252,44.222354888916,21.3037643432617,98.6727828979492
"2011-01-27",31.0621662139893,50.8353118896484,44.3444557189941,21.1792278289795,98.9163284301758
"2011-01-28",31.5858898162842,50.094913482666,43.8504066467285,21.0872993469238,97.1889495849609
"2011-01-31",31.9887886047363,50.9318923950195,44.7885818481445,21.6922397613525,97.91943359375
"2011-02-01",32.1006889343262,51.6239967346191,46.5816841125488,22.0451316833496,99.4870452880859
"2011-02-02",32.2797546386719,51.7635078430176,46.304126739502,22.0273399353027,99.2967758178711
"2011-02-03",32.243953704834,52.2088012695312,46.3207702636719,22.0392017364502,99.5175018310547
"2011-02-04",32.0827941894531,52.1014938354492,46.2319412231445,21.9828548431396,99.7990188598633
"2011-02-07",32.3603363037109,52.3965950012207,46.5927848815918,22.110372543335,100.422973632812
"2011-02-08",32.230525970459,52.4395179748535,46.3081817626953,22.0362396240234,100.879577636719
"2011-02-09",31.6306781768799,51.6347198486328,46.0682067871094,21.7574863433838,100.651306152344
"2011-02-10",31.3710327148438,51.881534576416,46.4309463500977,21.9798927307129,100.689331054688
"2011-02-11",32.0425148010254,51.7473945617676,46.2188720703125,21.976936340332,101.290451049805
"2011-02-14",33.0228614807129,52.4068717956543,47.3852577209473,22.4602966308594,101.533981323242
"2011-02-15",32.9019775390625,52.0771369934082,46.3025932312012,22.2260189056396,101.214416503906
"2011-02-16",33.5510787963867,52.2501029968262,46.7043991088867,22.5225677490234,101.853614807129
"2011-02-17",34.106575012207,52.5257949829102,46.810432434082,22.7449760437012,102.157920837402
"2011-02-18",34.6033554077148,53.3636436462402,47.1564292907715,22.839864730835,102.371025085449
"2011-02-22",34.5988464355469,54.2285423278809,47.6810111999512,22.6174621582031,100.316467285156
"2011-02-23",35.4840126037598,55.2826194763184,48.5906639099121,23.0771045684814,99.700080871582
"2011-02-24",34.9014320373535,55.152889251709,47.9767990112305,22.750919342041,99.6316070556641
"2011-02-25",34.9014320373535,55.1907501220703,47.6251907348633,23.1126918792725,100.696952819824
"2011-02-28",35.1678771972656,56.0826568603516,47.7312316894531,23.2906188964844,101.320915222168
"2011-03-01",35.1498146057129,55.6231727600098,47.323860168457,22.8546924591064,99.6316070556641
"2011-03-02",35.3395195007324,55.9313049316406,47.4801139831543,22.9851779937744,99.8446655273438
"2011-03-03",35.9266242980957,56.3205070495605,47.8930740356445,23.3795909881592,101.564414978027
"2011-03-04",36.1208152770996,56.0826568603516,47.4801139831543,23.2313041687012,100.803482055664
"2011-03-07",35.7685470581055,55.6826362609863,47.2792053222656,23.0682144165039,100.012077331543
"2011-03-08",35.3711204528809,56.0934600830078,47.2122459411621,22.87841796875,100.887153625488
"2011-03-09",35.2446746826172,55.2123413085938,47.0894584655762,22.7212524414062,100.742599487305
"2011-03-10",33.9530067443848,53.5582389831543,45.4152565002441,21.8938961029053,98.8782653808594
"2011-03-11",34.4588279724121,54.0177345275879,45.8282279968262,22.2734718322754,99.5631103515625
"2011-03-14",34.2511024475098,54.4880104064941,45.9733352661133,22.395055770874,98.9619674682617
"2011-03-15",33.8627052307129,54.7204551696777,45.4208488464355,22.2260189056396,97.8281326293945
"2011-03-16",33.3026809692383,53.7907104492188,44.260066986084,21.8701763153076,96.0170440673828
"2011-03-17",34.6485328674316,55.2664184570312,45.2924957275391,22.5373954772949,97.2878265380859
"2011-03-18",34.0298080444336,55.5691337585449,45.1194953918457,22.431770324707,97.6416931152344
"2011-03-21",35.023365020752,56.8610420227051,46.230037689209,23.1131439208984,99.1549453735352
"2011-03-22",34.8743438720703,56.8826751708984,46.0737915039062,23.0625667572021,98.8110427856445
"2011-03-23",35.4704780578613,57.0178070068359,46.096118927002,23.1220626831055,99.0938262939453
"2011-03-24",35.9943504333496,56.9637756347656,46.1686553955078,23.2053833007812,100.041488647461
"2011-03-25",36.2382316589355,57.7205543518066,46.6653213500977,23.4136600494385,100.347198486328
"2011-03-28",35.9356460571289,57.3205337524414,46.5816307067871,23.3571262359619,100.102638244629
"2011-03-29",35.5924186706543,58.0394744873047,46.4588356018066,23.6427726745605,100.775207519531
"2011-03-30",36.4414672851562,58.3854293823242,47.1508636474609,23.8064136505127,101.470642089844
"2011-03-31",36.0666084289551,58.1043243408203,46.9499473571777,23.7290592193604,101.333106994629
"2011-04-01",35.9853210449219,58.5529937744141,47.2568969726562,23.8004722595215,101.761039733887
"2011-04-04",35.9853210449219,58.5043754577637,47.3629302978516,23.8153476715088,101.845153808594
"2011-04-05",36.2743644714355,59.0989608764648,47.669864654541,23.8867588043213,101.829856872559
"2011-04-06",36.3240394592285,58.7367782592773,47.5359153747559,23.6368293762207,102.150856018066
"2011-04-07",36.3105049133301,58.8881416320801,47.8595962524414,23.6368293762207,101.890998840332
"2011-04-08",36.4866256713867,59.2773590087891,47.9656372070312,23.7201328277588,101.539459228516
"2011-04-11",36.1840362548828,58.2610931396484,47.5247497558594,23.2529926300049,101.233726501465
"2011-04-12",34.847240447998,56.315055847168,46.4197883605957,22.53293800354,100.477119445801
"2011-04-13",35.0730361938477,56.1150741577148,46.4086112976074,22.625171661377,100.469467163086
"2011-04-14",35.3530578613281,56.6934700012207,46.5648727416992,22.7798900604248,100.545890808105
"2011-04-15",35.7324104309082,57.428653717041,47.039234161377,22.9673385620117,100.912757873535
"2011-04-18",35.0504608154297,56.4880638122559,46.3751487731934,22.625171661377,99.7816467285156
"2011-04-19",35.2943420410156,56.9745597839355,46.7657852172852,22.8542766571045,100.354866027832
"2011-04-20",36.1253395080566,58.2773017883301,47.7982063293457,23.3928375244141,101.722877502441
"2011-04-21",36.4595336914062,58.4502906799316,48.1944313049316,23.4999504089355,102.242561340332
"2011-04-25",36.346622467041,58.0664749145508,48.1162796020508,23.3779525756836,102.135581970215
"2011-04-26",36.6763076782227,58.7854499816895,48.7859725952148,23.6100330352783,103.01448059082
"2011-04-27",36.0530624389648,58.9043502807617,48.986873626709,23.5981464385986,103.686965942383
"2011-04-28",34.9782066345215,58.8178634643555,48.7413368225098,23.5951633453369,104.02326965332
"2011-04-29",35.6285285949707,59.1584129333496,49.0985069274902,23.9462623596191,104.267860412598
"2011-05-02",34.9872398376465,58.4773063659668,48.5348243713379,23.6278953552246,104.10733795166
"2011-05-03",33.6594734191895,57.390811920166,47.7814674377441,23.0357780456543,103.732856750488
"2011-05-04",33.2620277404785,56.5853652954102,47.3294486999512,22.62815284729,103.045043945312
"2011-05-05",32.5033073425293,55.4718322753906,46.1072959899902,22.1580238342285,102.112632751465
"2011-05-06",32.9413795471191,55.6123504638672,46.1463279724121,22.2562255859375,102.563545227051
"2011-05-09",33.2936515808105,56.266429901123,46.4197883605957,22.6460018157959,102.960952758789
"2011-05-10",33.6910858154297,56.4123878479004,46.5090713500977,22.753116607666,103.839866638184
"2011-05-11",32.7516937255859,55.277214050293,45.5269050598145,22.0955410003662,102.74698638916
"2011-05-12",32.3000869750977,55.5475006103516,45.4876518249512,22.062816619873,103.236114501953
"2011-05-13",32.2594413757324,55.3475036621094,45.3866195678711,21.9557094573975,102.441268920898
"2011-05-16",32.2594413757324,54.9474906921387,45.0330543518066,21.7890815734863,101.791656494141
"2011-05-17",32.3091163635254,54.696907043457,45.1284637451172,21.7890815734863,101.7763671875
"2011-05-18",32.8826751708984,56.0315246582031,45.8748817443848,22.2294445037842,102.685829162598
"2011-05-19",33.1333351135254,56.5816841125488,46.2060203552246,22.2324142456055,102.93041229248
"2011-05-20",33.0923156738281,55.8735542297363,45.779468536377,22.2056427001953,102.112632751465
"2011-05-23",32.5089530944824,55.2198524475098,45.2743797302246,21.8604869842529,100.928024291992
"2011-05-24",32.7732963562012,55.7101058959961,45.6223220825195,22.1699352264404,100.843948364258
"2011-05-25",32.8006362915039,56.2439651489258,45.9983711242676,22.5448322296143,101.180244445801
"2011-05-26",32.9692649841309,56.3038673400879,46.2396812438965,22.6579055786133,101.646446228027
"2011-05-27",33.1059989929199,56.2221603393555,46.3743705749512,22.7144336700439,102.036201477051
"2011-05-31",33.3703269958496,57.1482200622559,46.8458137512207,22.9435348510742,103.098526000977
"2011-06-01",32.9692649841309,55.8299713134766,46.0376472473145,22.3960590362549,100.782821655273
"2011-06-02",32.8826751708984,55.0836906433105,45.6447792053223,22.3871364593506,100.675804138184
"2011-06-03",32.9920616149902,55.0183219909668,45.5606002807617,22.3930892944336,99.6746215820312
"2011-06-06",32.3221092224121,54.2992668151855,45.0611152648926,21.8872585296631,98.6199951171875
"2011-06-07",32.2993049621582,54.1848602294922,44.8983688354492,21.8872585296631,98.5587921142578
"2011-06-08",32.5681915283203,54.4463348388672,45.324878692627,21.9527187347412,98.1460952758789
"2011-06-09",33.0467567443848,55.1435966491699,45.5606002807617,22.25026512146,98.8950958251953
"2011-06-10",32.5818748474121,54.293815612793,44.7748870849609,21.818826675415,97.5194320678711
"2011-06-13",32.2446098327637,53.8907318115234,44.4661903381348,21.4736804962158,97.5958633422852
"2011-06-14",32.7550621032715,54.8004188537598,45.111629486084,21.9319000244141,98.8339691162109
"2011-06-15",32.1625785827637,53.6074333190918,44.1462936401367,21.4290390014648,97.0761337280273
"2011-06-16",32.6411094665527,54.1630554199219,44.4605865478516,21.4617786407471,97.290168762207
"2011-06-17",32.782413482666,54.0214424133301,44.3483428955078,21.4065246582031,97.5804901123047
"2011-06-20",32.9373550415039,54.4245109558105,44.735595703125,21.466251373291,98.079719543457
"2011-06-21",33.6027717590332,55.3396911621094,45.2182464599609,21.8933143615723,99.4237899780273
"2011-06-22",33.4022178649902,55.0564079284668,44.7973251342773,21.830602645874,98.82470703125
"2011-06-23",33.2700500488281,54.1249237060547,44.0228309631348,21.5916881561279,98.5405197143555
"2011-06-24",32.5545196533203,53.3295974731445,43.0911865234375,21.182544708252,97.3961639404297
"2011-06-27",32.7140464782715,53.8743896484375,43.7309837341309,21.2960319519043,98.264045715332
"2011-06-28",33.3885612487793,54.6642189025879,44.6906929016113,21.9172039031982,99.5466842651367
"2011-06-29",33.7349319458008,55.170825958252,45.0386390686035,22.1740341186523,100.399238586426
"2011-06-30",34.2681655883789,56.0206031799316,45.6728401184082,22.5025405883789,101.359252929688
"2011-07-01",34.5826377868652,56.7015228271484,46.0264167785645,22.7145709991455,102.856979370117
"2011-07-05",34.5689735412598,57.2626152038574,45.7963104248047,22.8549365997314,102.7724609375
"2011-07-06",34.6509971618652,57.2408180236816,45.779468536377,22.8131217956543,102.895362854004
"2011-07-07",34.9791374206543,58.0633697509766,46.2228469848633,23.1565628051758,103.962944030762
"2011-07-08",34.5963020324707,57.6820755004883,46.2565040588379,22.9624462127686,103.225624084473
"2011-07-11",34.0448532104492,56.8758392333984,45.964672088623,22.4189167022705,101.359252929688
"2011-07-12",33.8807640075684,56.8649368286133,45.9590644836426,22.3353061676025,100.921508789062
"2011-07-13",33.9081268310547,57.246280670166,46.2902030944824,22.5025405883789,101.259399414062
"2011-07-14",34.459587097168,57.0174827575684,46.1555023193359,22.3532218933105,100.560501098633
"2011-07-15",34.8287506103516,57.8454818725586,46.58203125,22.9534873962402,101.144218444824
"2011-07-18",34.3820991516113,57.8672676086426,46.385612487793,22.8758354187012,100.314735412598
"2011-07-19",34.3775444030762,58.5481948852539,46.9356117248535,23.2939319610596,101.942977905273
"2011-07-20",34.2317161560059,58.3412017822266,46.7504119873047,23.2342128753662,101.881561279297
"2011-07-21",34.8570251464844,59.6104125976562,47.7157211303711,23.6911220550537,103.294761657715
"2011-07-22",34.6041412353516,59.3598442077637,47.8279762268066,23.8105792999268,103.363899230957
"2011-07-25",34.2776832580566,58.8859176635742,47.4631652832031,23.7150173187256,102.787857055664
"2011-07-26",33.8454818725586,58.5972175598145,47.3509254455566,23.6015319824219,102.403823852539
"2011-07-27",33.6247749328613,57.5404357910156,46.7560157775879,23.1565628051758,100.307060241699
"2011-07-28",33.4592590332031,57.2136039733887,45.7177467346191,23.060998916626,100.015228271484
"2011-07-29",33.1006011962891,56.663402557373,44.7804870605469,22.8310413360596,99.3316497802734
"2011-08-01",33.1006011962891,57.4042625427246,44.6738510131836,22.7981929779053,98.9091720581055
"2011-08-02",32.4752922058105,56.3528785705566,43.6860847473145,22.1620960235596,96.3823471069336
"2011-08-03",32.4431076049805,55.9770317077637,43.6187400817871,22.0366706848145,96.9045944213867
"2011-08-04",30.7694568634033,52.7521858215332,41.4411849975586,20.5255489349365,92.3654556274414
"2011-08-05",31.1510772705078,53.1716346740723,41.9911880493164,20.3284358978271,92.2272033691406
"2011-08-08",28.47047996521,49.1623916625977,39.392707824707,18.5993194580078,86.221061706543
"2011-08-09",29.6843452453613,50.8783073425293,40.206470489502,19.5460014343262,90.2302322387695
"2011-08-10",28.8337059020996,49.3366851806641,38.4325714111328,18.8710670471191,86.2441177368164
"2011-08-11",30.1257362365723,51.2433013916016,40.4380950927734,19.8506164550781,90.1150360107422
"2011-08-12",30.3694324493408,52.2183647155762,40.6753730773926,19.9969444274902,90.7218399047852
"2011-08-15",31.0269260406494,53.983283996582,41.969066619873,20.671875,92.6419448852539
"2011-08-16",30.5947380065918,53.4603614807129,41.5227851867676,20.3284358978271,91.8508148193359
"2011-08-17",30.7234878540039,53.636058807373,41.895637512207,20.4090671539307,91.9123001098633
"2011-08-18",29.3302879333496,51.1980628967285,40.0765380859375,19.2264595031738,87.9491500854492
"2011-08-19",29.2383289337158,51.225528717041,39.4325065612793,18.8860130310059,86.5128936767578
"2011-08-22",29.1187782287598,51.2310104370117,39.6471824645996,18.733699798584,86.5820388793945
"2011-08-23",30.2131061553955,53.4438858032227,41.6131591796875,19.5788459777832,89.4315032958984
"2011-08-24",30.4016284942627,53.5866508483887,41.5453681945801,19.6953258514404,90.6911010742188
"2011-08-25",29.7854862213135,52.6916160583496,40.5454368591309,19.2802143096924,89.3086090087891
"2011-08-26",30.1211452484131,53.1803169250488,41.0369300842285,19.6535129547119,90.6066055297852
"2011-08-29",31.1648712158203,54.2181243896484,41.8730278015137,20.2269077301025,93.2102813720703
"2011-08-30",31.1924743652344,54.0314178466797,41.75439453125,20.3463573455811,93.4560928344727
"2011-08-31",31.2982120513916,54.2729988098145,41.816535949707,20.4986610412598,93.8708038330078
"2011-09-01",31.2522315979004,54.0973129272461,41.5171279907227,20.3433704376221,92.8876953125
"2011-09-02",30.5487575531006,52.9387130737305,40.7544631958008,19.7759532928467,90.5144348144531
"2011-09-06",30.20849609375,52.4994430541992,40.1951637268066,19.5609359741211,89.8539123535156
"2011-09-07",30.9487705230713,54.5201263427734,41.6075096130371,20.2776660919189,92.3884887695312
"2011-09-08",30.2912654876709,54.036922454834,41.1386299133301,20.0417499542236,91.4284133911133
"2011-09-09",29.532600402832,52.2688064575195,40.116081237793,19.3787689208984,89.0321044921875
"2011-09-12",29.5371990203857,52.6641578674316,40.5849723815918,19.471342086792,89.6081237792969
"2011-09-13",29.776294708252,52.675163269043,40.4776344299316,19.5250988006592,90.4299774169922
"2011-09-14",30.3326454162598,53.4328804016113,41.0369300842285,19.7669944763184,91.6818618774414
"2011-09-15",30.7694568634033,54.5036354064941,41.8108863830566,20.1582164764404,93.264045715332
"2011-09-16",30.9395732879639,54.7068176269531,42.1159477233887,20.1144351959229,93.816047668457
"2011-09-19",30.700496673584,54.2016258239746,41.6357536315918,19.7966461181641,92.8818893432617
"2011-09-20",30.8108348846436,53.6964378356934,41.8108863830566,19.6737155914307,92.7737884521484
"2011-09-21",29.8636493682861,51.7636566162109,40.6584091186523,18.855224609375,90.0408630371094
"2011-09-22",28.9072895050049,49.512336730957,39.1161346435547,17.7908878326416,87.1303329467773
"2011-09-23",28.7417545318604,49.4244728088379,39.1556777954102,17.5990085601807,87.6553344726562
"2011-09-26",29.4866352081299,50.2371368408203,40.5171928405762,18.240608215332,89.7397689819336
"2011-09-27",29.5463962554932,51.3627891540527,41.1894569396973,18.5074443817139,90.743408203125
"2011-09-28",29.0728092193604,50.3744049072266,40.7149238586426,17.9018173217773,88.8905410766602
"2011-09-29",29.5969829559326,51.8295288085938,41.7374382019043,18.0727157592773,89.5930862426758
"2011-09-30",29.1141948699951,50.8411560058594,41.0312805175781,17.5420455932617,87.3542251586914
"2011-10-03",28.0428581237793,49.3530807495117,40.1951637268066,16.9454250335693,84.8683395385742
"2011-10-04",28.6314086914062,50.2316589355469,41.1442527770996,17.5000782012939,86.7288970947266
"2011-10-05",29.394660949707,51.9777870178223,41.7769813537598,18.1446685791016,88.3347091674805
"2011-10-06",29.5877723693848,51.9503326416016,41.743091583252,18.4864559173584,89.9327697753906
"2011-10-07",29.5004196166992,51.8349952697754,41.5566635131836,18.2585964202881,89.3305740356445
"2011-10-10",30.7832450866699,53.9215888977051,43.0932922363281,19.0860843658447,92.3183059692383
"2011-10-11",30.8154373168945,53.5921249389648,43.0876350402832,19.1250667572021,92.4109954833984
"2011-10-12",31.1970615386963,53.690975189209,43.5904312133789,19.2269992828369,93.2215805053711
"2011-10-13",31.1274166107178,53.6964378356934,43.1441192626953,19.2000122070312,93.0363082885742
"2011-10-14",32.0328254699707,55.1680564880371,44.1271133422852,19.9675312042236,94.6266784667969
"2011-10-17",31.7310199737549,54.1467132568359,43.7655601501465,19.6047592163086,92.8201293945312
"2011-10-18",32.1349830627441,56.5298271179199,44.5677757263184,20.2343654632568,94.6343765258789
"2011-10-19",32.2974853515625,56.1399612426758,44.3078880310059,20.0244998931885,93.5149536132812
"2011-10-20",32.6271362304688,56.7714195251465,44.4660873413086,20.1803970336914,93.9241256713867
"2011-10-21",33.3514595031738,57.9464912414551,45.2683029174805,20.5521755218506,95.7074737548828
"2011-10-24",33.4861221313477,58.3528327941895,45.2908821105957,20.82200050354,96.8809814453125
"2011-10-25",32.8175048828125,57.3809204101562,44.8784980773926,20.3872718811035,94.9972381591797
"2011-10-26",33.3793258666992,58.6273651123047,45.7993354797363,20.8279876708984,95.962272644043
"2011-10-27",33.8250617980957,59.8354072570801,46.2569313049316,21.7514247894287,99.3051071166992
"2011-10-28",33.3096809387207,60.2033081054688,46.030948638916,21.8983287811279,99.2819747924805
"2011-10-31",32.3392791748047,57.6829605102539,44.1158218383789,20.8999538421631,96.8886489868164
"2011-11-01",31.5359973907471,56.0520973205566,42.9012184143066,20.2253761291504,94.1866073608398
"2011-11-02",32.0838851928711,57.4028930664062,43.7090797424316,20.8339900970459,95.7229309082031
"2011-11-03",32.7339248657227,58.2759628295898,44.5508193969727,21.3826446533203,97.4677200317383
"2011-11-04",32.8314361572266,58.4407043457031,44.3587341308594,21.3646602630615,96.8732528686523
"2011-11-07",33.2353858947754,59.1490287780762,44.8276481628418,21.4815883636475,97.4754333496094
"2011-11-08",33.773998260498,59.7749977111816,45.3277549743652,21.8323631286621,98.7260971069336
"2011-11-09",32.6039237976074,57.2601165771484,43.9808807373047,20.8669700622559,95.082160949707
"2011-11-10",33.1703834533691,57.9300346374512,44.7253379821777,21.2297382354736,95.9777069091797
"2011-11-11",33.4954109191895,58.7811470031738,45.3050270080566,21.6644687652588,97.7842330932617
"2011-11-14",33.2911033630371,58.2979393005371,44.8731002807617,21.3796501159668,96.8578338623047
"2011-11-15",33.4257621765137,56.7055511474609,44.9469833374023,21.3556747436523,97.3364334106445
"2011-11-16",32.3903350830078,55.9251899719238,44.4696159362793,21.0348644256592,95.7924346923828
"2011-11-17",32.2974853515625,55.3883666992188,44.2479782104492,20.5551624298096,94.2715454101562
"2011-11-18",32.1628303527832,54.1707878112793,44.2707061767578,20.4322452545166,94.1711807250977
"2011-11-21",31.9678192138672,52.9421539306641,43.7080955505371,20.066478729248,92.3801040649414
"2011-11-22",31.6381587982178,53.3627700805664,43.2079925537109,19.8775901794434,92.0172348022461
"2011-11-23",31.076343536377,51.8850593566895,42.3839378356934,19.2749671936035,89.9868240356445
"2011-11-25",30.7095355987549,51.0770530700684,41.9974975585938,19.1370506286621,89.8169937133789
"2011-11-28",31.234203338623,53.0030059814453,43.0999946594238,19.8536033630371,92.4186935424805
"2011-11-29",31.6381587982178,53.8995666503906,43.7194519042969,20.1384239196777,92.6811981201172
"2011-11-30",33.1146621704102,56.9047775268555,45.7141876220703,21.2477416992188,96.4949569702148
"2011-12-01",33.3189506530762,56.356876373291,45.344799041748,21.1308059692383,96.4795303344727
"2011-12-02",33.6857719421387,56.2793807983398,45.344799041748,21.1128215789795,96.3945922851562
"2011-12-05",33.8111343383789,56.9047775268555,45.7198677062988,21.3736572265625,97.4445419311523
"2011-12-06",33.6811370849609,57.7570571899414,45.9301490783691,21.3706569671631,97.4754333496094
"2011-12-07",33.6207733154297,57.8456115722656,46.0779037475586,21.1667785644531,97.8382720947266
"2011-12-08",32.9753608703613,56.589298248291,45.3902473449707,20.5761528015137,95.6920547485352
"2011-12-09",33.4071998596191,57.6961708068848,46.2256736755371,21.0438537597656,97.3133010864258
"2011-12-12",32.7246513366699,57.043140411377,45.4925575256348,20.5521755218506,95.8927536010742
"2011-12-13",32.4321327209473,57.347541809082,45.7653579711914,20.3602828979492,94.9972381591797
"2011-12-14",31.8145866394043,55.6373901367188,45.1459083557129,19.7876491546631,93.9858779907227
"2011-12-15",31.7077980041504,55.1614456176758,45.4811897277832,19.7036933898926,94.325569152832
"2011-12-16",31.7588672637939,55.8200416564941,45.5550727844238,19.9135475158691,94.4654235839844
"2011-12-19",31.503511428833,55.1891136169434,45.1970443725586,19.5642948150635,93.4554443359375
"2011-12-20",32.3996200561523,57.3751945495605,46.6007423400879,20.3681907653809,96.2834091186523
"2011-12-21",32.7896499633789,58.3492431640625,47.237247467041,20.5939998626709,96.4698638916016
"2011-12-22",33.3096809387207,58.8362770080566,47.902172088623,20.8348617553711,97.3244781494141
"2011-12-23",33.630054473877,59.4949150085449,48.4306869506836,20.9552936553955,98.1946258544922
"2011-12-27",33.8668556213379,59.7605361938477,48.4647789001465,21.0094871520996,98.2723159790039
"2011-12-28",33.346809387207,58.6425895690918,47.8396530151367,20.6090450286865,96.9826431274414
"2011-12-29",33.8343505859375,59.4782676696777,48.4590873718262,20.8228168487549,97.9848556518555
"2011-12-30",33.8343505859375,58.8860855102539,48.1692543029785,20.8137874603271,97.503173828125
"2012-01-03",34.4379463195801,61.0832481384277,48.8739585876465,21.3918685913086,99.056999206543
"2012-01-04",34.2754440307617,60.9780654907227,48.8853073120117,21.4370269775391,99.2123947143555
"2012-01-05",34.0014839172363,60.3803672790527,48.7375564575195,21.334659576416,99.4765396118164
"2012-01-06",33.7368354797363,59.9431800842285,48.3738594055176,21.2082023620605,99.2201766967773
"2012-01-09",33.8668556213379,60.5962333679199,48.5898056030273,21.3105716705322,99.4610137939453
"2012-01-10",34.0247116088867,60.3582611083984,48.7148246765137,21.5002555847168,100.32341003418
"2012-01-11",33.4350547790527,59.6443138122559,48.3511238098145,21.2112197875977,100.377777099609
"2012-01-12",32.8546600341797,58.0946769714355,48.1578559875488,21.0125102996826,100.618591308594
"2012-01-13",32.6596488952637,58.7145156860352,48.2374534606934,20.9071178436279,100.098083496094
"2012-01-17",32.8732223510742,59.0631980895996,48.6977729797363,21.0546569824219,100.486518859863
"2012-01-18",33.1982345581055,59.1240615844727,49.1296844482422,21.4008960723877,101.597534179688
"2012-01-19",33.0914421081543,59.1794128417969,49.4593124389648,21.4882125854492,102.133583068848
"2012-01-20",33.0589599609375,59.1572761535645,49.7207336425781,21.4912204742432,102.514282226562
"2012-01-23",32.7617874145508,59.2236709594727,49.7093544006348,21.6628379821777,102.250137329102
"2012-01-24",32.7850074768066,59.0631980895996,49.5445556640625,21.5996074676514,102.133583068848
"2012-01-25",32.4924812316895,59.6221809387207,49.5672912597656,21.864559173584,102.988227844238
"2012-01-26",32.2835540771484,58.9912490844727,49.3115386962891,21.5664958953857,102.459907531738
"2012-01-27",32.2231941223145,57.5357208251953,48.7773323059082,21.5213279724121,102.413284301758
"2012-01-30",31.9074401855469,57.2312889099121,48.5841064453125,21.4189643859863,102.063682556152
"2012-01-31",31.6706562042236,57.0707931518555,47.5895881652832,21.2834701538086,102.024848937988
"2012-02-01",32.1860427856445,56.8881721496582,47.7203025817871,21.367769241333,102.918312072754
"2012-02-02",32.4599761962891,57.3862800598145,47.4702339172363,21.5303649902344,103.081436157227
"2012-02-03",32.7153663635254,58.3879814147949,48.260181427002,21.9097270965576,104.526504516602
"2012-02-06",33.1146621704102,59.0355262756348,48.7318916320801,22.171667098999,104.456604003906
"2012-02-07",33.3932418823242,59.1240615844727,49.0671768188477,22.286075592041,104.720726013184
"2012-02-08",33.5464820861816,59.0853309631348,48.7528953552246,22.2108039855957,105.031509399414
"2012-02-09",33.2214546203613,58.8695030212402,48.5014762878418,22.213809967041,105.163581848145
"2012-02-10",33.5464820861816,58.2662467956543,47.8843650817871,21.9910163879395,104.386642456055
"2012-02-13",33.8064918518066,58.8750228881836,48.2386207580566,22.1656436920166,105.163581848145
"2012-02-14",34.1732940673828,58.9359092712402,48.3814849853516,22.2047863006592,105.031509399414
"2012-02-15",34.1036529541016,58.5566558837891,48.0672035217285,22.1686496734619,104.542053222656
"2012-02-16",34.0989608764648,59.404369354248,48.8043479919434,22.4576969146729,105.699661254883
"2012-02-17",34.3706970214844,59.4824180603027,48.9243316650391,22.5420017242432,105.979347229004
"2012-02-21",34.5909156799316,60.4583625793457,49.4671630859375,22.6955509185791,106.02596282959
"2012-02-22",34.7314605712891,59.9509086608887,49.667163848877,22.746732711792,105.684097290039
"2012-02-23",35.0500640869141,60.4249038696289,49.724308013916,22.861141204834,106.150260925293
"2012-02-24",35.5841751098633,60.8320274353027,49.9071617126465,22.9514694213867,106.383331298828
"2012-02-27",35.8090591430664,61.1387252807617,49.844295501709,22.8792018890381,106.562049865723
"2012-02-28",36.2026252746582,61.1275825500488,49.7928581237793,22.8039398193359,106.87281036377
"2012-02-29",35.8652801513672,60.8543090820312,49.4271697998047,22.5450096130371,106.453254699707
"2012-03-01",36.6477165222168,61.2112579345703,49.6157188415527,22.7617855072021,107.0048828125
"2012-03-02",36.380672454834,61.1275825500488,49.3300361633301,22.5028514862061,106.678573608398
"2012-03-05",36.3385009765625,60.9659004211426,49.7185897827148,22.3583335876465,106.243492126465
"2012-03-06",35.8184356689453,60.7037467956543,49.061450958252,21.9940280914307,104.689651489258
"2012-03-07",36.0854873657227,61.0439376831055,49.044303894043,22.1776943206787,105.42000579834
"2012-03-08",36.1791954040527,61.3618316650391,48.4729042053223,22.3583335876465,106.468788146973
"2012-03-09",36.1510772705078,61.1052932739258,48.1700592041016,22.3372611999512,106.880577087402
"2012-03-12",36.221363067627,61.3450889587402,48.8843269348145,22.213809967041,106.888336181641
"2012-03-13",36.4321899414062,62.0087356567383,49.632869720459,22.4817714691162,108.815055847168
"2012-03-14",36.315055847168,61.729907989502,49.152889251709,22.2650012969971,108.698570251465
"2012-03-15",35.9027671813965,61.3618316650391,49.1929054260254,22.3011283874512,109.327850341797
"2012-03-16",36.1604614257812,61.5012168884277,49.392879486084,22.6079177856445,109.479278564453
"2012-03-19",36.5774345397949,61.7354698181152,49.7071533203125,22.7106761932373,109.908416748047
"2012-03-20",36.3431816101074,60.8320274353027,49.4843215942383,22.3691272735596,109.588493347168
"2012-03-21",36.2120056152344,60.1795310974121,49.1471748352051,22.1031551361084,109.409027099609
"2012-03-22",35.5560684204102,58.7518768310547,48.7586135864258,21.604455947876,108.62085723877
"2012-03-23",35.8465423583984,59.3151359558105,48.8843269348145,21.8402004241943,108.972030639648
"2012-03-26",36.2447853088379,60.1404991149902,49.7300338745117,22.0034141540527,110.501457214355
"2012-03-27",36.0011596679688,59.6943588256836,49.4957275390625,21.7827796936035,110.158126831055
"2012-03-28",35.5982322692871,59.053035736084,49.061450958252,21.5107555389404,109.611877441406
"2012-03-29",35.5138893127441,59.5883827209473,49.1871757507324,21.5107555389404,109.424621582031
"2012-03-30",35.6123046875,59.7891387939453,49.5585861206055,21.6860599517822,109.877166748047
"2012-04-02",36.0152130126953,60.3970375061035,49.7528877258301,21.8976383209229,110.68090057373
"2012-04-03",35.7528419494629,59.7501220703125,49.044303894043,21.7072143554688,110.228355407715
"2012-04-04",35.6919288635254,58.8912811279297,48.5586280822754,21.4291496276855,109.13591003418
"2012-04-05",35.3077430725098,58.4172401428223,48.4671936035156,21.3082542419434,109.081260681152
"2012-04-09",35.1625061035156,57.7145843505859,47.9300575256348,21.0392551422119,107.856163024902
"2012-04-10",34.5253219604492,56.5769233703613,46.952953338623,20.6251831054688,106.045806884766
"2012-04-11",34.459716796875,56.2980728149414,47.2557792663574,20.6312274932861,106.90421295166
"2012-04-12",34.9188766479492,57.2126541137695,47.7700843811035,21.0815773010254,108.300964355469
"2012-04-13",34.4972038269043,56.203254699707,47.3986549377441,20.7642211914062,107.013427734375
"2012-04-16",34.5909156799316,56.6103706359863,48.0043563842773,20.6251831054688,106.943206787109
"2012-04-17",34.7923736572266,57.7870826721191,48.8271903991699,20.9606761932373,108.527282714844
"2012-04-18",34.3379096984863,57.6587982177734,48.998607635498,20.918363571167,108.16047668457
"2012-04-19",34.1504936218262,57.1680603027344,48.730037689209,20.8911552429199,107.466049194336
"2012-04-20",34.1458168029785,57.1736335754395,48.7414779663086,20.8428039550781,107.645500183105
"2012-04-23",33.888126373291,57.1290092468262,48.9643173217773,20.8216457366943,106.740303039551
"2012-04-24",33.677303314209,57.4580383300781,49.3185882568359,20.9757881164551,107.146087646484
"2012-04-25",33.2743606567383,57.9153442382812,49.6271514892578,21.1843338012695,108.613082885742
"2012-04-26",33.8225364685059,59.2370223999023,49.1814498901367,21.407995223999,109.370018005371
"2012-04-27",33.7241325378418,59.2258758544922,49.1871757507324,21.3989315032959,109.549499511719
"2012-04-30",33.5601768493652,59.4266548156738,49.3357353210449,21.531925201416,109.143699645996
"2012-05-01",34.7311401367188,60.3802871704102,49.735710144043,21.8402004241943,109.82258605957
"2012-05-02",33.5511093139648,59.688777923584,49.2557334899902,21.4835605621338,109.494873046875
"2012-05-03",33.3482894897461,59.1087684631348,48.941478729248,21.1269149780273,108.65990447998
"2012-05-04",32.6783866882324,57.8428611755371,48.3243370056152,20.6433181762695,106.90421295166
"2012-05-07",32.7890090942383,57.6142158508301,48.2729148864746,20.5828647613525,106.982223510742
"2012-05-08",33.3790245056152,57.3520660400391,48.0100631713867,20.5163688659668,106.553016662598
"2012-05-09",32.8627471923828,56.760929107666,47.6043663024902,20.4166374206543,105.920967102051
"2012-05-10",33.3236999511719,57.6420593261719,47.6618843078613,20.5042762756348,106.139495849609
"2012-05-11",32.8811988830566,57.2684326171875,47.8114929199219,20.3531627655029,105.819511413574
"2012-05-14",32.5308685302734,56.8501739501953,47.2476501464844,20.0146484375,104.649032592773
"2012-05-15",32.2850303649902,56.2701797485352,47.0577850341797,19.6821746826172,104.048233032227
"2012-05-16",32.1559600830078,56.3264503479004,47.2764091491699,19.5703506469727,103.650253295898
"2012-05-17",31.8634071350098,56.3489646911621,47.1268157958984,19.4464282989502,102.112998962402
"2012-05-18",31.6330909729004,55.4035911560059,46.8736686706543,19.3255271911621,101.239036560059
"2012-05-21",32.2244262695312,56.0957527160645,47.2016105651855,19.7698307037354,102.979141235352
"2012-05-22",32.162181854248,55.8875350952148,47.1498260498047,19.7214698791504,103.158615112305
"2012-05-23",32.4236183166504,55.7074546813965,47.2016105651855,19.7940082550049,103.213279724121
"2012-05-24",32.4547462463379,56.3039627075195,47.5295753479004,19.7788944244385,103.416152954102
"2012-05-25",32.4360733032227,55.6286888122559,47.2246322631836,19.6852054595947,103.080581665039
"2012-05-29",33.1581192016602,56.4052276611328,47.1383209228516,20.0146484375,104.329109191895
"2012-05-30",32.3925018310547,54.9365997314453,45.9070739746094,19.4010925292969,102.815269470215
"2012-05-31",32.4671745300293,55.319221496582,45.2396621704102,19.2318382263184,102.589004516602
"2012-06-01",31.8634071350098,54.2500686645508,44.8311729431152,18.7512664794922,100.006134033203
"2012-06-04",31.9318695068359,54.3457260131836,44.7793884277344,18.7361545562744,99.9593200683594
"2012-06-05",32.286678314209,54.2950744628906,44.6470680236816,18.8963394165039,100.716209411621
"2012-06-06",33.35107421875,56.1576309204102,46.131462097168,19.4796733856201,102.979141235352
"2012-06-07",33.4942474365234,56.4896354675293,46.4249038696289,19.4917640686035,103.041610717773
"2012-06-08",33.5938339233398,56.7428398132324,46.5111923217773,19.4947910308838,103.860939025879
"2012-06-11",33.5378112792969,56.2195129394531,46.1832389831543,19.2288131713867,102.542175292969
"2012-06-12",34.054443359375,56.6865844726562,46.7528419494629,19.5008316040039,103.72045135498
"2012-06-13",33.6747550964355,56.3433113098145,46.3903656005859,19.2529945373535,103.057182312012
"2012-06-14",34.035774230957,57.3505706787109,47.2533988952637,19.5552368164062,104.14965057373
"2012-06-15",34.5212821960449,58.7066802978516,47.8805313110352,19.9290962219238,105.214820861816
"2012-06-18",34.2785263061523,58.217113494873,47.8172378540039,19.7499084472656,105.41869354248
"2012-06-19",34.6333427429199,58.5547637939453,48.6054649353027,20.0353984832764,106.438438415527
"2012-06-20",33.8863754272461,58.3127899169922,48.8873748779297,19.9564304351807,106.265830993652
"2012-06-21",32.8406677246094,56.2814254760742,47.2418899536133,19.1394634246826,103.881393432617
"2012-06-22",33.245246887207,56.5177612304688,47.2418899536133,19.267017364502,104.681442260742
"2012-06-25",32.9651527404785,55.7524871826172,46.7413139343262,18.8357639312744,103.0029296875
"2012-06-26",33.3884315490723,56.8047523498535,47.4087333679199,19.0392398834229,103.520584106445
"2012-06-27",33.8926124572754,57.7163276672363,47.8689994812012,19.4340591430664,104.453971862793
"2012-06-28",33.9423980712891,58.217113494873,47.8114929199219,19.5676879882812,104.155883789062
"2012-06-29",34.7827186584473,59.3650207519531,49.2325973510742,20.1568756103516,106.752182006836
"2012-07-02",34.6893463134766,59.5676231384277,49.1002464294434,20.1659812927246,107.073753356934
"2012-07-03",35.112621307373,60.4172744750977,49.6410865783691,20.6488723754883,107.779693603516
"2012-07-05",34.409252166748,59.663257598877,49.2325973510742,20.3785820007324,107.293357849121
"2012-07-06",34.0793495178223,59.1230735778809,48.7895851135254,20.1325778961182,106.273704528809
"2012-07-09",33.8179130554199,58.7798194885254,48.1279220581055,20.0414752960205,106.140350341797
"2012-07-10",33.2888221740723,58.4534454345703,47.8172378540039,19.7286472320557,105.214820861816
"2012-07-11",33.8365745544434,58.9992713928223,48.547924041748,19.9959144592285,105.230491638184
"2012-07-12",33.6000556945801,59.1005401611328,48.3983383178711,19.9290962219238,104.720634460449
"2012-07-13",34.2225112915039,59.6520118713379,49.1750679016113,20.2783546447754,106.477645874023
"2012-07-16",34.5212821960449,60.0853042602539,48.9334144592285,20.3451824188232,106.226631164551
"2012-07-17",35.0317001342773,60.4510383605957,49.3246574401855,20.6002864837646,106.956069946289
"2012-07-18",35.3367080688477,60.704273223877,49.6008262634277,20.7794742584229,107.74828338623
"2012-07-19",35.5004463195801,61.2444686889648,49.6008262634277,20.8432502746582,108.03067779541
"2012-07-20",35.2611274719238,61.4414291381836,49.4512519836426,20.8918495178223,107.042419433594
"2012-07-23",34.6691436767578,60.7436599731445,49.0254707336426,20.6913967132568,105.959930419922
"2012-07-24",34.4109382629395,59.8151969909668,48.663013458252,20.3603572845459,105.050071716309
"2012-07-25",33.5292434692383,59.6801452636719,49.0427322387695,20.3755340576172,105.073616027832
"2012-07-26",34.2597770690918,60.9236907958984,49.7791633605957,20.9556159973145,106.807060241699
"2012-07-27",34.6187553405762,61.4807929992676,50.3142395019531,21.3261394500732,108.775817871094
"2012-07-30",34.549488067627,61.7959175109863,50.3775482177734,21.3868827819824,108.775817871094
"2012-07-31",34.2849655151367,61.6608619689941,49.9690361022949,21.1530303955078,108.015014648438
"2012-08-01",34.7762031555176,62.1785545349121,50.0035552978516,21.2562866210938,107.920852661133
"2012-08-02",34.4172286987305,61.4751777648926,49.410945892334,20.9009590148926,107.175727844238
"2012-08-03",35.084789276123,62.5274200439453,50.3717918395996,21.3929538726807,109.30135345459
"2012-08-06",35.1981506347656,62.6343383789062,50.3142395019531,21.4506568908691,109.513114929199
"2012-08-07",35.5508308410645,62.9944725036621,50.5846710205078,21.7725791931152,110.062210083008
"2012-08-08",36.0042686462402,63.101390838623,50.7917900085449,21.7908039093018,110.195541381836
"2012-08-09",35.9538917541504,63.3771018981934,51.0755500793457,21.939624786377,110.289688110352
"2012-08-10",36.0735473632812,63.8947792053223,51.2145233154297,21.9791049957275,110.470039367676
"2012-08-13",36.0924301147461,63.7428436279297,51.0408096313477,21.8971099853516,110.415184020996
"2012-08-14",36.1176147460938,63.7653617858887,51.0755500793457,21.8576202392578,110.430862426758
"2012-08-15",36.0483474731445,63.8504371643066,50.959716796875,21.854585647583,110.556343078613
"2012-08-16",36.2435684204102,64.2758636474609,51.347713470459,22.0489540100098,111.372085571289
"2012-08-17",36.1428108215332,63.901496887207,51.1913719177246,22.0398464202881,111.52108001709
"2012-08-20",35.9160995483398,63.8220825195312,50.9307823181152,21.9639186859131,111.52897644043
"2012-08-21",35.6641883850098,63.5157852172852,50.6470184326172,21.8940773010254,111.191688537598
"2012-08-22",35.6956787109375,63.612232208252,50.8033752441406,21.9760646820068,111.238723754883
"2012-08-23",35.3681869506836,63.1244316101074,50.5601501464844,21.7331027984619,110.328857421875
"2012-08-24",35.4941368103027,63.5327987670898,50.9886703491211,21.8606510162354,110.995567321777
"2012-08-27",35.5067443847656,63.373966217041,50.8091583251953,21.8697719573975,111.019142150879
"2012-08-28",35.55712890625,63.7256507873535,51.017650604248,21.884952545166,110.909271240234
"2012-08-29",35.4878425598145,63.4137001037598,50.9018173217773,21.7391757965088,110.995567321777
"2012-08-30",35.3367080688477,62.9202270507812,50.496452331543,21.5083713531494,110.195541381836
"2012-08-31",35.764965057373,63.6178779602051,50.5543594360352,21.7239837646484,110.721015930176
"2012-09-04",35.3996772766113,63.0847129821777,50.4501266479492,21.5569438934326,110.619094848633
"2012-09-05",34.5557746887207,62.8294563293457,50.5717315673828,21.4749488830566,110.524948120117
"2012-09-06",35.1351776123047,64.1113662719727,51.5330276489258,21.9274749755859,112.768257141113
"2012-09-07",35.670482635498,64.6615371704102,52.0715827941895,22.3070964813232,113.207534790039
"2012-09-10",35.380786895752,64.6388549804688,51.8167762756348,22.2099151611328,112.564346313477
"2012-09-11",35.5004463195801,64.7636489868164,51.8978385925293,22.4468154907227,112.878051757812
"2012-09-12",35.6075134277344,64.9338150024414,51.8573226928711,22.5834732055664,113.254539489746
"2012-09-13",36.3065567016602,66.1135940551758,52.830207824707,22.9509468078613,114.98014831543
"2012-09-14",36.6592483520508,66.5049743652344,53.4497947692871,23.2546577453613,115.48999786377
"2012-09-17",36.7159080505371,66.4425964355469,53.2239685058594,23.0785121917725,115.097816467285
"2012-09-18",36.4136123657227,66.3461608886719,53.0733947753906,22.9145164489746,115.003700256348
"2012-09-19",36.0924301147461,66.1362991333008,52.4479789733887,22.6928100585938,115.066421508789
"2012-09-20",36.2687606811523,66.8452987670898,52.9981002807617,22.756591796875,115.074317932129
"2012-09-21",36.1239242553711,66.8169479370117,53.229736328125,22.7822170257568,115.026214599609
"2012-09-24",36.5017967224121,66.8055953979492,53.2065811157227,22.6662940979004,114.852714538574
"2012-09-25",36.1554145812988,66.3234481811523,53.1255111694336,22.4191856384277,113.630470275879
"2012-09-26",35.9034996032715,65.9661407470703,52.830207824707,22.2056407928467,112.991714477539
"2012-09-27",36.1428108215332,66.4765930175781,53.1602516174316,22.5076522827148,114.056251525879
"2012-09-28",36.0105590820312,66.1135940551758,52.9575691223145,22.40087890625,113.527938842773
"2012-10-01",36.1554145812988,66.5049743652344,53.1602516174316,22.5137577056885,113.82755279541
"2012-10-02",36.1302185058594,66.9076766967773,53.1139144897461,22.5534133911133,113.945877075195
"2012-10-03",35.7523612976074,65.8753814697266,53.1023368835449,22.275806427002,114.411109924316
"2012-10-04",36.1491050720215,66.4482574462891,53.403491973877,22.4985046386719,115.23119354248
"2012-10-05",36.2624702453613,66.6467590332031,53.5945701599121,22.4466419219971,115.23908996582
"2012-10-08",36.2876586914062,66.7148513793945,53.6698532104492,22.4832515716553,114.84481048584
"2012-10-09",36.4010162353516,66.5673751831055,53.3513488769531,22.5137577056885,113.709320068359
"2012-10-10",36.0483474731445,63.7823905944824,52.7143745422363,22.0927677154541,112.983787536621
"2012-10-11",36.0802040100098,64.1283721923828,52.79541015625,22.257495880127,113.046936035156
"2012-10-12",35.7871360778809,63.5668182373047,52.7143745422363,22.1354694366455,112.676315307617
"2012-10-15",36.1821670532227,63.9922409057617,52.9923133850098,22.2483501434326,113.614707946777
"2012-10-16",36.7109451293945,64.7126007080078,53.4961357116699,22.6022281646729,114.765998840332
"2012-10-17",37.0295066833496,65.3308410644531,54.080997467041,22.8859424591064,115.286445617676
"2012-10-18",37.1250839233398,65.0302276611328,54.1331405639648,22.8828907012939,114.986801147461
"2012-10-19",36.6026458740234,64.3098831176758,53.3629493713379,22.5229053497314,113.070587158203
"2012-10-22",36.3414192199707,63.9468727111816,53.3860969543457,22.4100284576416,113.086326599121
"2012-10-23",35.717041015625,62.0410499572754,52.2221374511719,21.888370513916,111.517166137695
"2012-10-24",35.6469650268555,62.2282295227051,52.0484008789062,21.7205905914307,111.201683044434
"2012-10-25",36.4178848266602,62.9372177124023,52.3668937683105,21.9249839782715,111.525024414062
"2012-10-26",36.5134468078613,63.0620231628418,52.4769325256348,21.9524364471436,111.461921691895
"2012-10-31",36.857494354248,62.5288543701172,52.79541015625,21.9463310241699,111.461921691895
"2012-11-01",37.2206497192383,63.2208518981934,53.0444450378418,22.040901184082,112.62899017334
"2012-11-02",36.7300720214844,61.468189239502,52.274242401123,21.6778831481934,111.627548217773
"2012-11-05",36.6536178588867,61.9332809448242,52.4827270507812,21.8426132202148,111.856216430664
"2012-11-06",37.0932388305664,62.596923828125,53.050235748291,22.193431854248,112.731521606445
"2012-11-07",36.1694107055664,60.9803810119629,51.383659362793,21.6138076782227,110.176597595215
"2012-11-08",35.5896186828613,60.0501670837402,50.7368545532227,21.2233352661133,108.851783752441
"2012-11-09",35.4685592651367,60.0331268310547,50.818431854248,21.2172431945801,108.94645690918
"2012-11-12",35.4494514465332,60.0841941833496,50.8825378417969,21.2599411010742,109.033195495605
"2012-11-13",35.2646903991699,59.7155075073242,50.3872375488281,21.1714687347412,108.654663085938
"2012-11-14",34.8951683044434,58.6399726867676,50.1541481018066,20.9152145385742,107.187980651855
"2012-11-15",34.7804756164551,58.1365242004395,50.194938659668,20.9426803588867,107.006629943848
"2012-11-16",35.0608177185059,58.5827674865723,50.3755683898926,21.0250434875488,107.534927368164
"2012-11-19",35.5067977905273,59.6983489990234,51.0864944458008,21.5100898742676,109.711357116699
"2012-11-20",35.4430732727051,59.2463760375977,50.987434387207,21.4246768951416,109.758674621582
"2012-11-21",35.7106704711914,59.5553321838379,51.284610748291,21.5405979156494,109.963638305664
"2012-11-23",36.1056938171387,60.3391151428223,51.913948059082,21.8456592559814,111.461921691895
"2012-11-26",36.1885223388672,60.0644798278809,51.640079498291,21.6321258544922,111.225387573242
"2012-11-27",35.7935066223145,59.143440246582,50.9000053405762,21.4521312713623,110.65763092041
"2012-11-28",36.3541641235352,60.4020462036133,51.3370704650879,21.6473693847656,111.548629760742
"2012-11-29",36.3031997680664,60.522159576416,51.3487129211426,21.6961803436279,112.06909942627
"2012-11-30",36.2777099609375,60.4649505615234,51.3603706359863,21.6778831481934,112.092788696289
"2012-12-03",36.4242630004883,59.8756904602051,51.0515327453613,21.5588932037354,111.54077911377
"2012-12-04",36.2140045166016,59.475227355957,50.8067855834961,21.4795932769775,111.383079528809
"2012-12-05",36.4306106567383,60.1674499511719,51.121452331543,21.6290683746338,111.580200195312
"2012-12-06",36.5389289855957,60.8997421264648,51.2787780761719,21.6992340087891,111.958694458008
"2012-12-07",36.9148216247559,61.2086753845215,51.6284103393555,21.8304100036621,112.297805786133
"2012-12-10",36.8766136169434,61.1915321350098,51.5177040100098,21.8060073852539,112.345100402832
"2012-12-11",37.0295066833496,61.6377449035645,51.8556709289551,21.9341297149658,113.110023498535
"2012-12-12",37.0804824829102,61.8322715759277,52.1237258911133,22.0134506225586,113.165260314941
"2012-12-13",36.8766136169434,61.734992980957,51.6167678833008,21.8090572357178,112.471290588379
"2012-12-14",36.7555503845215,61.683521270752,51.3254127502441,21.7266902923584,112.05339050293
"2012-12-17",37.1314392089844,62.1755332946777,51.7857551574707,21.9249839782715,113.370231628418
"2012-12-18",37.7813110351562,62.987907409668,52.1878051757812,22.3276710510254,114.631912231445
"2012-12-19",37.7176055908203,62.8791885375977,51.5351753234863,22.1751384735107,113.780303955078
"2012-12-20",37.7685699462891,63.1480979919434,51.7973785400391,22.324613571167,114.434776306152
"2012-12-21",37.3416900634766,62.7647933959961,50.8300895690918,22.0980186462402,113.39608001709
"2012-12-24",37.2334060668945,62.146915435791,50.6494560241699,21.9293804168701,113.046615600586
"2012-12-26",36.9211959838867,62.0496711730957,50.7368545532227,21.8312664031982,112.570114135742
"2012-12-27",36.8893508911133,62.0839996337891,50.6144943237305,21.791410446167,112.419258117676
"2012-12-28",36.3605422973633,60.8997421264648,49.5889167785645,21.4111938476562,111.204154968262
"2012-12-31",36.9466896057129,61.8665542602539,50.4338417053223,21.8987197875977,113.094245910645
"2013-01-02",37.7239761352539,63.15380859375,51.6925277709961,22.3831844329834,115.992866516113
"2013-01-03",37.698486328125,62.8849105834961,51.5992698669434,22.3770408630371,115.730842590332
"2013-01-04",38.1189956665039,63.216739654541,51.8381958007812,22.625415802002,116.239074707031
"2013-01-07",37.698486328125,62.7876663208008,51.2379760742188,22.4506320953369,115.921394348145
"2013-01-08",37.188793182373,62.5073471069336,51.5584869384766,22.3770408630371,115.587890625
"2013-01-09",37.1123504638672,62.6675491333008,51.3603706359863,22.340259552002,115.881721496582
"2013-01-10",37.2716217041016,63.199577331543,51.9197692871094,22.5426216125488,116.802909851074
"2013-01-11",37.1250839233398,63.9203948974609,52.2169494628906,22.570219039917,116.794998168945
"2013-01-14",37.2525062561035,64.5611572265625,52.1994781494141,22.5732803344727,116.715576171875
"2013-01-15",37.6092872619629,64.8987045288086,52.1703414916992,22.6744594573975,116.794998168945
"2013-01-16",37.5137214660645,65.2019271850586,52.1353759765625,22.7756500244141,116.77906036377
"2013-01-17",37.6793823242188,65.6424102783203,52.5607643127441,22.9197635650635,117.533538818359
"2013-01-18",37.7622032165527,65.9284820556641,52.9103736877441,23.1466579437256,117.795608520508
"2013-01-22",38.2145576477051,66.3118133544922,52.9803085327148,23.3674259185791,118.430854797363
"2013-01-23",37.940601348877,65.7969131469727,52.8520889282227,23.2877101898193,118.621528625488
"2013-01-24",38.4885292053223,66.0772323608398,53.2308921813965,23.3551616668701,118.653259277344
"2013-01-25",38.9026565551758,66.4776916503906,53.4523086547852,23.575927734375,119.320327758789
"2013-01-28",38.705150604248,66.3861618041992,53.0910148620605,23.5360698699951,119.177398681641
"2013-01-29",39.2849349975586,67.0555114746094,53.469783782959,23.9162731170654,119.645950317383
"2013-01-30",38.9217643737793,66.6207122802734,52.8346290588379,23.7966995239258,119.177398681641
"2013-01-31",36.953067779541,65.8769989013672,52.4267272949219,23.7169780731201,118.883583068848
"2013-02-01",37.4754981994629,66.6493148803711,52.4675216674805,23.9377326965332,120.106582641602
"2013-02-04",36.9721717834473,65.9055938720703,51.948902130127,23.7108383178711,118.756538391113
"2013-02-05",36.7746696472168,66.2546005249023,52.2927207946777,23.9162731170654,119.955635070801
"2013-02-06",36.6918334960938,66.3118133544922,52.3218421936035,23.9316082000732,120.04305267334
"2013-02-07",36.7173233032227,65.802619934082,51.753002166748,23.8702793121338,119.884262084961
"2013-02-08",36.870231628418,66.1573333740234,51.9640922546387,24.0941123962402,120.551284790039
"2013-02-11",36.6918334960938,66.1573333740234,51.770580291748,23.9745273590088,120.527481079102
"2013-02-12",37.1123504638672,66.6493148803711,51.8761329650879,24.0389175415039,120.72599029541
"2013-02-13",37.3416900634766,66.6089630126953,51.9993019104004,24.12477684021,120.829238891602
"2013-02-14",37.3223686218262,66.7127151489258,51.9113388061523,24.3332710266113,120.940475463867
"2013-02-15",36.7424278259277,66.2803344726562,51.8175163269043,24.0542507171631,120.797508239746
"2013-02-19",37.7605514526367,66.8338241577148,52.3804969787598,24.3332710266113,121.702751159668
"2013-02-20",37.1612815856934,66.2976379394531,52.1752243041992,23.8242931365967,120.185997009277
"2013-02-21",37.4448089599609,66.2976379394531,51.9523773193359,23.6587181091309,119.455307006836
"2013-02-22",37.5028038024902,66.8568878173828,52.3101081848145,23.907075881958,120.622787475586
"2013-02-25",36.6586761474609,65.4616317749023,51.4304542541504,23.2815723419189,118.327674865723
"2013-02-26",37.2128295898438,66.2803344726562,51.9054641723633,23.5115337371826,119.137725830078
"2013-02-27",37.3997039794922,67.2547073364258,52.5036392211914,23.8702793121338,120.638618469238
"2013-02-28",37.3416900634766,67.5429763793945,52.515380859375,23.821216583252,120.400405883789
"2013-03-01",37.5543365478516,67.3988342285156,52.4449882507324,23.8518905639648,120.797508239746
"2013-03-04",37.1290626525879,67.7390060424805,52.1634979248047,23.7997570037842,121.440689086914
"2013-03-05",37.1548309326172,67.9926910400391,52.5505523681641,23.9530696868896,122.528717041016
"2013-03-06",37.3739318847656,68.3040313720703,52.521240234375,23.9806594848633,122.695442199707
"2013-03-07",37.2837104797363,68.3558883666992,52.0227737426758,24.1033058166504,122.91780090332
"2013-03-08",37.6252288818359,68.3616790771484,52.1752243041992,24.2198257446289,123.441970825195
"2013-03-11",37.6574554443359,68.4539108276367,52.2866592407227,24.2320880889893,123.910522460938
"2013-03-12",37.8443145751953,68.1771774291992,52.2866592407227,24.2596912384033,123.632583618164
"2013-03-13",37.8765296936035,68.2406005859375,52.3453102111816,24.2044944763184,123.807228088379
"2013-03-14",38.3533935546875,69.1861572265625,52.679557800293,24.5356540679932,124.466453552246
"2013-03-15",38.0634078979492,69.0016632080078,52.4098091125488,24.5162448883057,124.302085876465
"2013-03-18",38.1149673461914,68.6845474243164,52.0579528808594,24.3191261291504,123.616058349609
"2013-03-19",38.2180633544922,68.8748168945312,51.9465103149414,24.0511608123779,123.328964233398
"2013-03-20",38.9462089538574,69.387939453125,51.9758415222168,24.1866893768311,124.190422058105
"2013-03-21",39.2684059143066,69.3821563720703,51.7060775756836,24.0634841918945,123.129524230957
"2013-03-22",39.2490615844727,69.8665008544922,52.3628807067871,24.2544460296631,124.118644714355
"2013-03-25",38.7980041503906,69.2899169921875,52.2045402526855,24.1620464324951,123.600143432617
"2013-03-26",38.9462089538574,69.7511596679688,52.8554992675781,24.4176864624023,124.589225769043
"2013-03-27",38.9075469970703,69.2956848144531,53.1194000244141,24.4977588653564,124.589225769043
"2013-03-28",38.7271156311035,68.5058288574219,52.8437728881836,24.4269237518311,124.972137451172
"2013-04-01",38.971981048584,68.9613037109375,53.2308082580566,24.3776473999023,124.477600097656
"2013-04-02",38.6884651184082,68.6096038818359,53.1194000244141,24.2390422821045,125.091842651367
"2013-04-03",38.1987266540527,67.9061965942383,52.7382202148438,23.7863025665283,123.823463439941
"2013-04-04",37.9409599304199,68.0734100341797,52.644359588623,23.7554969787598,124.326019287109
"2013-04-05",37.7218856811523,67.7563018798828,52.1987075805664,23.807861328125,123.76766204834
"2013-04-08",38.2180633544922,67.9235076904297,51.9582481384277,23.9680137634277,124.605201721191
"2013-04-09",38.5209121704102,68.4020309448242,52.0579528808594,24.1712951660156,125.035972595215
"2013-04-10",38.8237648010254,68.9786071777344,52.0051460266113,24.3006458282471,126.567497253418
"2013-04-11",38.7657699584961,69.7338562011719,52.3218383789062,24.4053649902344,126.982284545898
"2013-04-12",38.2502670288086,69.1515579223633,52.1869621276855,24.0234527587891,126.671195983887
"2013-04-15",36.8841857910156,67.2085800170898,50.7208671569824,23.0440368652344,123.735725402832
"2013-04-16",37.013069152832,67.4622497558594,50.7912254333496,23.3273887634277,125.562423706055
"2013-04-17",36.607120513916,66.1938552856445,50.4804306030273,22.8161277770996,123.727821350098
"2013-04-18",36.9357490539551,66.6435470581055,50.7970962524414,23.0101566314697,122.953994750977
"2013-04-19",37.0453071594238,66.8222808837891,51.2838401794434,22.963960647583,124.022895812988
"2013-04-22",36.9808464050293,67.2085800170898,51.6591606140137,23.2103500366211,124.573310852051
"2013-04-23",37.2321548461914,67.7332382202148,52.3687438964844,23.4783115386963,125.857582092285
"2013-04-24",37.5414543151855,68.1944808959961,52.4449882507324,23.792459487915,125.937339782715
"2013-04-25",37.6123466491699,68.3270797729492,51.6474380493164,23.8109378814697,126.447898864746
"2013-04-26",37.9603157043457,69.2091903686523,51.6063804626465,23.7709045410156,126.224449157715
"2013-04-29",38.5982437133789,69.9471817016602,51.7295303344727,24.0111274719238,127.070091247559
"2013-04-30",38.9526596069336,70.3449935913086,52.1869621276855,24.1066150665283,127.373184204102
"2013-05-01",38.6691284179688,69.3418197631836,51.3190536499023,23.7308597564697,126.256439208984
"2013-05-02",39.2812843322754,70.3623123168945,51.9758415222168,24.0419292449951,127.429023742676
"2013-05-03",39.8998908996582,71.1983184814453,52.7909698486328,24.4761981964111,128.721267700195
"2013-05-06",40.093204498291,71.0599212646484,53.1194000244141,24.6425247192383,129.048278808594
"2013-05-07",40.4927177429199,70.9388656616211,53.4536552429199,24.8334732055664,129.702377319336
"2013-05-08",40.3316116333008,71.1233520507812,53.7761840820312,24.8735122680664,130.292709350586
"2013-05-09",40.3251914978027,71.2847671508789,53.7525749206543,24.8519592285156,129.925750732422
"2013-05-10",40.0996398925781,71.0484161376953,53.2270355224609,24.722599029541,130.348480224609
"2013-05-13",39.9514350891113,70.8293151855469,53.2034149169922,24.7195205688477,130.452209472656
"2013-05-14",40.6344757080078,72.0689086914062,53.7998161315918,25.0706310272217,131.800216674805
"2013-05-15",40.2220726013184,71.4935150146484,53.8765754699707,24.9997940063477,132.510192871094
"2013-05-16",40.228515625,71.3482360839844,53.5577125549316,24.8765907287598,131.888046264648
"2013-05-17",40.7955741882324,71.7317886352539,54.1836471557617,25.292387008667,133.164337158203
"2013-05-20",41.2595291137695,72.5222473144531,54.6324043273926,25.6496601104736,133.156311035156
"2013-05-21",41.4399452209473,73.1964492797852,54.7977485656738,25.5972957611084,133.347778320312
"2013-05-22",40.8474960327148,72.6094284057617,54.437557220459,25.3016166687012,132.358673095703
"2013-05-23",40.8800392150879,72.8825836181641,54.2013702392578,25.3139400482178,131.975708007812
"2013-05-24",40.7107620239258,72.9116439819336,54.0478286743164,25.1661014556885,131.864120483398
"2013-05-28",40.9125785827637,73.4812316894531,54.549747467041,25.4309787750244,132.653778076172
"2013-05-29",40.8735313415527,72.9348983764648,54.3725929260254,25.3755416870117,131.79231262207
"2013-05-30",40.5479965209961,72.7140350341797,54.3785133361816,25.3170223236084,132.278884887695
"2013-05-31",39.9360046386719,71.3424072265625,53.4219093322754,24.7934341430664,130.380416870117
"2013-06-03",40.4242973327637,72.1212310791016,54.0064964294434,25.0336780548096,131.098297119141
"2013-06-04",40.1573524475098,71.4644546508789,53.6108627319336,24.8365573883057,130.468154907227
"2013-06-05",40.1183052062988,70.6565704345703,52.9377174377441,24.5470352172852,128.641448974609
"2013-06-06",40.3071060180664,70.087028503418,53.2801895141602,24.7318382263184,129.806030273438
"2013-06-07",40.5740356445312,70.7321548461914,54.0005798339844,25.0429096221924,131.457275390625
"2013-06-10",40.4959144592285,71.3075408935547,53.8057289123535,24.9720764160156,131.457275390625
"2013-06-11",40.3071060180664,70.5868301391602,53.4159774780273,24.5932369232178,130.101181030273
"2013-06-12",39.6365203857422,69.7266464233398,52.9908599853516,24.4423160552979,129.024337768555
"2013-06-13",40.1378364562988,70.7089004516602,53.9297294616699,24.8519592285156,130.98664855957
"2013-06-14",39.7341651916504,69.9068298339844,53.4868659973145,24.6117248535156,130.1650390625
"2013-06-17",40.3266296386719,70.4531631469727,54.0360221862793,24.9658946990967,131.170059204102
"2013-06-18",40.4308052062988,70.6275253295898,54.284008026123,25.1075839996338,132.207077026367
"2013-06-19",40.1768798828125,70.0346984863281,53.73486328125,24.8765907287598,130.380416870117
"2013-06-20",39.2458686828613,68.5526428222656,52.5834007263184,24.1497344970703,127.149833679199
"2013-06-21",39.2979698181152,69.1222305297852,52.8373184204102,24.1911964416504,127.558036804199
"2013-06-24",38.6403884887695,67.895866394043,52.246826171875,23.8322105407715,125.946174621582
"2013-06-25",38.9529037475586,68.2620315551758,52.6188125610352,24.1385917663574,127.157066345215
"2013-06-26",39.2784309387207,68.6688995361328,53.0262718200684,24.2871322631836,128.416030883789
"2013-06-27",39.2849464416504,68.9943542480469,53.1679992675781,24.3335571289062,129.169769287109
"2013-06-28",39.3891143798828,68.7793045043945,53.3510665893555,24.2314281463623,128.640487670898
"2013-07-01",39.8643836975098,69.2094345092773,53.3215370178223,24.4047317504883,129.394302368164
"2013-07-02",40.2289810180664,69.2500610351562,53.522274017334,24.4573364257812,129.274047851562
"2013-07-03",40.2615356445312,69.2094345092773,53.551815032959,24.4418773651123,129.330200195312
"2013-07-05",40.5675239562988,70.04052734375,54.0714530944824,24.7451457977295,130.725494384766
"2013-07-08",41.042797088623,70.4647903442383,54.4729766845703,24.9060764312744,131.471252441406
"2013-07-09",41.34228515625,71.6446304321289,55.1165962219238,25.1598358154297,132.417465209961
"2013-07-10",41.3618125915527,71.4295806884766,54.8095664978027,25.0051002502441,132.465591430664
"2013-07-11",41.8761596679688,71.9352493286133,55.0753059387207,25.2062568664551,134.269866943359
"2013-07-12",42.214714050293,72.1037979125977,55.1520614624023,25.348611831665,134.32600402832
"2013-07-15",42.488151550293,72.464111328125,55.0634841918945,25.3269557952881,134.839202880859
"2013-07-16",42.2863349914551,72.1386642456055,55.0929908752441,25.1721992492676,134.334030151367
"2013-07-17",42.6834716796875,72.2723236083984,55.1874771118164,25.283634185791,134.678817749023
"2013-07-18",42.9664115905762,72.9232635498047,55.7307205200195,25.552864074707,135.416580200195
"2013-07-19",43.4269866943359,73.7602081298828,56.1972160339355,25.9087467193604,135.657119750977
"2013-07-22",43.3151397705078,73.829948425293,55.9964561462402,25.8251972198486,135.921752929688
"2013-07-23",43.5059547424316,73.9635925292969,56.2149391174316,25.8685207366943,135.633102416992
"2013-07-24",43.1572303771973,73.4463424682617,56.0909194946289,25.5807094573975,135.135940551758
"2013-07-25",43.2361907958984,74.2542190551758,56.0791282653809,25.7509212493896,135.464706420898
"2013-07-26",43.2427673339844,74.1379928588867,55.9728507995605,25.6859340667725,135.608993530273
"2013-07-29",42.8874435424805,73.3301086425781,55.5240478515625,25.4724082946777,135.192092895508
"2013-07-30",42.6571502685547,73.1034317016602,55.3941307067871,25.422887802124,135.192092895508
"2013-07-31",42.6768913269043,73.1673736572266,55.358699798584,25.506441116333,135.288314819336
"2013-08-01",43.4862213134766,73.4870300292969,54.7564315795898,25.9211406707764,136.851974487305
"2013-08-02",44.2363052368164,72.6210632324219,54.295825958252,25.8066272735596,137.084564208984
"2013-08-05",44.2099952697754,72.063117980957,54.0832595825195,25.7447242736816,136.884017944336
"2013-08-06",44.1441993713379,71.5690612792969,54.0124053955078,25.5869045257568,136.106246948242
"2013-08-07",43.7691497802734,71.6794891357422,53.9356384277344,25.4971618652344,135.665191650391
"2013-08-08",44.1441993713379,71.5283737182617,54.1954612731934,25.6364269256592,136.162353515625
"2013-08-09",43.9731254577637,71.1970825195312,53.9397811889648,25.5590534210205,135.769409179688
"2013-08-12",43.492790222168,70.7902603149414,53.4462928771973,25.4507369995117,135.608993530273
"2013-08-13",44.019172668457,71.1970825195312,53.1549491882324,25.4971618652344,136.009979248047
"2013-08-14",44.1902732849121,70.9355621337891,52.8873825073242,25.3795585632324,135.312393188477
"2013-08-15",44.4929275512695,70.4667510986328,52.4176712036133,25.2402954101562,133.419830322266
"2013-08-16",44.335018157959,70.2499313354492,52.2690238952637,25.13818359375,132.978820800781
"2013-08-19",43.3151397705078,69.535041809082,51.6804008483887,24.7389583587646,132.128784179688
"2013-08-20",43.4138412475586,69.3181991577148,51.6269073486328,24.8906078338623,132.778259277344
"2013-08-21",43.1111526489258,68.9724655151367,51.383129119873,24.7544364929199,131.960403442383
"2013-08-22",43.5256881713867,69.3181991577148,51.7160797119141,25.1227016448975,133.163284301758
"2013-08-23",43.788890838623,70.0448303222656,52.0371398925781,25.3021926879883,133.6123046875
"2013-08-26",43.6309814453125,69.640495300293,51.7814903259277,25.2588634490967,133.115127563477
"2013-08-27",43.4401588439941,69.622917175293,51.6209335327148,25.1010417938232,130.974075317383
"2013-08-28",43.9336357116699,71.3809204101562,52.8219871520996,25.5188312530518,131.439163208008
"2013-08-29",43.5322761535645,70.5370941162109,51.888500213623,25.2526836395264,131.647644042969
"2013-08-30",43.6243743896484,70.5722351074219,51.8231086730957,25.2433948516846,131.230697631836
"2013-09-03",43.9468002319336,70.642578125,51.8171577453613,25.4290714263916,131.824081420898
"2013-09-04",44.5192642211914,70.8242340087891,52.1798667907715,25.5652484893799,132.914672851562
"2013-09-05",44.5916175842285,71.1231002807617,51.9360656738281,25.651891708374,133.083084106445
"2013-09-06",44.8745651245117,71.0293197631836,51.8766059875488,25.6487903594971,133.147232055664
"2013-09-09",45.3154258728027,71.6211853027344,52.3463287353516,25.9366111755371,134.422241210938
"2013-09-10",45.1772308349609,72.0841369628906,52.2155151367188,25.9458847045898,135.416580200195
"2013-09-11",45.5062103271484,72.6173706054688,52.8219871520996,26.1439533233643,135.841583251953
"2013-09-12",45.256175994873,72.5998077392578,52.310661315918,25.9892101287842,135.480712890625
"2013-09-13",45.5259590148926,72.7462844848633,52.5603866577148,25.9799270629883,135.785461425781
"2013-09-16",45.6246566772461,72.7111587524414,52.7209014892578,25.9737396240234,136.571319580078
"2013-09-17",45.8615303039551,72.863525390625,52.8814697265625,26.0913314819336,137.180770874023
"2013-09-18",46.4274139404297,73.7308120727539,53.261962890625,26.4069995880127,138.768493652344
"2013-09-19",46.6116409301758,73.5081176757812,53.0835952758789,26.3420124053955,138.535995483398
"2013-09-20",46.7169342041016,73.2033920288086,52.7149810791016,26.1284141540527,137.567367553711
"2013-09-23",46.4405670166016,73.5550155639648,52.173900604248,26.0009517669678,136.930816650391
"2013-09-24",46.3221397399902,72.951416015625,51.9420127868652,26.025821685791,136.608489990234
"2013-09-25",46.2694816589355,72.7052917480469,51.8111839294434,26.0196094512939,136.213577270508
"2013-09-26",46.210277557373,72.3654174804688,51.769588470459,26.066234588623,136.737426757812
"2013-09-27",46.2628974914551,71.867301940918,51.6685180664062,25.9760780334473,136.108871459961
"2013-09-30",45.7365226745605,71.1992568969727,51.1571769714355,25.7770938873291,135.38362121582
"2013-10-01",46.0852508544922,71.0937805175781,51.1333961486816,25.941873550415,136.455413818359
"2013-10-02",46.2957992553711,70.8066482543945,51.1809616088867,26.0009517669678,136.326461791992
"2013-10-03",46.170783996582,69.2947769165039,50.8360939025879,25.7739772796631,135.069396972656
"2013-10-04",46.6971664428711,69.2244491577148,51.323657989502,26.0351467132568,136.092727661133
"2013-10-07",46.6379699707031,69.0720901489258,51.0739364624023,25.8206195831299,134.916305541992
"2013-10-08",46.170783996582,68.4040374755859,50.8420524597168,25.5439186096191,133.344985961914
"2013-10-09",45.907585144043,68.0524291992188,50.6339492797852,25.4537506103516,133.441665649414
"2013-10-10",47.236701965332,68.1989059448242,51.1571769714355,25.9263286590576,136.318374633789
"2013-10-11",47.6553993225098,68.9548950195312,51.6982307434082,26.2061424255371,137.196701049805
"2013-10-14",47.8215065002441,69.4881439208984,52.0847015380859,26.3833618164062,137.744659423828
"2013-10-15",47.7750091552734,69.2361679077148,51.6030960083008,26.2869777679443,136.745407104492
"2013-10-16",48.4860801696777,69.8280258178711,51.9122734069824,26.681827545166,138.655242919922
"2013-10-17",48.7851142883301,70.0389709472656,52.0133628845215,26.73779296875,139.581848144531
"2013-10-18",48.7984237670898,70.1151428222656,52.0549850463867,27.0300426483154,140.524703979492
"2013-10-21",48.5458946228027,70.2147750854492,51.8647155761719,26.9087829589844,140.532791137695
"2013-10-22",48.6854553222656,70.6952896118164,52.310661315918,27.0580158233643,141.3466796875
"2013-10-23",48.1072692871094,70.3964462280273,52.090648651123,26.6351947784424,140.669708251953
"2013-10-24",48.7718505859375,70.6484222412109,52.5722503662109,26.7626647949219,141.137161254883
"2013-10-25",49.2170791625977,70.6660079956055,52.3047065734863,26.9243392944336,141.78173828125
"2013-10-28",49.1041259765625,70.8535537719727,52.4593086242676,26.946102142334,142.007431030273
"2013-10-29",49.4031448364258,71.1992568969727,52.8755149841309,27.1357345581055,142.764877319336
"2013-10-30",48.6788101196289,70.4960784912109,52.8041343688965,26.9523181915283,142.055786132812
"2013-10-31",48.7319793701172,70.2968063354492,53.2857475280762,26.8590412139893,141.652847290039
"2013-11-01",48.5724716186523,69.1541137695312,53.404670715332,26.7626647949219,141.991271972656
"2013-11-04",48.7319793701172,69.2068481445312,54.7602806091309,27.0953273773193,142.49089050293
"2013-11-05",48.2269020080566,69.4119567871094,54.6948928833008,26.8497104644775,142.039581298828
"2013-11-06",49.1107749938965,70.9883117675781,55.4262008666992,26.9305534362793,142.764877319336
"2013-11-07",48.1870384216309,70.2675247192383,55.0490913391113,26.5139465332031,140.959854125977
"2013-11-08",48.9712066650391,71.0175933837891,55.5100402832031,26.9087829589844,142.861541748047
"2013-11-11",48.8848114013672,70.9531326293945,55.647705078125,26.9585437774658,142.885711669922
"2013-11-12",48.3930397033691,70.3202667236328,55.4740943908691,26.7098083496094,142.595611572266
"2013-11-13",48.7386207580566,70.3730010986328,55.4262046813965,26.9429893493652,143.739868164062
"2013-11-14",48.9645652770996,70.650749206543,55.8033332824707,27.1046543121338,144.457061767578
"2013-11-15",48.712028503418,70.9461975097656,57.030517578125,27.2538948059082,145.08561706543
"2013-11-18",48.0541191101074,71.2416458129883,57.1382675170898,27.0455894470215,144.577865600586
"2013-11-19",48.020866394043,72.128044128418,57.1203117370605,27.0922183990479,144.263702392578
"2013-11-20",48.0142402648926,72.0925903320312,56.6773300170898,27.0269317626953,143.812423706055
"2013-11-21",48.7386207580566,72.9553298950195,56.6833267211914,27.2849807739258,144.972763061523
"2013-11-22",49.1904945373535,73.2921524047852,56.8748817443848,27.4311046600342,145.697967529297
"2013-11-25",48.3863983154297,73.1207885742188,56.9227752685547,27.1823844909668,145.552932739258
"2013-11-26",48.4661407470703,72.5535049438477,56.431884765625,27.1139812469482,145.593215942383
"2013-11-27",48.2601432800293,72.3407821655273,56.150562286377,26.9305534362793,145.947799682617
"2013-11-29",48.3797569274902,72.3525924682617,55.9589920043945,26.8745861053467,145.85107421875
"2013-12-02",48.2269020080566,72.2935104370117,55.9829254150391,26.8932590484619,145.472396850586
"2013-12-03",48.1604347229004,72.3998870849609,56.5037498474121,26.9585437774658,144.843826293945
"2013-12-04",47.4560050964355,71.9566802978516,56.6713409423828,26.8714828491211,144.827728271484
"2013-12-05",47.0772171020508,71.5607604980469,56.3480949401855,26.7813282012939,144.191101074219
"2013-12-06",47.0306854248047,72.2639312744141,57.257999420166,26.8652610778809,145.802764892578
"2013-12-09",46.8113975524902,72.8844223022461,57.3717155456543,26.9025726318359,146.173416137695
"2013-12-10",46.7249908447266,73.0735015869141,57.2939109802246,26.8217391967773,145.649673461914
"2013-12-11",45.9275283813477,72.1516647338867,56.4259262084961,26.4424381256104,144.013916015625
"2013-12-12",46.173412322998,71.4957656860352,57.0843887329102,26.5543632507324,143.538360595703
"2013-12-13",46.1402053833008,70.8516616821289,57.0544624328613,26.467306137085,143.522308349609
"2013-12-16",46.3794364929199,71.0407409667969,58.1978302001953,26.6973762512207,144.416732788086
"2013-12-17",45.8942985534668,70.1661682128906,57.9164848327637,26.5450267791748,143.957397460938
"2013-12-18",46.1202621459961,71.8562240600586,59.5866241455078,26.946102142334,146.415130615234
"2013-12-19",45.907585144043,72.8135223388672,59.5207595825195,27.0238227844238,146.245910644531
"2013-12-20",46.4392433166504,72.5535049438477,59.0718193054199,27.0716190338135,147.096557617188
"2013-12-23",46.2265892028809,72.5653228759766,58.9700546264648,27.0997276306152,147.882507324219
"2013-12-24",46.4724884033203,72.9848937988281,59.3950881958008,27.2496566772461,148.206573486328
"2013-12-26",46.6452484130859,73.7530822753906,60.400764465332,27.4433155059814,148.960083007812
"2013-12-27",46.7781639099121,74.0012893676758,60.7659149169922,27.5776309967041,148.95198059082
"2013-12-30",46.4591865539551,73.4103546142578,60.047550201416,27.3808441162109,148.927642822266
"2013-12-31",46.9509620666504,73.8121795654297,60.5803375244141,27.6463508605957,149.632507324219
"2014-01-02",46.3728065490723,73.3571472167969,59.7123413085938,27.2527770996094,148.198486328125
"2014-01-03",46.4924087524414,73.4812774658203,59.5686988830566,27.1528301239014,148.17414855957
"2014-01-06",46.6917762756348,73.286247253418,59.6584739685059,27.1903114318848,147.744827270508
"2014-01-07",46.7648696899414,73.9067230224609,60.5025291442871,27.396463394165,148.652160644531
"2014-01-08",46.3129653930664,72.8548812866211,60.3049621582031,27.2059268951416,148.6845703125
"2014-01-09",46.1601219177246,72.8548812866211,59.718334197998,27.1215858459473,148.781814575195
"2014-01-10",45.7680549621582,71.5075759887695,60.1732940673828,27.1434421539307,149.186859130859
"2014-01-13",45.0170860290527,70.4675521850586,58.9939880371094,26.6030826568604,147.201965332031
"2014-01-14",45.4025421142578,70.6566390991211,59.3352241516113,26.949800491333,148.806106567383
"2014-01-15",45.2430229187012,70.4262084960938,59.1316604614258,26.8717079162598,149.608245849609
"2014-01-16",45.076904296875,70.219352722168,59.227481842041,26.9091930389404,149.413772583008
"2014-01-17",44.8642425537109,70.4911651611328,59.3591804504395,26.8654537200928,148.781814575195
"2014-01-21",45.3626518249512,71.1234664916992,58.9640731811523,27.0872249603271,149.219345092773
"2014-01-22",45.4357452392578,71.1648254394531,58.5929107666016,27.2121677398682,149.316482543945
"2014-01-23",45.0901870727539,69.959358215332,58.0481834411621,26.9029426574707,148.093215942383
"2014-01-24",44.239559173584,68.7184143066406,56.7790908813477,26.3407115936279,144.933486938477
"2014-01-27",43.7677268981934,68.8011474609375,56.8209800720215,26.2470073699951,144.220474243164
"2014-01-28",44.0003089904785,69.0434417724609,57.257999420166,26.4469146728516,145.079299926758
"2014-01-29",43.7411422729492,68.5470581054688,56.934741973877,26.3001041412354,143.685729980469
"2014-01-30",43.6946182250977,68.8129806518555,56.2642936706543,26.3844413757324,145.208923339844
"2014-01-31",43.1629753112793,65.964729309082,55.168815612793,26.0439701080322,144.358169555664
"2014-02-03",42.4386100769043,65.6751556396484,53.9057426452637,25.5785655975342,141.109359741211
"2014-02-04",42.3389320373535,65.4919891357422,53.8877449035645,25.8409423828125,142.097763061523
"2014-02-05",42.1727905273438,64.7178726196289,53.6243705749512,25.5879421234131,141.91960144043
"2014-02-06",42.7310180664062,65.7519683837891,54.1367988586426,25.9690055847168,143.791076660156
"2014-02-07",43.1762619018555,66.2129287719727,54.6070327758789,26.2501239776611,145.573471069336
"2014-02-10",42.9170989990234,66.0001678466797,53.9680099487305,26.1220626831055,145.840881347656
"2014-02-11",43.5749969482422,67.1169967651367,54.763786315918,26.4625263214111,147.436904907227
"2014-02-12",43.3424186706543,66.7891159057617,54.9084777832031,26.400053024292,147.509811401367
"2014-02-13",43.4632987976074,67.0752868652344,55.119457244873,26.524995803833,148.271377563477
"2014-02-14",44.0140724182129,67.6535720825195,56.7351150512695,26.8717079162598,149.08967590332
"2014-02-18",43.9066047668457,67.1945190429688,56.711009979248,26.9935188293457,149.267913818359
"2014-02-19",43.6580963134766,67.7251205444336,56.6386642456055,27.027889251709,148.279510498047
"2014-02-20",43.6043510437012,68.3212814331055,57.4947166442871,27.2059268951416,149.15446472168
"2014-02-21",43.4431533813477,67.1766357421875,57.2897720336914,26.990406036377,148.984359741211
"2014-02-24",44.6118507385254,68.0530166625977,58.1397895812988,27.396463394165,149.810684204102
"2014-02-25",44.679012298584,68.5418701171875,58.0614128112793,27.3839664459229,149.754043579102
"2014-02-26",44.4170608520508,68.8638000488281,57.7479362487793,27.2121677398682,149.762115478516
"2014-02-27",44.4976692199707,68.9711074829102,57.7780647277832,27.2402877807617,150.547973632812
"2014-02-28",44.6655883789062,68.7564849853516,58.0373115539551,27.3777103424072,150.928771972656
"2014-03-03",44.5379791259766,68.4643707275391,57.5730972290039,27.2027969360352,149.867446899414
"2014-03-04",44.6655883789062,68.7505340576172,58.1880187988281,27.4995365142822,151.973922729492
"2014-03-05",44.5312461853027,68.2199325561523,56.5482635498047,27.243408203125,152.111663818359
"2014-03-06",44.5917015075684,68.4703369140625,56.5241470336914,27.4401912689209,152.460021972656
"2014-03-07",44.672306060791,68.6074447631836,57.2656326293945,27.4932899475098,152.524871826172
"2014-03-10",44.9275436401367,69.0605545043945,57.5730972290039,27.5370178222656,152.443832397461
"2014-03-11",44.6857490539551,68.2676315307617,56.6748275756836,27.2246685028076,151.690353393555
"2014-03-12",44.692455291748,68.947265625,56.7954292297363,27.2277927398682,151.730850219727
"2014-03-13",44.5446853637695,68.2318420410156,56.451789855957,26.9560527801514,150.029495239258
"2014-03-14",44.732738494873,68.0232009887695,56.3493003845215,26.9810314178467,149.608245849609
"2014-03-17",45.1961975097656,68.6014785766602,56.8617210388184,27.1247100830078,150.961227416992
"2014-03-18",45.7402534484863,69.2989883422852,57.0968360900879,27.3527278900146,152.03874206543
"2014-03-19",45.3372535705566,68.6790008544922,56.5060539245605,27.1465854644775,151.228500366211
"2014-03-20",45.6059226989746,68.8638000488281,57.0184631347656,27.2527770996094,152.111663818359
"2014-03-21",45.3238143920898,68.9353561401367,56.8556976318359,27.3271675109863,151.521667480469
"2014-03-24",45.3775405883789,69.0664825439453,57.0546569824219,27.2706680297852,150.895111083984
"2014-03-25",45.9350242614746,69.8057708740234,57.2174224853516,27.5155067443848,151.611129760742
"2014-03-26",46.0760803222656,70.1753845214844,57.0908126831055,27.3868083953857,150.520767211914
"2014-03-27",46.5395240783691,70.1515350341797,58.019214630127,27.6096668243408,150.203384399414
"2014-03-28",47.2514877319336,70.6463623046875,58.8993911743164,27.9549522399902,150.943908691406
"2014-03-31",47.2514877319336,70.8907699584961,58.887336730957,27.9549522399902,152.180816650391
"2014-04-01",47.224609375,70.9444351196289,58.9174957275391,28.1213054656982,153.189895629883
"2014-04-02",47.6141891479492,71.1531143188477,59.050106048584,28.221752166748,153.702560424805
"2014-04-03",47.1507339477539,70.9682998657227,59.0380477905273,28.4038124084473,153.499099731445
"2014-04-04",47.1641807556152,70.8252105712891,58.6944274902344,28.3002281188965,151.684448242188
"2014-04-07",46.6671333312988,69.9547882080078,58.3447570800781,27.8262424468994,150.008087158203
"2014-04-08",47.0634269714355,70.2290267944336,58.7486686706543,28.1056175231934,150.626556396484
"2014-04-09",48.0507926940918,71.0040435791016,58.6763343811035,28.2343120574951,152.24592590332
"2014-04-10",46.8216247558594,69.5672836303711,58.3447570800781,27.8419418334961,149.047866821289
"2014-04-11",47.600757598877,69.7699661254883,58.3086051940918,27.7634754180908,147.705123901367
"2014-04-14",48.0306091308594,70.7655868530273,58.9958648681641,28.1432800292969,148.868835449219
"2014-04-15",48.991096496582,71.7194671630859,59.4902000427246,28.5199394226074,149.894149780273
"2014-04-16",49.5552864074707,72.6316070556641,60.2497940063477,28.8620834350586,151.464736938477
"2014-04-17",50.2202491760254,73.7345352172852,60.5391540527344,29.12575340271,151.676284790039
"2014-04-21",50.1060562133789,74.0683746337891,60.8466262817383,29.3234958648682,152.205200195312
"2014-04-22",49.8172378540039,73.9253082275391,60.5090522766113,29.2764205932617,152.896957397461
"2014-04-23",49.7164726257324,74.336669921875,60.5874099731445,29.4302253723145,152.538864135742
"2014-04-24",50.0321617126465,74.1041564941406,60.2920150756836,29.4396381378174,152.848098754883
"2014-04-25",49.9717330932617,73.9193496704102,60.533145904541,29.2638626098633,151.594879150391
"2014-04-28",50.1396369934082,74.9566802978516,60.9913139343262,29.3140850067139,152.075012207031
"2014-04-29",50.1597900390625,75.0997543334961,61.1601219177246,29.4490699768066,152.782989501953
"2014-04-30",49.9112854003906,74.8314819335938,61.7388534545898,29.423942565918,153.238693237305
"2014-05-01",50.3948516845703,74.485710144043,61.1359939575195,29.3580265045166,153.254974365234
"2014-05-02",51.3956565856934,74.3545455932617,61.4977264404297,29.4176788330078,153.035293579102
"2014-05-05",51.6441688537598,74.736083984375,62.0403099060059,29.5557823181152,153.328201293945
"2014-05-06",51.7717819213867,74.5035781860352,61.8956146240234,29.5997161865234,151.993637084961
"2014-05-07",52.4636154174805,75.2547607421875,62.1608734130859,29.8571243286133,152.888793945312
"2014-05-08",51.7247734069824,74.5751266479492,61.6846046447754,29.4302253723145,152.726028442383
"2014-05-09",52.1479148864746,74.5393600463867,61.878833770752,29.4019718170166,152.953903198242
"2014-05-12",52.6650733947754,74.6645736694336,62.0487899780273,29.6091423034668,154.443084716797
"2014-05-13",52.8195724487305,75.0282287597656,62.1276893615723,29.7190036773682,154.581390380859
"2014-05-14",52.7456665039062,75.368049621582,62.0852088928223,29.731559753418,153.849029541016
"2014-05-15",52.4636154174805,74.4421157836914,61.1686935424805,29.3925628662109,152.49821472168
"2014-05-16",52.4299926757812,74.0632858276367,61.1444320678711,29.3172225952148,153.027099609375
"2014-05-19",52.6785354614258,73.9250030517578,61.2233047485352,29.4082546234131,153.588623046875
"2014-05-20",52.7524147033691,73.6544570922852,61.1019325256348,29.3234958648682,152.620254516602
"2014-05-21",53.2131996154785,74.6525268554688,61.9273948669434,29.6405296325684,153.905944824219
"2014-05-22",53.1657485961914,74.3338470458984,61.6056976318359,29.6122856140137,154.280334472656
"2014-05-23",53.1454277038574,74.1775512695312,61.4964599609375,29.5526447296143,154.898773193359
"2014-05-27",53.5587692260742,73.85888671875,61.5207176208496,29.6342449188232,155.850860595703
"2014-05-28",53.9178771972656,73.6664733886719,61.3386497497559,29.6844806671143,155.736968994141
"2014-05-29",53.9043579101562,73.5462265014648,61.4661102294922,29.9387321472168,156.542602539062
"2014-05-30",54.1686363220215,73.8288192749023,61.0169525146484,29.9167461395264,156.794830322266
"2014-06-02",53.8569297790527,73.4800567626953,60.658863067627,29.8790817260742,156.973846435547
"2014-06-03",54.0873069763184,73.6845245361328,60.9320068359375,29.9826717376709,156.892456054688
"2014-06-04",54.0737533569336,73.5642395019531,60.7195625305176,29.9669742584229,157.209823608398
"2014-06-05",54.2431640625,74.2677230834961,61.0290832519531,30.1396236419678,158.235168457031
"2014-06-06",54.7784729003906,74.6705780029297,61.6664085388184,30.3875789642334,158.991989135742
"2014-06-09",54.7852745056152,74.77880859375,61.6178512573242,30.4346580505371,159.154708862305
"2014-06-10",55.3137855529785,75.3620071411133,61.5814208984375,30.3844470977783,159.170989990234
"2014-06-11",55.5306167602539,75.2658309936523,61.878833770752,30.5005855560303,158.61767578125
"2014-06-12",56.1472511291504,75.8249969482422,61.702823638916,30.6010265350342,157.494613647461
"2014-06-13",56.2963333129883,76.5164566040039,62.3036956787109,30.8929481506348,157.974792480469
"2014-06-16",56.7096748352051,77.2860488891602,62.4675750732422,31.0781517028809,158.104965209961
"2014-06-17",56.7503433227539,77.4604263305664,62.1641044616699,31.0561637878418,158.54443359375
"2014-06-18",57.0823822021484,78.3322601318359,62.3522720336914,31.291597366333,159.708068847656
"2014-06-19",57.4414863586426,79.3604278564453,62.291561126709,31.5144462585449,159.887145996094
"2014-06-20",57.8412895202637,79.5708312988281,63.0199356079102,31.8278999328613,160.211700439453
"2014-06-23",58.3427429199219,79.9556655883789,63.3537139892578,31.941427230835,160.162643432617
"2014-06-24",57.461841583252,79.228141784668,62.3522720336914,31.2697238922119,159.197799682617
"2014-06-25",58.0174865722656,78.9034576416016,61.9941558837891,31.506254196167,159.917373657227
"2014-06-26",58.247875213623,78.7170486450195,61.9273948669434,31.5409278869629,159.802871704102
"2014-06-27",58.2749786376953,78.3803405761719,61.4296646118164,31.5409278869629,160.11360168457
"2014-06-30",58.0920143127441,78.4945755004883,61.1080093383789,31.566162109375,160.031799316406
"2014-07-01",58.3495101928711,78.4885635375977,61.5207176208496,31.5850963592529,161.102905273438
"2014-07-02",58.1800842285156,78.3021774291992,61.6481971740723,31.5377731323242,161.266479492188
"2014-07-03",58.546012878418,78.8793869018555,62.2672843933105,31.6576309204102,162.059646606445
"2014-07-07",58.3427429199219,78.4464950561523,62.3036956787109,31.4147968292236,161.495452880859
"2014-07-08",58.3020935058594,78.1037826538086,62.412956237793,31.3643379211426,160.457000732422
"2014-07-09",58.1394577026367,78.9996643066406,62.8499488830566,31.5724601745605,161.176513671875
"2014-07-10",58.0513687133789,78.314208984375,62.2551460266113,31.2697238922119,160.538772583008
"2014-07-11",57.4144134521484,77.2439727783203,61.7513809204102,31.0300807952881,160.759521484375
"2014-07-14",58.1665496826172,77.7189636230469,62.3219184875488,31.2981185913086,161.569061279297
"2014-07-15",57.4008407592773,77.7189636230469,62.145866394043,31.1625175476074,161.266479492188
"2014-07-16",58.7425231933594,78.6990280151367,62.9834823608398,31.6355304718018,161.863388061523
"2014-07-17",57.8678131103516,78.2119979858398,62.0973243713379,31.1246719360352,160.023620605469
"2014-07-18",57.922492980957,78.3983840942383,62.3522720336914,31.2161293029785,161.658981323242
"2014-07-21",57.7653160095215,78.9395294189453,62.5646896362305,31.2634258270264,161.356369018555
"2014-07-22",58.7835121154785,79.7151412963867,62.8439140319824,31.4873142242432,162.059646606445
"2014-07-23",59.2892112731934,80.4968032836914,63.2748222351074,31.6891422271729,162.419418334961
"2014-07-24",58.9407119750977,81.0800094604492,63.2930145263672,31.7175254821777,162.42756652832
"2014-07-25",58.7151947021484,80.3103942871094,62.6253814697266,31.4841766357422,161.667205810547
"2014-07-28",58.2163391113281,80.1119689941406,63.3476715087891,31.4084854125977,161.732513427734
"2014-07-29",57.888313293457,79.6189575195312,62.8499488830566,31.3296489715576,161.037536621094
"2014-07-30",57.8336486816406,79.6850814819336,62.6678504943848,31.1435966491699,161.062042236328
"2014-07-31",56.3780517578125,77.7069396972656,60.0519180297852,30.4719085693359,157.881408691406
"2014-08-01",55.1479911804199,76.901252746582,59.966926574707,30.2259426116943,157.398941040039
"2014-08-04",56.0227012634277,77.0635833740234,60.7741813659668,30.733642578125,158.535522460938
"2014-08-05",54.4919624328613,75.1335372924805,59.6027297973633,30.0619564056396,156.998306274414
"2014-08-06",55.0864868164062,75.5965194702148,60.0761985778809,30.1502685546875,157.047393798828
"2014-08-07",54.3894500732422,75.5484237670898,59.6452560424805,29.961051940918,156.197036743164
"2014-08-08",55.5785026550293,76.8772048950195,60.5374565124512,30.462459564209,158.004043579102
"2014-08-11",55.2163391113281,76.7870101928711,60.3419036865234,30.4656028747559,158.461929321289
"2014-08-12",54.9566612243652,76.4142150878906,60.1952247619629,30.2417087554932,158.241165161133
"2014-08-13",55.2778587341309,76.7208633422852,60.5619316101074,30.3394641876221,159.312240600586
"2014-08-14",54.7858085632324,76.3360595703125,60.5619316101074,30.1660289764404,160.064468383789
"2014-08-15",55.0933456420898,76.4634170532227,60.5252456665039,30.3899230957031,160.031799316406
"2014-08-18",54.2185821533203,76.5846786499023,60.8247146606445,30.4719085693359,161.372772216797
"2014-08-19",54.6081504821777,77.3911514282227,60.8063697814941,30.7052593231201,162.214996337891
"2014-08-20",55.0113334655762,77.306282043457,60.9347534179688,30.7714958190918,162.648315429688
"2014-08-21",55.3393402099609,77.5730743408203,60.678050994873,30.7967224121094,163.122528076172
"2014-08-22",54.8336448669434,77.0758361816406,60.2013206481934,30.5917453765869,162.869125366211
"2014-08-25",55.2163391113281,77.5184936523438,60.354118347168,30.8629341125488,163.694961547852
"2014-08-26",55.0386543273926,77.7671203613281,60.898063659668,31.0206089019775,163.801223754883
"2014-08-27",55.3735160827637,78.0035705566406,60.8308525085449,30.9575481414795,163.735855102539
"2014-08-28",55.120677947998,78.0702896118164,60.8552703857422,30.9638557434082,163.645843505859
"2014-08-29",55.503360748291,78.494758605957,60.7880592346191,31.1372871398926,164.111938476562
"2014-09-02",54.8199806213379,77.3365707397461,60.1952247619629,30.7430934906006,164.030166625977
"2014-09-03",55.2846717834473,77.5306091308594,60.5741500854492,30.8251075744629,163.940277099609
"2014-09-04",54.5671195983887,76.8878707885742,60.1157341003418,30.4088344573975,163.703094482422
"2014-09-05",54.9088172912598,77.2516860961914,60.6658096313477,30.6138191223145,164.438995361328
"2014-09-08",54.006763458252,76.5301055908203,59.7551651000977,30.1376495361328,164.013763427734
"2014-09-09",53.9589233398438,75.9055557250977,59.5229225158691,30.0052013397217,162.975387573242
"2014-09-10",53.9794540405273,75.3598022460938,59.1684112548828,29.9326667785645,163.588668823242
"2014-09-11",54.2459564208984,75.0869216918945,59.3028907775879,29.9515857696533,163.776733398438
"2014-09-12",53.6104316711426,74.3774795532227,58.5388946533203,29.5037937164307,162.820037841797
"2014-09-15",54.2596244812012,75.3355407714844,58.8505935668945,29.7119235992432,162.697418212891
"2014-09-16",55.1821784973145,75.7721557617188,59.5473480224609,30.0714263916016,163.923843383789
"2014-09-17",55.106990814209,75.6266098022461,59.3334617614746,29.9074401855469,164.144683837891
"2014-09-18",54.6491279602051,75.2749252319336,59.0462036132812,29.7529182434082,165.019546508789
"2014-09-19",55.0523262023926,75.6751327514648,59.3578948974609,29.728515625,164.870849609375
"2014-09-22",54.4509735107422,74.8807754516602,59.0034103393555,29.2910938262939,163.597579956055
"2014-09-23",53.9247665405273,74.6200485229492,58.6917037963867,29.2055206298828,162.661087036133
"2014-09-24",53.794921875,74.2198181152344,58.5633544921875,29.2308769226074,163.934341430664
"2014-09-25",53.0090370178223,73.176887512207,57.6038093566895,28.7839527130127,161.289199829102
"2014-09-26",53.3849143981934,73.6559219360352,58.3250007629395,29.1548042297363,162.570693969727
"2014-09-29",53.1935615539551,73.098030090332,57.713809967041,29.0882339477539,162.274948120117
"2014-09-30",52.2915229797363,72.3521957397461,57.4815788269043,28.7237377166748,161.847793579102
"2014-10-01",51.2527885437012,71.3395690917969,56.7542572021484,28.1373310089111,159.65446472168
"2014-10-02",51.0409507751465,71.0121231079102,57.0231781005859,27.9915351867676,159.679122924805
"2014-10-03",51.0956268310547,71.3759613037109,57.4021110534668,27.9471530914307,161.437072753906
"2014-10-06",51.2254524230957,71.6063690185547,57.7688179016113,27.9788417816162,161.248138427734
"2014-10-07",50.507926940918,70.3511581420898,57.0659713745117,27.6143283843994,158.759048461914
"2014-10-08",50.9316177368164,71.521484375,57.8238334655762,27.8837566375732,161.535614013672
"2014-10-09",49.3028907775879,69.4355773925781,56.1186332702637,26.8599452972412,158.331909179688
"2014-10-10",48.5575714111328,69.0596084594727,55.9841575622559,26.4827499389648,156.524597167969
"2014-10-13",46.9771461486816,67.931755065918,55.5196876525879,25.6649761199951,153.953430175781
"2014-10-14",45.6866111755371,66.5674362182617,55.3424339294434,25.3416690826416,154.191604614258
"2014-10-15",45.7211151123047,66.2581939697266,55.1407470703125,25.5350246429443,153.148376464844
"2014-10-16",46.1904029846191,67.3435974121094,55.3730010986328,25.9914455413818,153.016891479492
"2014-10-17",46.984058380127,67.7922897338867,55.7458305358887,26.2133293151855,154.824172973633
"2014-10-20",47.5016593933105,67.6043243408203,56.088077545166,26.4415435791016,156.327438354492
"2014-10-21",48.7162895202637,69.7872695922852,57.2370872497559,27.2466583251953,159.42448425293
"2014-10-22",47.9226455688477,69.1263046264648,56.9192848205566,26.7299861907959,158.290802001953
"2014-10-23",48.3091163635254,70.4542541503906,57.5182189941406,27.227632522583,160.130905151367
"2014-10-24",48.3574142456055,70.2844924926758,57.75048828125,27.1325397491455,161.363128662109
"2014-10-27",47.5016593933105,69.7448120117188,57.2737731933594,26.5620079040527,161.141326904297
"2014-10-28",48.4609413146973,71.0242462158203,58.1233100891113,27.1674022674561,162.989669799805
"2014-10-29",48.8267135620117,71.0303268432617,57.8116073608398,27.2561664581299,162.743225097656
"2014-10-30",49.2408027648926,71.0666885375977,57.7260131835938,27.1578979492188,163.786468505859
"2014-10-31",49.7929000854492,72.7342224121094,59.107307434082,27.7094230651855,165.659469604492
"2014-11-03",48.6955757141113,70.8120269775391,58.2211074829102,27.2720050811768,165.749893188477
"2014-11-04",47.460262298584,69.9570617675781,57.7688179016113,26.710973739624,165.174835205078
"2014-11-05",48.2262992858887,70.9757537841797,58.1049766540527,27.1800918579102,166.218032836914
"2014-11-06",49.2200889587402,71.873161315918,58.8322792053223,27.5224056243896,166.883453369141
"2014-11-07",49.7997856140137,72.0368881225586,59.4602165222168,27.8267021179199,167.039520263672
"2014-11-10",49.4133415222168,71.5032958984375,59.269344329834,27.5762901306152,167.56526184082
"2014-11-11",49.5168418884277,71.8186111450195,59.3493766784668,27.6587009429932,167.729598999023
"2014-11-12",49.1372604370117,71.3395690917969,58.7153167724609,27.4146461486816,167.548812866211
"2014-11-13",48.5506477355957,70.611930847168,58.2720794677734,27.0501365661621,167.737777709961
"2014-11-14",49.2821998596191,71.1871871948242,58.536792755127,27.325891494751,167.778884887695
"2014-11-17",49.2891044616699,70.8383636474609,58.5491180419922,27.1832485198975,167.885650634766
"2014-11-18",49.4616279602051,70.6670074462891,58.4013519287109,27.2054462432861,168.854995727539
"2014-11-19",49.7791061401367,71.2789840698242,58.8569183349609,27.3480892181396,168.583984375
"2014-11-20",50.5244255065918,71.7930755615234,58.9861831665039,27.6904048919678,168.879608154297
"2014-11-21",50.8211822509766,72.5703201293945,59.5956001281738,28.0517444610596,169.783279418945
"2014-11-24",50.6072387695312,71.9644470214844,58.9246101379395,27.8362216949463,170.259765625
"2014-11-25",49.5030326843262,71.0831756591797,58.3459625244141,27.382942199707,170.136611938477
"2014-11-26",48.8819236755371,70.4466705322266,58.1612777709961,27.0374488830566,170.571884155273
"2014-11-28",45.5969009399414,66.6278457641602,55.73583984375,25.3004608154297,170.210464477539
"2014-12-01",46.7701072692871,68.3781585693359,56.8500556945801,25.3892116546631,169.027557373047
"2014-12-02",47.7639045715332,69.7795944213867,57.9827537536621,25.6649761199951,170.120132446289
"2014-12-03",48.8612251281738,69.5898971557617,58.4506187438965,25.9787750244141,170.777282714844
"2014-12-04",47.8329391479492,68.7147598266602,58.0935821533203,25.7537269592285,170.588363647461
"2014-12-05",46.8253402709961,67.8518295288086,57.754997253418,25.446268081665,170.867630004883
"2014-12-08",44.8791656494141,65.3610076904297,56.4499282836914,24.4161148071289,169.725845336914
"2014-12-09",44.8308448791504,65.4895095825195,56.2529296875,24.682373046875,169.610794067383
"2014-12-10",43.8508796691895,64.1737289428711,54.5846862792969,23.92165184021,166.891738891602
"2014-12-11",43.8991775512695,64.2043075561523,54.9109344482422,23.9057960510254,167.737777709961
"2014-12-12",43.0986366271973,62.656005859375,53.3104133605957,23.4620399475098,165.026947021484
"2014-12-15",42.5741271972656,61.7257499694824,53.4950904846191,23.2528438568115,163.893280029297
"2014-12-16",43.6300201416016,62.2398300170898,53.1934432983398,23.4588680267334,162.578872680664
"2014-12-17",46.1973114013672,64.8836441040039,54.8001251220703,24.4319667816162,165.766250610352
"2014-12-18",48.1365737915039,66.7257690429688,56.1175155639648,24.9010791778564,169.86540222168
"2014-12-19",48.9854545593262,69.1125411987305,57.6441879272461,25.6968307495117,170.588241577148
"2014-12-22",47.9778480529785,68.5617370605469,57.4533500671387,25.4352970123291,171.372940063477
"2014-12-23",49.033763885498,69.7367706298828,58.2289886474609,25.7446708679199,171.60417175293
"2014-12-24",48.3988380432129,69.4430236816406,57.7303886413574,25.5564994812012,171.620697021484
"2014-12-26",48.2262992858887,69.3083572387695,57.379467010498,25.5501174926758,172.17414855957
"2014-12-29",48.3850173950195,69.351203918457,57.2932624816895,25.6426162719727,172.405426025391
"2014-12-30",48.2607955932617,69.22265625,57.2625045776367,25.4384956359863,171.48030090332
"2014-12-31",47.6603965759277,68.6535263061523,56.9116172790527,25.2471237182617,169.778732299805
"2015-01-02",47.5637512207031,68.898307800293,57.1455574035645,25.3651371002197,169.687896728516
"2015-01-05",45.3001327514648,66.1443710327148,55.5819435119629,24.3158283233643,166.623321533203
"2015-01-06",43.4299049377441,66.11376953125,55.2864685058594,23.958610534668,165.053924560547
"2015-01-07",43.7197456359863,66.0586853027344,55.8466453552246,24.0096473693848,167.11067199707
"2015-01-08",44.8101615905762,67.5702972412109,56.7761840820312,24.548656463623,170.076141357422
"2015-01-09",44.8032417297363,66.2239227294922,56.6961555480957,24.354097366333,168.713150024414
"2015-01-12",43.5265045166016,64.7979736328125,55.606559753418,23.652437210083,167.391571044922
"2015-01-13",43.091724395752,63.7698287963867,55.4034194946289,23.4642581939697,166.920700073242
"2015-01-14",43.2159385681152,63.5862426757812,55.2433815002441,23.5376262664795,165.912979125977
"2015-01-15",42.3809013366699,62.8334770202637,54.7632255554199,23.2378120422363,164.393112182617
"2015-01-16",43.5334091186523,64.3328475952148,56.0928955078125,23.9937000274658,166.549011230469
"2015-01-20",43.6093139648438,65.159049987793,56.0744094848633,24.0224094390869,166.904174804688
"2015-01-21",44.5409965515137,66.1933059692383,56.5545806884766,24.510383605957,167.746765136719
"2015-01-22",45.0654983520508,66.658447265625,57.1701812744141,24.6251945495605,170.241287231445
"2015-01-23",44.6169204711914,65.3916015625,55.951301574707,24.4497737884521,169.307846069336
"2015-01-26",45.424373626709,66.6339721679688,56.4868621826172,24.8006191253662,169.704345703125
"2015-01-27",45.231143951416,66.2545166015625,55.9882392883301,24.7846641540527,167.465850830078
"2015-01-28",43.188346862793,63.4699516296387,54.1414604187012,23.8087158203125,165.318237304688
"2015-01-29",43.3539810180664,63.0354423522949,53.9136962890625,23.8884563446045,166.846374511719
"2015-01-30",43.4644088745117,62.7477912902832,53.8151931762695,24.095760345459,164.748245239258
"2015-02-02",45.3898735046387,64.9081573486328,55.1448822021484,24.8325061798096,166.788528442383
"2015-02-03",46.7494201660156,67.0317687988281,56.788516998291,25.511848449707,169.20051574707
"2015-02-04",45.4588813781738,66.3096008300781,56.3021774291992,25.0908470153809,168.556198120117
"2015-02-05",46.6320877075195,66.897102355957,56.8562240600586,25.4512519836426,170.257797241211
"2015-02-06",46.5768890380859,67.080696105957,56.7507705688477,25.4576263427734,169.786987304688
"2015-02-09",46.8253402709961,67.5825347900391,56.7879905700684,25.4831428527832,169.027053833008
"2015-02-10",46.921947479248,67.429573059082,56.4468688964844,25.4703884124756,170.827758789062
"2015-02-11",46.8460273742676,67.30712890625,56.1925811767578,25.2917747497559,170.926879882812
"2015-02-12",47.4669456481934,68.5122451782227,57.2903823852539,25.6234722137451,172.570663452148
"2015-02-13",48.7505722045898,69.698844909668,57.9106140136719,26.1656723022461,173.28092956543
"2015-02-17",48.4645500183105,69.4640045166016,57.7121658325195,26.2454090118408,173.55354309082
"2015-02-18",47.2506637573242,68.2527008056641,56.4468688964844,25.9328422546387,173.570114135742
"2015-02-19",47.0344047546387,66.961067199707,55.47314453125,25.8116436004639,173.446197509766
"2015-02-20",47.0064888000488,67.1155776977539,55.770824432373,25.6872634887695,174.48698425293
"2015-02-23",46.6855697631836,66.6582260131836,55.2064323425293,25.5820121765137,174.462219238281
"2015-02-24",46.8041763305664,66.7200393676758,55.4607315063477,25.6521778106689,174.957809448242
"2015-02-25",47.1111297607422,67.1031951904297,55.5723419189453,25.7925128936768,174.809204101562
"2015-02-26",45.9391021728516,66.1638412475586,54.9831237792969,25.3141002655029,174.602615356445
"2015-02-27",45.4856605529785,65.9289855957031,54.9149131774902,25.2024688720703,174.007873535156
"2015-03-02",44.927547454834,65.4469528198242,54.6048011779785,25.0270652770996,175.106491088867
"2015-03-03",45.1926422119141,64.9896392822266,54.3442993164062,25.1195545196533,174.387847900391
"2015-03-04",44.8228912353516,64.9896392822266,54.0714149475098,25.0844669342041,173.652694702148
"2015-03-05",44.1810836791992,64.7238845825195,53.798511505127,24.9345722198486,173.842697143555
"2015-03-06",43.8043594360352,63.9946403503418,53.110050201416,24.4880466461182,171.397735595703
"2015-03-09",43.2322959899902,64.2418365478516,52.8185501098633,24.3126392364502,172.108093261719
"2015-03-10",42.4648971557617,63.5991172790527,52.2603416442871,23.9745674133301,169.316131591797
"2015-03-11",42.7648849487305,63.9884719848633,52.1114883422852,24.0447292327881,168.919692993164
"2015-03-12",42.8067474365234,63.2962913513184,52.235538482666,23.8916416168213,171.067276000977
"2015-03-13",43.0020713806152,62.8018798828125,52.0184516906738,23.8023357391357,170.018280029297
"2015-03-16",43.5322761535645,63.7350463867188,52.5704650878906,24.1244697570801,172.289764404297
"2015-03-17",43.2602081298828,63.7597923278809,52.1487007141113,24.0319728851318,171.777618408203
"2015-03-18",44.397346496582,65.9413604736328,53.382942199707,24.7304458618164,173.842697143555
"2015-03-19",43.7834205627441,64.7362518310547,52.3533744812012,24.33815574646,173.049743652344
"2015-03-20",44.5368614196777,66.1453018188477,52.4339942932129,24.6961879730225,174.577224731445
"2015-03-23",44.1113090515137,65.4593276977539,52.9860000610352,24.6094837188721,174.237014770508
"2015-03-24",43.6369285583496,64.3963394165039,52.4216041564941,24.4457225799561,173.257965087891
"2015-03-25",43.9857368469238,65.3048324584961,52.6324729919434,24.763614654541,170.719161987305
"2015-03-26",44.1182899475098,65.0452423095703,52.2975616455078,24.7347221374512,170.312561035156
"2015-03-27",43.902027130127,64.4457702636719,51.8385963439941,24.5324268341064,170.702499389648
"2015-03-30",44.6484832763672,66.0649642944336,53.110050201416,25.0590305328369,172.785064697266
"2015-03-31",43.4346122741699,64.8783874511719,52.7193031311035,24.9113292694092,171.274963378906
"2015-04-01",43.9648246765137,64.7609786987305,52.3843688964844,24.904899597168,170.669311523438
"2015-04-02",44.0764312744141,65.0637969970703,52.2851486206055,24.9562816619873,171.283294677734
"2015-04-06",45.6181983947754,66.0773468017578,52.7999382019043,25.4058284759521,172.436553955078
"2015-04-07",45.8972549438477,67.078483581543,53.1844673156738,25.4218826293945,171.980239868164
"2015-04-08",45.2135696411133,65.916633605957,52.1362953186035,25.2163791656494,172.56103515625
"2015-04-09",46.7413902282715,66.0958633422852,52.5022315979004,25.6209735870361,173.324325561523
"2015-04-10",46.413501739502,66.0711517333984,53.0666351318359,25.7333564758301,174.270202636719
"2015-04-13",46.2809562683105,65.817741394043,52.9301834106445,25.4764728546143,173.482009887695
"2015-04-14",47.6901702880859,67.2638931274414,53.7302665710449,25.9356575012207,173.813858032227
"2015-04-15",48.4157104492188,68.2341461181641,54.6296195983887,26.5553855895996,174.59375
"2015-04-16",48.1436500549316,68.0796432495117,54.4125137329102,26.4943733215332,174.544006347656
"2015-04-17",47.2227592468262,67.4307403564453,53.9163436889648,26.3017063140869,172.5361328125
"2015-04-20",47.8645668029785,68.1600189208984,54.1086120605469,26.4012489318848,174.112564086914
"2015-04-21",47.4529685974121,67.8139266967773,53.885326385498,26.121898651123,173.905120849609
"2015-04-22",47.3553047180176,67.6717529296875,54.2450637817383,26.2952880859375,174.759735107422
"2015-04-23",47.6204147338867,67.9622421264648,54.294677734375,26.4751110076904,175.199478149414
"2015-04-24",47.0971870422363,67.9004440307617,53.9411544799805,26.3241844177246,175.606002807617
"2015-04-27",46.7832412719727,67.7953796386719,53.9659690856934,26.2952880859375,174.875869750977
"2015-04-28",47.2576332092285,68.6729431152344,54.4559478759766,26.4269428253174,175.431838989258
"2015-04-29",47.4808769226074,69.049934387207,54.4993515014648,26.6324481964111,174.709945678711
"2015-04-30",47.3832168579102,68.6358795166016,54.1892509460449,26.5489711761475,172.959274291992
"2015-05-01",47.0483512878418,67.3874893188477,55.1071701049805,26.6099720001221,174.834442138672
"2015-05-04",46.7553367614746,66.9425277709961,55.2684211730957,26.5425395965576,175.332260131836
"2015-05-05",46.8809089660645,66.744758605957,54.9583206176758,26.2150039672852,173.324325561523
"2015-05-06",46.90185546875,66.7138748168945,54.6978378295898,26.1122627258301,172.610870361328
"2015-05-07",46.4762840270996,66.4790344238281,54.3318977355957,25.8296852111816,173.29948425293
"2015-05-08",46.8599891662598,67.1464691162109,55.1940116882324,26.2535438537598,175.581146240234
"2015-05-11",45.5414695739746,66.349235534668,54.2684860229492,25.7590370178223,174.743179321289
"2015-05-12",45.6251831054688,66.4728546142578,54.4185752868652,25.8778476715088,174.220413208008
"2015-05-13",45.6181983947754,66.5593566894531,54.1309013366699,25.8104248046875,174.253601074219
"2015-05-14",45.6391410827637,67.0228729248047,54.3873023986816,25.8007850646973,176.07063293457
"2015-05-15",45.876335144043,67.4285736083984,54.6249389648438,25.9035453796387,176.261489868164
"2015-05-18",46.071662902832,66.5672302246094,54.3122482299805,25.9260177612305,176.809143066406
"2015-05-19",45.4298477172852,65.5498123168945,54.3997993469238,25.5567378997803,176.751022338867
"2015-05-20",45.7049980163574,65.6934051513672,54.4873695373535,25.6049098968506,176.626586914062
"2015-05-21",46.2694435119629,65.8432006835938,54.5373916625977,25.8457412719727,177.140960693359
"2015-05-22",45.9378356933594,65.4687042236328,54.1058769226074,25.7526187896729,176.717864990234
"2015-05-26",45.0417861938477,64.4700164794922,53.3742294311523,25.3448181152344,174.817840576172
"2015-05-27",45.0276908874512,64.3576812744141,53.2241325378418,25.2998695373535,176.47721862793
"2015-05-28",45.0559120178223,64.4388122558594,53.2241325378418,25.2003269195557,176.278091430664
"2015-05-29",44.9289016723633,64.2890243530273,53.2804107666016,25.1714210510254,175.182891845703
"2015-06-01",44.8795204162598,64.0580673217773,53.2366485595703,25.1072006225586,175.539688110352
"2015-06-02",45.2040557861328,64.0268859863281,53.2429161071777,25.2805976867676,175.365432739258
"2015-06-03",45.0135726928711,63.7709808349609,53.1240844726562,25.1072006225586,175.830047607422
"2015-06-04",44.4491348266602,63.2841262817383,52.6675720214844,24.76682472229,174.344909667969
"2015-06-05",44.4773635864258,63.4089508056641,52.7050895690918,24.9402294158936,174.04621887207
"2015-06-08",44.7525291442871,62.6786766052246,53.0615234375,24.7989406585693,172.975921630859
"2015-06-09",44.491455078125,62.6786766052246,52.8927154541016,24.795726776123,172.951019287109
"2015-06-10",45.1687850952148,63.5587425231934,53.2866668701172,25.1007785797119,175.025253295898
"2015-06-11",45.1758499145508,63.1156196594238,53.2116317749023,24.988395690918,175.589492797852
"2015-06-12",44.8089790344238,62.3353805541992,52.5425033569336,24.7090282440186,174.245315551758
"2015-06-15",44.6396331787109,61.9733619689941,52.3548851013184,24.6512279510498,173.498580932617
"2015-06-16",44.7525291442871,62.4415168762207,52.9552345275879,24.843900680542,174.444427490234
"2015-06-17",44.5126457214355,62.2667350769043,52.9864959716797,24.7828903198242,174.726577758789
"2015-06-18",44.3997497558594,62.5725898742676,53.4555206298828,24.76682472229,176.543579101562
"2015-06-19",43.9905242919922,62.0857238769531,53.2866668701172,24.5370101928711,175.759887695312
"2015-06-22",44.1528091430664,62.5975379943848,53.2616577148438,24.8376159667969,176.660263061523
"2015-06-23",44.5690879821777,62.4726867675781,53.1991310119629,24.9184303283691,176.78532409668
"2015-06-24",44.3291969299316,61.960865020752,52.9552345275879,24.763277053833,175.501419067383
"2015-06-25",43.8988151550293,61.3804206848145,52.4862174987793,24.5111446380615,174.967834472656
"2015-06-26",43.8706016540527,61.5426940917969,52.4424247741699,24.5919628143311,174.934463500977
"2015-06-29",43.0451049804688,60.3505401611328,51.7920570373535,24.1264915466309,171.265991210938
"2015-06-30",43.327320098877,60.2132263183594,52.0296974182129,24.2945804595947,171.624557495117
"2015-07-01",42.353687286377,59.9760398864746,51.5106544494629,23.9842720031738,173.000183105469
"2015-07-02",42.699405670166,59.8387069702148,51.9921760559082,24.0909385681152,172.841812133789
"2015-07-06",41.6693077087402,59.1521377563477,51.6107177734375,23.7741661071777,172.34992980957
"2015-07-07",42.0855712890625,59.4642181396484,51.8233375549316,23.9907379150391,173.43376159668
"2015-07-08",41.1754341125488,58.396915435791,51.2605171203613,23.5058746337891,170.524017333984
"2015-07-09",41.3941459655762,58.5342063903809,51.0291519165039,23.6254749298096,170.832534790039
"2015-07-10",41.7186889648438,58.9274444580078,51.4168586730957,23.7547702789307,172.98356628418
"2015-07-13",41.5775833129883,59.0460090637207,51.5419235229492,23.9228553771973,174.892807006836
"2015-07-14",42.0009117126465,59.6389999389648,51.9734230041504,24.094165802002,175.651504516602
"2015-07-15",41.2177581787109,58.8213386535645,51.7545433044434,23.6707344055176,175.593109130859
"2015-07-16",40.886157989502,58.9711303710938,51.8483543395996,23.703052520752,177.00212097168
"2015-07-17",40.3570022583008,58.140983581543,51.6607513427734,23.415376663208,177.152206420898
"2015-07-20",39.9124946594238,58.0099220275879,51.1292037963867,23.1050643920898,177.243881225586
"2015-07-21",39.8560485839844,58.609130859375,51.0666732788086,23.1147575378418,176.543609619141
"2015-07-22",39.3903999328613,58.3656921386719,51.1479530334473,22.9272880554199,176.226745605469
"2015-07-23",38.6396369934082,58.0099220275879,50.7414627075195,22.9078884124756,175.234619140625
"2015-07-24",37.2453498840332,56.5493621826172,49.9910430908203,22.4682865142822,173.417129516602
"2015-07-27",36.2157287597656,55.6380805969238,49.5657920837402,22.1450481414795,172.408279418945
"2015-07-28",37.352596282959,57.6728706359863,51.5794296264648,22.7785930633545,174.525924682617
"2015-07-29",37.8245086669922,58.2034034729004,51.9921760559082,23.088903427124,175.726547241211
"2015-07-30",37.2310371398926,58.0660858154297,51.9108848571777,22.9272880554199,175.768203735352
"2015-07-31",35.9940757751465,55.2261505126953,49.5345230102539,22.4262580871582,175.501419067383
"2015-08-03",35.5435943603516,53.4285507202148,48.8153877258301,21.9543323516846,174.909469604492
"2015-08-04",35.6579933166504,53.1851043701172,48.2587966918945,21.8799896240234,174.567611694336
"2015-08-05",35.1217346191406,52.4486236572266,48.2587966918945,21.7151412963867,175.142913818359
"2015-08-06",35.9511604309082,53.1726303100586,48.8341255187988,22.0610065460205,173.708877563477
"2015-08-07",34.9215431213379,52.2738380432129,48.0461769104004,21.6666564941406,173.375381469727
"2015-08-10",35.8939628601074,53.6095657348633,49.2468566894531,22.3583831787109,175.559799194336
"2015-08-11",36.0369644165039,53.5408973693848,48.9123229980469,22.4004020690918,173.975662231445
"2015-08-12",36.8520889282227,54.1713027954102,49.7329063415527,22.8076801300049,174.184127807617
"2015-08-13",35.8224563598633,53.584602355957,49.6445465087891,22.4618186950684,173.967330932617
"2015-08-14",35.5865058898926,53.6719856262207,49.4614639282227,22.4133319854736,174.600967407227
"2015-08-17",35.4363479614258,52.6038589477539,49.7202758789062,22.4618186950684,175.576446533203
"2015-08-18",35.4005928039551,52.736572265625,49.1711120605469,22.3777828216553,175.06787109375
"2015-08-19",34.092098236084,51.1375312805176,48.117000579834,21.7603950500488,173.683959960938
"2015-08-20",33.6058921813965,50.0820274353027,47.069206237793,21.2690753936768,170.05712890625
"2015-08-21",32.4547157287598,47.8825798034668,45.5290489196777,20.5256214141846,164.937973022461
"2015-08-24",30.6957664489746,45.5819816589355,43.376636505127,19.4233798980713,157.992980957031
"2015-08-25",30.1666603088379,44.2547302246094,43.3703231811523,19.1421566009521,156.133743286133
"2015-08-26",31.0389785766602,46.1950569152832,45.7625999450684,19.8015727996826,162.128234863281
"2015-08-27",32.797924041748,49.0708045959473,47.2459526062012,20.7809829711914,166.138565063477
"2015-08-28",33.4771919250488,50.834156036377,47.3848037719727,21.2529048919678,166.146942138672
"2015-08-31",35.1431922912598,51.1880912780762,47.4921073913574,21.4727077484131,164.804611206055
"2015-09-01",34.142162322998,49.4184150695801,45.4974937438965,20.7163372039795,159.885528564453
"2015-09-02",34.4567718505859,49.3362464904785,46.2233810424805,20.9070453643799,162.920394897461
"2015-09-03",34.4496269226074,49.4626579284668,46.5768737792969,20.9652252197266,163.037078857422
"2015-09-04",33.748908996582,48.4577140808105,45.7373733520508,20.61936378479,160.569229125977
"2015-09-08",34.6498222351074,48.5651702880859,46.3938064575195,20.9426002502441,164.604476928711
"2015-09-09",34.2136726379395,47.3516807556152,45.4469947814941,20.548246383667,162.403427124023
"2015-09-10",34.6283836364746,47.8193778991699,45.7752227783203,20.6678504943848,163.287200927734
"2015-09-11",33.8633003234863,47.901538848877,45.8825263977051,20.4835987091064,164.029251098633
"2015-09-14",33.4414520263672,47.8889007568359,45.7562828063965,20.3058204650879,163.420532226562
"2015-09-15",33.8060989379883,48.7737426757812,45.9898223876953,20.5320911407471,165.463272094727
"2015-09-16",35.3720016479492,49.942985534668,46.8987693786621,21.1139183044434,166.897262573242
"2015-09-17",35.8439140319824,50.1894989013672,46.9997673034668,21.1009902954102,166.522048950195
"2015-09-18",34.5783271789551,49.1340026855469,45.8762130737305,20.5467739105225,163.800857543945
"2015-09-21",34.8571815490723,49.3552093505859,46.3243751525879,20.6640014648438,164.647308349609
"2015-09-22",34.764232635498,48.8243026733398,45.9140853881836,20.4458312988281,162.510223388672
"2015-09-23",34.2208213806152,48.1101150512695,45.6363525390625,20.1820774078369,162.250442504883
"2015-09-24",34.1493148803711,48.5967750549316,45.907772064209,20.269998550415,161.663787841797
"2015-09-25",33.7417602539062,49.1087112426758,46.2233810424805,20.3090744018555,161.621932983398
"2015-09-28",32.7836227416992,47.8889007568359,45.8257179260254,19.4982719421387,157.565673828125
"2015-09-29",33.2984390258789,48.1922721862793,46.059253692627,19.4689636230469,157.657821655273
"2015-09-30",34.2923164367676,49.8545074462891,46.9303321838379,19.928092956543,160.599472045898
"2015-10-01",34.4353179931641,49.5131988525391,46.7472763061523,19.967170715332,161.018493652344
"2015-10-02",36.6018257141113,51.5420265197754,47.8960762023926,20.7909889221191,163.423721313477
"2015-10-05",37.8817138671875,53.1094856262207,48.4831047058105,21.4194450378418,166.331848144531
"2015-10-06",39.4261512756348,54.9802627563477,49.1648101806641,21.8948459625244,165.761993408203
"2015-10-07",39.5191040039062,55.6944770812988,49.9916839599609,22.1716289520264,167.119598388672
"2015-10-08",40.2412719726562,56.825798034668,50.5155944824219,22.5949382781982,168.628173828125
"2015-10-09",40.1125679016113,56.610912322998,50.0295600891113,22.448413848877,168.72868347168
"2015-10-12",39.5191040039062,56.0863304138184,50.0548248291016,22.1586036682129,168.888000488281
"2015-10-13",39.3546447753906,55.8588066101074,49.966438293457,21.9274139404297,167.823593139648
"2015-10-14",39.6549530029297,56.7309951782227,50.5976638793945,22.1162757873535,167.019012451172
"2015-10-15",40.0245590209961,57.337760925293,51.4308471679688,22.5135364532471,169.583541870117
"2015-10-16",40.0245590209961,57.6980056762695,52.0620460510254,22.5428485870361,170.354568481445
"2015-10-19",38.9085350036621,56.9016342163086,51.1215400695801,22.0967407226562,170.438339233398
"2015-10-20",38.7998390197754,56.8763732910156,51.0205726623535,22.1586036682129,170.220474243164
"2015-10-21",38.3867492675781,56.4592018127441,50.6292114257812,21.8850841522217,169.164566040039
"2015-10-22",39.5534973144531,57.9065780639648,52.3208503723145,22.2790908813477,172.022308349609
"2015-10-23",39.5752449035645,57.6663856506348,52.3776741027832,22.2269916534424,173.907974243164
"2015-10-26",38.3722610473633,56.1052780151367,51.266731262207,21.6832027435303,173.480560302734
"2015-10-27",37.459156036377,55.4290084838867,51.1846694946289,21.422700881958,173.145355224609
"2015-10-28",38.6548957824707,56.7499618530273,51.9358024597168,21.8981056213379,175.114822387695
"2015-10-29",38.8578071594238,56.8131484985352,51.9042587280273,22.0088157653809,175.014251708984
"2015-10-30",38.6621513366699,57.4388580322266,52.2261657714844,22.1520938873291,174.260025024414
"2015-11-02",39.8143882751465,60.0175514221191,53.8294334411621,22.6698322296143,176.321640014648
"2015-11-03",41.1115837097168,62.0273933410645,54.8204193115234,23.249439239502,176.832855224609
"2015-11-04",40.8289527893066,61.161506652832,54.2712783813477,23.0410461425781,176.296493530273
"2015-11-05",40.7854690551758,59.7584075927734,53.5327911376953,22.8456726074219,176.120468139648
"2015-11-06",40.4158821105957,59.4297485351562,53.3181571960449,22.7284488677979,176.028305053711
"2015-11-09",39.5969924926758,58.3489952087402,52.1784439086914,22.5037651062012,174.385665893555
"2015-11-10",39.6042442321777,58.9241485595703,52.4331207275391,22.5526123046875,174.787933349609
"2015-11-11",38.7273597717285,58.2668190002441,51.9683303833008,22.0739421844482,174.100662231445
"2015-11-12",37.6620674133301,56.7941856384277,50.5611991882324,21.5724849700928,171.670394897461
"2015-11-13",37.5606117248535,56.0483932495117,49.7271194458008,21.4845676422119,169.742813110352
"2015-11-16",39.4013252258301,58.5050468444824,51.5099105834961,22.2009334564209,172.324035644531
"2015-11-17",39.0606994628906,58.2363510131836,50.9113998413086,21.9567222595215,172.198318481445
"2015-11-18",39.4810333251953,58.9912567138672,51.4080238342285,22.3181610107422,174.930435180664
"2015-11-19",38.814323425293,58.1083679199219,51.1278800964355,22.0185890197754,174.779602050781
"2015-11-20",38.3577651977539,56.9440498352051,50.803150177002,21.7841396331787,175.416549682617
"2015-11-23",38.6114196777344,57.5837936401367,51.1151390075684,21.9404373168945,175.215377807617
"2015-11-24",40.0897750854492,58.4410820007324,52.1338806152344,22.4093399047852,175.450088500977
"2015-11-25",39.4085693359375,58.1339950561523,51.7327575683594,22.2269916534424,175.424880981445
"2015-11-27",38.75634765625,57.8141212463379,51.7200202941895,22.0674343109131,175.626007080078
"2015-11-30",39.1694297790527,58.4218444824219,51.9938011169434,22.1488361358643,174.896926879883
"2015-12-01",39.5752449035645,59.1639823913574,52.1402397155762,22.3246765136719,176.564666748047
"2015-12-02",38.0823936462402,57.7373390197754,50.6503562927246,21.6343612670898,174.762832641602
"2015-12-03",37.4011764526367,56.8416786193848,49.924503326416,21.2012748718262,172.315673828125
"2015-12-04",37.096809387207,57.3918647766113,50.211009979248,21.0677719116211,175.676315307617
"2015-12-07",35.5024909973145,55.8372917175293,48.8993835449219,20.2667407989502,174.611999511719
"2015-12-08",35.0024604797363,55.2998962402344,47.517707824707,20.0583477020264,173.438674926758
"2015-12-09",35.1256523132324,56.0419960021973,48.1544342041016,20.3220958709717,172.089370727539
"2015-12-10",35.6691932678223,57.1295738220215,48.1926498413086,20.4523487091064,172.533569335938
"2015-12-11",34.8792610168457,55.2998962402344,47.3330726623535,19.6871337890625,169.189636230469
"2015-12-14",35.8938331604004,57.1487655639648,48.4091186523438,19.7913303375244,170.044494628906
"2015-12-15",36.6402587890625,59.3431129455566,50.5739479064941,20.2895355224609,171.829528808594
"2015-12-16",35.7633895874023,59.7781295776367,50.3956565856934,20.1560306549072,174.343811035156
"2015-12-17",34.2632751464844,57.9228706359863,49.6379737854004,19.6610851287842,171.687057495117
"2015-12-18",33.2849464416504,57.4558639526367,49.2049980163574,19.3167419433594,168.628555297852
"2015-12-21",32.6834564208984,57.091178894043,49.1922760009766,19.3364582061768,170.019561767578
"2015-12-22",33.5385818481445,57.7501525878906,49.4405937194824,19.5631675720215,171.56233215332
"2015-12-23",35.531494140625,60.0148391723633,51.0578346252441,20.4141693115234,173.686859130859
"2015-12-24",35.2126274108887,58.8888893127441,50.5102691650391,20.2301750183105,173.400207519531
"2015-12-28",34.1980667114258,57.8077087402344,50.1346054077148,19.8621673583984,173.003967285156
"2015-12-29",34.6183624267578,58.3770866394043,50.4020195007324,20.0001678466797,174.85026550293
"2015-12-30",33.7704849243164,57.6349792480469,49.733470916748,19.7307415008545,173.610992431641
"2015-12-31",33.8357086181641,57.5518112182617,49.6316146850586,19.8194580078125,171.874328613281
"2016-01-04",33.9734039306641,56.8416786193848,49.3196067810059,19.8128833770752,169.471542358398
"2016-01-05",34.3502349853516,57.3278732299805,49.7398452758789,19.8884563446045,169.758193969727
"2016-01-06",32.864631652832,55.063175201416,49.3259887695312,19.1228847503662,167.616836547852
"2016-01-07",31.9297847747803,53.1119537353516,48.5364608764648,18.6563110351562,163.595428466797
"2016-01-08",31.3717842102051,52.5425682067871,47.5559349060059,18.4164505004883,161.799697875977
"2016-01-11",29.7992076873779,51.6725311279297,46.9192085266113,18.0221633911133,161.959869384766
"2016-01-12",29.1687145233154,52.5553703308105,47.8806495666504,18.064884185791,163.266632080078
"2016-01-13",28.2628612518311,52.0307807922363,48.167163848877,17.6311664581299,159.194641113281
"2016-01-14",29.8934078216553,54.679328918457,50.3765678405762,18.3901672363281,161.808151245117
"2016-01-15",28.5237407684326,53.5277976989746,49.3960266113281,17.8578796386719,158.334777832031
"2016-01-19",26.3786640167236,52.1459312438965,48.6447143554688,17.4734497070312,158.545501708984
"2016-01-20",25.1829299926758,50.5273780822754,46.5944976806641,17.0101661682129,156.513748168945
"2016-01-21",26.7482585906982,51.8516502380371,47.1802597045898,17.5391654968262,157.390518188477
"2016-01-22",27.2990188598633,53.4446258544922,48.7529411315918,18.3145942687988,160.619445800781
"2016-01-25",24.7843475341797,51.7492904663086,47.1038627624512,17.4603099822998,158.19140625
"2016-01-26",25.6177444458008,53.8156776428223,48.8357162475586,18.1207389831543,160.349685668945
"2016-01-27",26.2409744262695,53.2846755981445,47.9379463195801,18.0353107452393,158.604553222656
"2016-01-28",27.5526638031006,54.967212677002,49.0203590393066,18.5840225219727,159.430709838867
"2016-01-29",28.3208351135254,55.3190803527832,49.5679397583008,19.1261730194092,163.317199707031
"2016-02-01",27.9729747772217,54.5641899108887,48.5746612548828,18.8074531555176,163.258209228516
"2016-02-02",26.5163536071777,51.9731941223145,47.4922561645508,18.1798839569092,160.315933227539
"2016-02-03",27.9947242736816,54.1355476379395,49.9690628051758,18.8271675109863,161.277008056641
"2016-02-04",25.596004486084,54.2443161010742,50.8286209106445,18.8173141479492,161.52995300293
"2016-02-05",23.8422565460205,53.0223999023438,50.9878158569336,18.380313873291,158.45280456543
"2016-02-08",24.9510288238525,55.0120239257812,51.6754493713379,18.2850303649902,156.319854736328
"2016-02-09",24.3350467681885,53.0479888916016,51.4505767822266,17.8447360992432,156.328231811523
"2016-02-10",23.4364337921143,53.1247634887695,50.9815521240234,17.7724494934082,156.193374633789
"2016-02-11",23.2830562591553,53.0927848815918,51.1421890258789,17.6968765258789,154.161651611328
"2016-02-12",24.0280055999756,54.6537475585938,52.0609397888184,18.1634559631348,157.339950561523
"2016-02-16",23.9257526397705,54.9452934265137,52.1830139160156,18.3441696166992,159.99560546875
"2016-02-17",24.7656326293945,57.2127990722656,52.6841468811035,18.9454517364502,162.609085083008
"2016-02-18",24.6122703552246,56.1891860961914,52.9732780456543,18.7088832855225,161.943023681641
"2016-02-19",24.0060920715332,56.0401992797852,53.0054130554199,18.6661701202393,161.867156982422
"2016-02-22",25.1600189208984,57.5432167053223,52.9347267150879,19.1425933837891,164.210891723633
"2016-02-23",24.0426120758057,55.0100936889648,52.1894416809082,18.4887351989746,162.136932373047
"2016-02-24",24.0718173980713,55.2433013916016,52.3757438659668,18.676025390625,162.878799438477
"2016-02-25",24.1448535919189,55.2627410888672,52.6905937194824,18.6924495697021,164.851547241211
"2016-02-26",24.9190120697021,54.6472778320312,52.5235404968262,18.8041667938232,164.472229003906
"2016-02-29",24.7072143554688,54.0577125549316,51.495548248291,18.5905990600586,163.182342529297
"2016-03-01",25.1673164367676,55.8004570007324,52.2215614318848,19.0768814086914,167.01823425293
"2016-03-02",26.6499004364014,56.4548187255859,53.1339073181152,19.5434513092041,167.768569946289
"2016-03-03",28.1617012023926,56.7074813842773,52.9411430358887,19.8391704559326,168.426147460938
"2016-03-04",30.0313625335693,56.966625213623,52.8704833984375,20.0297412872314,168.974182128906
"2016-03-07",30.2358474731445,58.741771697998,54.2646675109863,20.4996013641357,169.108978271484
"2016-03-08",28.2055168151855,57.4913902282715,53.0889282226562,19.6387386322021,167.262710571289
"2016-03-09",28.5195655822754,60.1346702575684,52.9411430358887,19.9574527740479,168.088928222656
"2016-03-10",28.5049571990967,60.860279083252,52.7998161315918,19.973876953125,168.223815917969
"2016-03-11",29.5931529998779,61.2749290466309,52.8062286376953,20.4897441864014,170.938430786133
"2016-03-14",29.2206802368164,61.0676040649414,52.9475936889648,20.3550281524658,170.719268798828
"2016-03-15",29.0892162322998,61.0740776062012,53.2110176086426,20.315601348877,170.441024780273
"2016-03-16",30.5790958404541,61.8061676025391,53.2431297302246,20.6671714782715,171.427444458008
"2016-03-17",31.4116821289062,62.7715034484863,54.033390045166,20.949743270874,172.514984130859
"2016-03-18",31.418981552124,63.2897758483887,54.0976181030273,21.0099773406982,173.192901611328
"2016-03-21",31.0976524353027,62.4799118041992,53.7249870300293,20.9371643066406,173.438674926758
"2016-03-22",30.6156215667725,61.8709449768066,54.0462455749512,20.8213481903076,173.345489501953
"2016-03-23",29.1038265228271,60.6335182189941,53.8085250854492,20.3646755218506,172.201461791992
"2016-03-24",29.2425804138184,61.449836730957,53.9562835693359,20.4639492034912,172.125213623047
"2016-03-28",28.9796581268311,61.3397102355957,54.1104698181152,20.3547458648682,172.226913452148
"2016-03-29",28.9358520507812,61.7543487548828,54.309642791748,20.4507179260254,173.820022583008
"2016-03-30",29.2718048095703,61.7089691162109,54.3032302856445,20.4904270172119,174.582641601562
"2016-03-31",29.4105587005615,61.8061676025391,53.7057189941406,20.4804973602295,174.158950805664
"2016-04-01",29.0527095794678,61.0676040649414,53.3009452819824,20.2058429718018,175.345367431641
"2016-04-04",28.5560760498047,60.5298805236816,53.4294471740723,20.0569267272949,174.777542114258
"2016-04-05",28.5122547149658,60.0374755859375,52.8190536499023,19.9212474822998,173.031860351562
"2016-04-06",29.7611217498779,61.443359375,53.525821685791,20.3514423370361,174.921585083008
"2016-04-07",29.4397830963135,61.4109725952148,52.9218711853027,20.2323131561279,172.828567504883
"2016-04-08",30.1116905212402,62.4086799621582,53.4615821838379,20.6393394470215,173.294647216797
"2016-04-11",30.0824699401855,61.7025108337402,53.5322303771973,20.5533008575439,172.887802124023
"2016-04-12",31.7476348876953,63.1731567382812,54.1940040588379,21.1654987335205,174.497909545898
"2016-04-13",31.8279685974121,63.2314605712891,54.5024032592773,21.264778137207,176.260559082031
"2016-04-14",32.2953910827637,63.4776573181152,54.8878936767578,21.3144149780273,176.268981933594
"2016-04-15",31.9156131744385,62.9917373657227,54.5923461914062,21.0265140533447,176.074081420898
"2016-04-18",32.8650360107422,63.9441146850586,55.1127738952637,21.3739776611328,177.311325073242
"2016-04-19",34.3695297241211,65.1102676391602,55.3890380859375,21.8008613586426,177.870620727539
"2016-04-20",34.3841514587402,65.8812255859375,55.7681121826172,21.9961032867432,178.040069580078
"2016-04-21",33.7633590698242,65.693359375,55.7616844177246,21.8670463562012,177.082504272461
"2016-04-22",34.7785186767578,66.0885467529297,56.2371215820312,22.1847229003906,177.082504272461
"2016-04-25",33.7925796508789,65.7646179199219,56.1086235046387,21.9365367889404,176.777450561523
"2016-04-26",35.1144790649414,66.2699508666992,56.3013725280762,22.2873153686523,177.040145874023
"2016-04-27",35.1363945007324,67.2806167602539,56.8346252441406,22.710880279541,177.404525756836
"2016-04-28",34.8150367736816,66.3411865234375,56.5583572387695,22.3733539581299,175.794479370117
"2016-04-29",34.9026756286621,66.1986694335938,56.7960891723633,22.3369483947754,174.845352172852
"2016-05-02",34.2161560058594,66.9307479858398,57.2651023864746,22.3137874603271,176.235107421875
"2016-05-03",32.9234809875488,65.6415252685547,56.6097755432129,21.7876281738281,174.701370239258
"2016-05-04",31.7038192749023,65.1685638427734,56.5005569458008,21.4732532501221,173.726745605469
"2016-05-05",31.5577430725098,65.706298828125,56.5647850036621,21.6486358642578,173.692947387695
"2016-05-06",31.229097366333,65.9913635253906,56.8667640686035,21.5990009307861,174.328430175781
"2016-05-09",30.4184265136719,65.0130844116211,56.9053077697754,21.284631729126,174.47248840332
"2016-05-10",31.3094329833984,65.6091079711914,57.817626953125,21.6585597991943,176.641845703125
"2016-05-11",31.9010219573975,65.5248947143555,57.5390472412109,21.7247524261475,174.989349365234
"2016-05-12",31.937536239624,66.1597900390625,58.0962409973145,21.7843151092529,175.040252685547
"2016-05-13",31.418981552124,65.2657241821289,57.4418792724609,21.5063457489014,173.514923095703
"2016-05-16",32.1931381225586,66.2699508666992,58.0314636230469,21.8703536987305,175.226669311523
"2016-05-17",31.9740371704102,65.9622116088867,58.0055198669434,21.972936630249,173.591201782227
"2016-05-18",31.8344688415527,65.5104751586914,57.8889122009277,21.7611522674561,173.642044067383
"2016-05-19",31.8491668701172,65.3729934692383,58.3813095092773,21.764461517334,173.040344238281
"2016-05-20",32.0107574462891,65.3336944580078,58.1415863037109,21.8935203552246,174.133529663086
"2016-05-23",32.0181159973145,65.0652847290039,58.0508995056152,21.8372631072998,173.896240234375
"2016-05-24",31.9226150512695,65.595588684082,58.0962409973145,21.9464645385742,176.150360107422
"2016-05-25",32.9803466796875,66.6300354003906,58.4785041809082,22.2939319610596,177.345169067383
"2016-05-26",32.85546875,66.4532470703125,58.1804656982422,22.2012710571289,177.396026611328
"2016-05-27",32.5616683959961,66.7937164306641,58.3165245056152,22.2145080566406,178.158721923828
"2016-05-31",32.1650238037109,66.1258926391602,57.6751136779785,22.1284713745117,177.819747924805
"2016-06-01",32.363338470459,66.2109832763672,57.8176383972168,22.1350860595703,178.184143066406
"2016-06-02",32.5983772277832,65.8181838989258,57.3576469421387,22.1053123474121,178.726516723633
"2016-06-03",32.4514770507812,65.9033050537109,57.2539978027344,22.0192680358887,178.192611694336
"2016-06-06",33.4357490539551,66.237190246582,57.8824310302734,22.5057163238525,179.099319458008
"2016-06-07",34.919506072998,67.6448059082031,58.7700462341309,23.0153331756592,179.378952026367
"2016-06-08",34.8827705383301,67.4942398071289,58.8218879699707,22.962381362915,179.96369934082
"2016-06-09",34.2070121765137,67.3109130859375,58.7441291809082,22.7869968414307,179.717926025391
"2016-06-10",32.6938858032227,66.7675018310547,58.2970962524414,22.2939319610596,178.014633178711
"2016-06-13",32.2311248779297,66.8460693359375,58.6922988891602,22.227746963501,176.641845703125
"2016-06-14",32.5543174743652,66.3092193603516,58.5886497497559,22.2145080566406,176.294418334961
"2016-06-15",32.106258392334,65.8836517333984,58.4137001037598,22.1615657806396,176.048675537109
"2016-06-16",31.7022705078125,66.1717071533203,59.1004676818848,22.0556602478027,176.574066162109
"2016-06-17",32.4294509887695,66.4990997314453,58.7765083312988,22.2808399200439,175.916458129883
"2016-06-20",32.8260765075684,67.1799697875977,59.0356750488281,22.4740333557129,177.049362182617
"2016-06-21",32.9068908691406,67.5924530029297,59.3013191223145,22.740514755249,177.551986694336
"2016-06-22",32.3119239807129,66.9705047607422,59.0680809020996,22.6139488220215,177.262283325195
"2016-06-23",33.5165481567383,68.3781204223633,59.4762496948242,22.9870052337646,179.570755004883
"2016-06-24",31.7096099853516,66.7151412963867,57.914852142334,22.2441997528076,173.122543334961
"2016-06-27",29.9540882110596,65.7068862915039,57.5714721679688,21.5313739776611,170.021911621094
"2016-06-28",30.8134803771973,66.5383605957031,58.8996353149414,22.1309509277344,173.088485717773
"2016-06-29",32.2531700134277,67.7103042602539,59.903865814209,22.5506496429443,176.035720825195
"2016-06-30",32.0254669189453,68.6334381103516,60.7331466674805,22.7305240631104,178.43782043457
"2016-07-01",31.959358215332,68.1882553100586,60.7979393005371,22.8504390716553,178.812637329102
"2016-07-05",30.629861831665,67.8085098266602,60.266674041748,22.3907623291016,177.526412963867
"2016-07-06",30.7767658233643,68.4697875976562,60.9598999023438,22.4873638153076,178.591171264648
"2016-07-07",30.490291595459,67.4680633544922,60.2277908325195,22.2575225830078,178.480438232422
"2016-07-08",31.0705699920654,68.5941619873047,60.6035690307617,22.5539798736572,181.138061523438
"2016-07-11",31.1807594299316,69.0000686645508,60.8303298950195,22.5972805023193,181.776931762695
"2016-07-12",32.1723594665527,69.9101257324219,61.5170936584473,23.1568813323975,183.097259521484
"2016-07-13",31.4892425537109,69.8250427246094,61.471736907959,22.9570293426514,183.071685791016
"2016-07-14",31.5994205474854,69.8577423095703,61.5170936584473,23.0736141204834,184.093856811523
"2016-07-15",31.5406608581543,70.0738143920898,61.6272468566895,23.0602951049805,183.84684753418
"2016-07-18",31.3717308044434,69.4583740234375,61.4328498840332,23.076940536499,184.340896606445
"2016-07-19",30.7841014862061,69.4256439208984,61.2061080932617,22.9470405578613,184.153533935547
"2016-07-20",30.8722515106201,69.1310119628906,60.8562316894531,22.9137325286865,184.920120239258
"2016-07-21",30.3254375457764,69.0000686645508,60.8044357299805,22.687219619751,184.221603393555
"2016-07-22",30.1185359954834,69.176872253418,60.9080810546875,22.757173538208,185.047958374023
"2016-07-25",29.7343082427979,67.4811401367188,59.7354011535645,22.3041572570801,184.545333862305
"2016-07-26",30.1407070159912,67.2258071899414,59.3013191223145,22.4340686798096,184.630493164062
"2016-07-27",29.6086750030518,66.9508361816406,58.8996353149414,22.214225769043,184.434646606445
"2016-07-28",29.7490825653076,66.6431350708008,58.4396095275879,22.2175540924072,184.647552490234
"2016-07-29",30.1628742218018,67.0948638916016,57.6297569274902,22.4440593719482,184.945678710938
"2016-08-01",29.2687911987305,64.8884811401367,55.6277694702148,21.7045783996582,184.792327880859
"2016-08-02",29.4017925262451,65.202766418457,56.392276763916,21.9011116027832,183.608367919922
"2016-08-03",29.7860260009766,65.8705673217773,56.683837890625,22.3241443634033,184.144989013672
"2016-08-04",29.6308536529541,65.7265319824219,56.6773567199707,22.2908325195312,184.340896606445
"2016-08-05",30.0003147125244,65.8050918579102,56.729190826416,22.4940223693848,185.848602294922
"2016-08-08",30.7096710205078,66.2568435668945,57.3965187072754,22.7938098907471,185.737884521484
"2016-08-09",30.473237991333,66.3354034423828,57.4677848815918,22.6738948822021,185.848602294922
"2016-08-10",30.0003147125244,65.5628433227539,56.4615325927734,22.4274082183838,185.388610839844
"2016-08-11",30.5840702056885,66.3877868652344,56.6640777587891,22.757173538208,186.248931884766
"2016-08-12",30.569278717041,66.8853607177734,57.4024429321289,22.8837509155273,186.087097167969
"2016-08-15",31.1678256988525,67.2847518920898,57.3763046264648,23.0669479370117,186.623764038086
"2016-08-16",31.6702842712402,67.1865539550781,57.4481887817383,23.1035938262939,185.661209106445
"2016-08-17",31.921516418457,67.6298217773438,57.5723533630371,23.1735363006592,186.010452270508
"2016-08-18",32.2097129821777,68.5097427368164,58.0950584411621,23.6498737335205,186.427856445312
"2016-08-19",32.0101852416992,67.6959762573242,57.3697700500488,23.4533443450928,186.155242919922
"2016-08-22",31.5003318786621,67.4445724487305,57.4939346313477,23.183536529541,186.146713256836
"2016-08-23",31.9362888336182,67.2725372314453,57.317497253418,23.3467483520508,186.521530151367
"2016-08-24",31.7441864013672,67.616584777832,57.5135269165039,23.2534866333008,185.567474365234
"2016-08-25",31.611156463623,67.411491394043,57.1476058959961,23.1901969909668,185.439727783203
"2016-08-26",31.2564830780029,67.0343551635742,57.0234527587891,23.1102485656738,185.090515136719
"2016-08-29",31.2934265136719,67.5173492431641,57.3959083557129,23.266809463501,186.001953125
"2016-08-30",31.2047691345215,67.285758972168,57.1868209838867,23.1868705749512,185.695236206055
"2016-08-31",30.3328304290771,66.5447845458984,56.9385223388672,22.8204612731934,185.167129516602
"2016-09-01",30.0003147125244,66.2999649047852,56.7424926757812,22.7538394927979,185.175643920898
"2016-09-02",30.2367839813232,66.7763519287109,57.1214942932129,23.0103206634521,186.010452270508
"2016-09-06",30.2958869934082,67.7687530517578,57.8729248046875,23.3567485809326,186.572692871094
"2016-09-07",30.6505756378174,68.0664672851562,57.6572685241699,23.4899845123291,186.555633544922
"2016-09-08",31.9806251525879,68.8868789672852,58.1865386962891,23.929666519165,186.129745483398
"2016-09-09",31.219539642334,67.0012817382812,56.7424926757812,23.2168464660645,181.674697875977
"2016-09-12",31.5298862457275,67.6496658325195,57.0365447998047,23.446683883667,184.281280517578
"2016-09-13",30.3032894134521,65.7839279174805,55.6774291992188,22.777156829834,181.632125854492
"2016-09-14",29.5495662689209,65.1156921386719,55.2788391113281,22.5073471069336,181.563949584961
"2016-09-15",29.579122543335,65.8302307128906,55.5924797058105,22.7871494293213,183.378372192383
"2016-09-16",29.460901260376,64.7319641113281,54.9064102172852,22.6031665802002,182.669494628906
"2016-09-19",29.0249290466309,64.8642730712891,54.7757225036621,22.5897731781006,182.703720092773
"2016-09-20",28.8254222869873,64.6393432617188,53.9328193664551,22.42555809021,182.712295532227
"2016-09-21",29.6013107299805,65.9162521362305,54.4294166564941,22.9449806213379,184.766983032227
"2016-09-22",30.310661315918,66.1478042602539,54.5862426757812,22.9717922210693,185.931304931641
"2016-09-23",29.5126304626465,65.6449737548828,54.5274200439453,22.6668472290039,184.912506103516
"2016-09-26",29.5717315673828,65.3538513183594,54.2726097106934,22.5663089752197,183.414276123047
"2016-09-27",29.1357746124268,65.4861831665039,54.3901977539062,22.4155120849609,184.552963256836
"2016-09-28",31.1678256988525,67.58349609375,56.7817001342773,23.3839778900146,185.468978881836
"2016-09-29",32.2613983154297,67.0012817382812,56.4942054748535,23.3437614440918,183.791046142578
"2016-09-30",32.121021270752,68.0929565429688,57.0300025939941,23.6621189117432,185.17790222168
"2016-10-03",32.091480255127,67.7819900512695,56.8797225952148,23.6453647613525,184.73274230957
"2016-10-04",31.6776657104492,67.0012817382812,56.3569984436035,23.4040870666504,183.791046142578
"2016-10-05",32.4461479187012,67.6364364624023,56.8470458984375,23.7626571655273,184.604339599609
"2016-10-06",32.8969116210938,67.6033554077148,56.873176574707,23.7995147705078,184.73274230957
"2016-10-07",32.6752243041992,67.6629028320312,56.677173614502,23.6621189117432,184.099151611328
"2016-10-10",32.8008422851562,68.7942428588867,57.787956237793,24.034086227417,185.058059692383
"2016-10-11",32.0175819396973,68.1723251342773,57.3305702209473,23.7593059539795,182.720825195312
"2016-10-12",32.121021270752,67.58349609375,56.9319953918457,23.6587677001953,182.960556030273
"2016-10-13",31.325813293457,66.6837005615234,56.5595397949219,23.5280723571777,182.361312866211
"2016-10-14",30.9690780639648,66.8755874633789,56.5464859008789,23.3906803131104,182.455459594727
"2016-10-17",30.5454425811768,67.0608444213867,56.5464859008789,23.276741027832,181.821960449219
"2016-10-18",30.2110061645508,67.3453216552734,56.6967735290527,23.3705768585205,182.960556030273
"2016-10-19",31.006233215332,67.6629028320312,56.9581260681152,23.7023315429688,183.448577880859
"2016-10-20",30.8353004455566,67.3982696533203,56.9842720031738,23.6755294799805,183.10612487793
"2016-10-21",30.8724517822266,67.0211410522461,56.5987548828125,23.5213718414307,183.191741943359
"2016-10-24",31.3927040100098,66.5977096557617,56.7882385253906,23.4510040283203,183.970764160156
"2016-10-25",31.0731086730957,66.6704788208008,56.6640777587891,23.3437614440918,183.354354858398
"2016-10-26",31.0656929016113,66.9483489990234,56.9058532714844,23.397388458252,182.986297607422
"2016-10-27",32.7007141113281,66.1081085205078,56.794750213623,23.3102569580078,182.498291015625
"2016-10-28",33.4216346740723,68.6883926391602,55.3964576721191,23.2465839385986,181.958892822266
"2016-10-31",32.2919692993164,69.3037033081055,54.4424819946289,22.9952545166016,181.967483520508
"2016-11-01",32.3588523864746,70.4482955932617,54.6581115722656,22.9986038208008,180.649047851562
"2016-11-02",32.1284484863281,69.7271194458008,54.5274200439453,22.7439231872559,179.561798095703
"2016-11-03",32.4034461975098,69.7271194458008,54.6646499633789,22.8343982696533,178.739929199219
"2016-11-04",31.7791423797607,69.3235397338867,54.6058349609375,22.710412979126,178.543014526367
"2016-11-07",32.6412658691406,70.6930694580078,55.8342475891113,23.1996746063232,182.481109619141
"2016-11-08",32.9459838867188,70.9841766357422,56.2363586425781,23.229829788208,183.303039550781
"2016-11-09",33.9864463806152,71.2157516479492,56.8560180664062,23.6085090637207,185.24641418457
"2016-11-10",33.2804145812988,71.3150024414062,57.3833694458008,23.7090358734131,185.70866394043
"2016-11-11",32.6561279296875,70.5541305541992,56.473705291748,23.276741027832,185.280654907227
"2016-11-14",32.7973403930664,70.5210418701172,56.2165908813477,23.4074363708496,185.426193237305
"2016-11-15",33.6520195007324,72.0890655517578,57.231761932373,24.0676040649414,186.873016357422
"2016-11-16",32.9831390380859,72.4031372070312,56.5264205932617,23.9000434875488,186.521987915039
"2016-11-17",32.4108734130859,72.2494430541992,56.1836318969727,23.7391986846924,187.480865478516
"2016-11-18",33.2655563354492,72.9711456298828,56.2165908813477,23.8363800048828,187.061340332031
"2016-11-21",34.4546661376953,73.6260147094727,57.0142211914062,24.4027099609375,188.473937988281
"2016-11-22",34.2391357421875,73.9200286865234,57.139476776123,24.3893127441406,188.842071533203
"2016-11-23",34.4100761413574,74.173942565918,57.297679901123,24.4898433685303,188.944808959961
"2016-11-25",34.0013160705566,74.173942565918,57.4295310974121,24.3692016601562,189.646820068359
"2016-11-28",33.8155174255371,73.8398666381836,57.001049041748,24.0307388305664,188.756500244141
"2016-11-29",32.871654510498,73.0646743774414,56.6252937316895,23.7358417510986,189.124557495117
"2016-11-30",36.0599708557129,74.5481719970703,57.5481567382812,24.9422416687012,188.670913696289
"2016-12-01",35.8370056152344,75.7042236328125,57.5086250305176,25.0025577545166,187.977386474609
"2016-12-02",35.7627029418945,75.5104446411133,57.3767890930176,25.0762844085693,188.071533203125
"2016-12-05",36.3275260925293,75.677490234375,57.6668319702148,25.2974529266357,189.201629638672
"2016-12-06",37.0855865478516,75.3500366210938,57.7195587158203,25.250545501709,189.800964355469
"2016-12-07",37.0855865478516,76.4726791381836,58.0557594299316,25.4516105651855,192.283660888672
"2016-12-08",36.9964141845703,76.9604949951172,58.2205467224121,25.5890007019043,192.754547119141
"2016-12-09",37.7321701049805,77.3881759643555,58.6688232421875,25.66943359375,193.918853759766
"2016-12-12",38.1855354309082,78.283576965332,59.9740295410156,25.7900695800781,193.696273803711
"2016-12-13",39.121940612793,78.4640426635742,61.0287742614746,26.0816135406494,194.989013671875
"2016-12-14",38.2672843933105,77.488395690918,59.710334777832,25.5588531494141,193.379501342773
"2016-12-15",38.4530792236328,78.2167816162109,59.9146957397461,25.6158218383789,194.175750732422
"2016-12-16",38.6017189025879,78.9050521850586,60.1058769226074,25.7748279571533,193.7958984375
"2016-12-19",38.6314353942871,78.6177215576172,59.6048851013184,25.6569232940674,194.217864990234
"2016-12-20",38.3118553161621,78.8181991577148,59.6114768981934,25.5996379852295,194.967102050781
"2016-12-21",38.2598495483398,78.7914352416992,59.5125923156738,25.6400718688965,194.424575805664
"2016-12-22",38.3044357299805,79.3661499023438,59.9015235900879,25.7445030212402,194.088729858398
"2016-12-23",38.1780891418457,79.1322555541992,59.7960472106934,25.7209224700928,194.372955322266
"2016-12-27",38.3490333557129,78.9986038208008,59.8224182128906,25.7781867980957,194.855117797852
"2016-12-28",37.7321701049805,78.7914352416992,59.5257568359375,25.4985752105713,193.244766235352
"2016-12-29",37.5612258911133,78.731315612793,59.5587272644043,25.4480457305908,193.201751708984
"2016-12-30",37.2639617919922,78.6511306762695,59.4994239807129,25.3739356994629,192.495559692383
"2017-01-03",37.6132507324219,78.7513580322266,59.9146957397461,25.6602878570557,193.968185424805
"2017-01-04",37.9625701904297,78.731315612793,59.2554931640625,25.6063842773438,195.122131347656
"2017-01-05",37.8510780334473,78.3905258178711,58.3721694946289,25.5423698425293,194.967102050781
"2017-01-06",37.7098846435547,78.0764389038086,58.3392066955566,25.5659503936768,195.664642333984
"2017-01-09",36.9072227478027,77.408203125,57.3767890930176,25.1953926086426,195.01872253418
"2017-01-10",36.9072227478027,76.8201904296875,56.6450653076172,24.9663066864014,195.01872253418
"2017-01-11",38.0666122436523,77.4683532714844,57.2251739501953,25.2358131408691,195.569900512695
"2017-01-12",37.2713890075684,77.6220397949219,56.9153480529785,25.1313781738281,195.079025268555
"2017-01-13",37.5984001159668,77.7690658569336,56.9219398498535,25.0572605133057,195.52685546875
"2017-01-17",37.2713890075684,77.7022476196289,57.587718963623,25.2122287750244,194.837905883789
"2017-01-18",37.3605728149414,77.4750366210938,56.875789642334,25.154956817627,195.268508911133
"2017-01-19",37.0558738708496,77.2344818115234,55.8540306091309,25.0168380737305,194.545181274414
"2017-01-20",37.7024459838867,77.2478408813477,56.6187019348145,25.1111621856689,195.259902954102
"2017-01-23",37.1153144836426,77.1074905395508,56.0122528076172,24.8450260162354,194.751831054688
"2017-01-24",37.3605728149414,77.7623748779297,56.0913352966309,25.1179027557373,196.000518798828
"2017-01-25",37.6727142333984,78.3437271118164,56.2561302185059,25.2492790222168,197.696990966797
"2017-01-26",37.6281280517578,77.8826675415039,56.4275398254395,25.269510269165,197.490310668945
"2017-01-27",36.7362823486328,76.038330078125,56.3682098388672,25.0067405700684,197.180297851562
"2017-01-30",35.2870483398438,74.721923828125,55.9397239685059,24.5485706329346,195.957427978516
"2017-01-31",36.2383499145508,74.4078521728516,55.3003158569336,24.5586814880371,195.940231323242
"2017-02-01",36.0451164245605,74.173942565918,54.6740608215332,24.3767642974854,196.017684936523
"2017-02-02",36.1863136291504,74.9825210571289,55.01025390625,24.5148792266846,196.146881103516
"2017-02-03",37.4794960021973,75.8913269042969,55.0695838928223,24.7271213531494,197.498886108398
"2017-02-06",37.2267913818359,75.4970626831055,54.91796875,24.5182590484619,197.145843505859
"2017-02-07",36.7288551330566,74.4345932006836,54.5620040893555,24.1712646484375,197.154434204102
"2017-02-08",36.8626289367676,74.5615386962891,54.2027893066406,24.2285308837891,197.412780761719
"2017-02-09",37.0187110900879,75.0159454345703,54.4422569274902,24.5014057159424,198.583984375
"2017-02-10",37.4632682800293,75.5438537597656,54.8946266174316,24.6866874694824,199.367568969727
"2017-02-13",37.1345100402832,76.1185302734375,55.2139320373535,24.733865737915,200.452728271484
"2017-02-14",37.4632682800293,75.9093856811523,55.0941848754883,24.8147163391113,201.253570556641
"2017-02-15",36.880485534668,75.9431076049805,55.3203582763672,24.7170181274414,202.30419921875
"2017-02-16",36.1183547973633,74.6680755615234,54.7482528686523,24.3801345825195,202.131942749023
"2017-02-17",35.4982147216797,74.4319381713867,54.3890342712402,24.2453842163086,202.450576782227
"2017-02-21",35.9614524841309,75.3696670532227,54.4755096435547,24.4104461669922,203.65625
"2017-02-22",35.1918563842773,74.4656524658203,53.8369026184082,24.0398807525635,203.475387573242
"2017-02-23",35.3413047790527,74.8974304199219,54.4023475646973,24.1409454345703,203.613204956055
"2017-02-24",35.147045135498,74.2903060913086,53.9366760253906,23.9152355194092,203.871551513672
"2017-02-27",35.3861236572266,75.3899078369141,54.2426795959473,24.1207275390625,204.190139770508
"2017-02-28",35.5430297851562,75.8958892822266,54.0963287353516,24.0466175079346,203.639022827148
"2017-03-01",36.6488494873047,76.8268737792969,55.2272148132324,24.5283603668213,206.489471435547
"2017-03-02",36.0212249755859,76.4760818481445,55.4134941101074,24.2959117889404,205.189086914062
"2017-03-03",35.7298316955566,76.6042556762695,54.8547096252441,24.2521171569824,205.318252563477
"2017-03-06",36.1034088134766,76.3478775024414,55.1008338928223,24.3060207366943,204.706909179688
"2017-03-07",35.6551132202148,75.4303894042969,54.8946266174316,24.0904121398926,204.095443725586
"2017-03-08",34.3027229309082,73.9462203979492,53.9034156799316,23.4638175964355,203.716506958008
"2017-03-09",34.7286148071289,74.2362976074219,54.3291549682617,23.6187801361084,203.974853515625
"2017-03-10",34.1233940124512,74.6208419799805,54.2892684936523,23.585090637207,204.689575195312
"2017-03-13",34.2504234313965,73.7708129882812,54.1628570556641,23.5884552001953,204.792922973633
"2017-03-14",33.5779762268066,72.4282836914062,53.8768081665039,23.3223247528076,204.009368896484
"2017-03-15",34.2504234313965,73.4537353515625,54.548698425293,23.8411197662354,205.774688720703
"2017-03-16",34.2504234313965,72.7656021118164,54.5952568054199,23.6726779937744,205.369903564453
"2017-03-17",34.1383438110352,72.6441802978516,54.548698425293,23.6553955078125,205.00927734375
"2017-03-20",34.2653770446777,72.6306762695312,54.548698425293,23.6215057373047,204.784393310547
"2017-03-21",33.7572860717773,72.8870391845703,54.4356117248535,23.4554462432861,202.15510559082
"2017-03-22",33.3612976074219,73.1231460571289,54.3890342712402,23.4215564727783,202.630752563477
"2017-03-23",33.2342681884766,72.772346496582,54.45556640625,23.3266620635986,202.41455078125
"2017-03-24",32.9503402709961,72.8533172607422,54.0364723205566,23.2351531982422,202.267532348633
"2017-03-27",33.0923004150391,71.6996917724609,54.0497741699219,23.1267127990723,202.059906005859
"2017-03-28",33.9067192077637,72.3001251220703,54.4422569274902,23.4554462432861,203.530288696289
"2017-03-29",34.3326225280762,72.9072799682617,54.5620040893555,23.777400970459,203.72053527832
"2017-03-30",37.3586654663086,72.7116394042969,55.6795845031738,23.770622253418,204.369201660156
"2017-03-31",37.2615242004395,72.4350509643555,54.5553550720215,23.689281463623,203.893539428711
"2017-04-03",36.9477272033691,72.7251205444336,54.5952568054199,23.6486167907715,203.538940429688
"2017-04-04",37.1569366455078,73.3053131103516,54.7948188781738,23.8214588165283,203.668670654297
"2017-04-05",36.6936798095703,73.2918395996094,54.901252746582,23.746898651123,203.063201904297
"2017-04-06",37.2167091369629,73.730339050293,55.2205657958984,23.9366817474365,203.634033203125
"2017-04-07",37.0149765014648,73.4402313232422,55.054256439209,23.8451805114746,203.426467895508
"2017-04-10",37.4707374572754,73.8247604370117,55.300407409668,24.0247936248779,203.547607421875
"2017-04-11",37.4707374572754,73.5144424438477,55.1074867248535,24.028190612793,203.305374145508
"2017-04-12",36.9402465820312,73.5144424438477,55.193962097168,23.9265155792236,202.41455078125
"2017-04-13",36.3275680541992,71.578254699707,54.3424835205078,23.4893264770508,201.09992980957
"2017-04-17",36.574146270752,71.6254806518555,54.2693099975586,23.5401649475098,202.881576538086
"2017-04-18",36.3798751831055,71.2949142456055,53.9167175292969,23.3198890686035,202.276138305664
"2017-04-19",35.864315032959,70.3166885375977,53.5441932678223,22.9775905609131,201.904266357422
"2017-04-20",35.8269500732422,70.7552108764648,53.8901290893555,23.0894260406494,203.547607421875
"2017-04-21",35.6700401306152,70.7619781494141,53.6772537231445,22.9742012023926,202.898864746094
"2017-04-24",35.7970695495605,71.4635620117188,53.9566383361816,23.1097640991211,205.130386352539
"2017-04-25",36.4545860290527,72.003288269043,54.369083404541,23.3063259124756,206.323928833008
"2017-04-26",36.1183547973633,71.5647659301758,54.1495628356934,23.2283763885498,206.19416809082
"2017-04-27",35.7597236633301,71.1532363891602,54.0564270019531,22.9742012023926,206.367126464844
"2017-04-28",35.7970695495605,71.983039855957,54.3158721923828,22.9911441802979,205.917419433594
"2017-05-01",35.4757881164551,71.4568099975586,54.588623046875,22.9267578125,206.436370849609
"2017-05-02",34.892993927002,71.0790252685547,54.581958770752,22.8115291595459,206.514175415039
"2017-05-03",35.1769256591797,71.9965286254883,55.0143356323242,22.8759174346924,206.26335144043
"2017-05-04",34.3101844787598,70.7079849243164,54.309211730957,22.4556846618652,206.505523681641
"2017-05-05",34.9452972412109,71.3691177368164,54.5620040893555,22.8115291595459,207.318588256836
"2017-05-08",35.2142868041992,71.9695358276367,55.140754699707,22.9742012023926,207.283966064453
"2017-05-09",34.5717086791992,70.8901519775391,54.7549095153809,22.7844161987305,207.093688964844
"2017-05-10",35.5729141235352,71.8481063842773,55.0033760070801,23.0860424041748,207.46565246582
"2017-05-11",35.6292762756348,71.6524658203125,55.4734306335449,23.0385932922363,207.041793823242
"2017-05-12",35.2911643981934,71.4838180541992,55.4331474304199,22.9606437683105,206.695816040039
"2017-05-15",35.6442909240723,72.0842361450195,55.601016998291,23.1402645111084,207.837463378906
"2017-05-16",35.4113807678223,72.3540802001953,55.4331474304199,23.0250415802002,207.647262573242
"2017-05-17",34.8704032897949,71.3523025512695,55.0570602416992,22.7979736328125,203.96272277832
"2017-05-18",34.8779144287109,71.6725845336914,54.8959541320801,22.7911968231201,204.784393310547
"2017-05-19",35.6743621826172,72.5925827026367,55.0167961120605,23.0724849700928,206.116317749023
"2017-05-22",35.2611122131348,72.3200073242188,55.2585563659668,23.0216522216797,207.16291809082
"2017-05-23",35.133373260498,72.4222412109375,55.4532852172852,23.075870513916,207.621307373047
"2017-05-24",35.0657615661621,72.3881607055664,55.2585563659668,22.9538707733154,208.105606079102
"2017-05-25",33.848560333252,71.6316986083984,54.8959541320801,22.5370197296143,209.100296020508
"2017-05-26",34.0739707946777,71.3659210205078,54.7616195678711,22.5743007659912,209.057052612305
"2017-05-30",33.6532096862793,70.9161224365234,54.4594459533691,22.2726726531982,208.875411987305
"2017-05-31",33.5780639648438,70.520866394043,54.056526184082,22.1777839660645,208.823501586914
"2017-06-01",33.7058029174805,71.0592422485352,54.1908378601074,22.3167324066162,210.484161376953
"2017-06-02",33.2549896240234,70.2687149047852,53.3850212097168,22.0591678619385,211.184707641602
"2017-06-05",33.0746726989746,70.3232269287109,53.8013725280762,22.0998363494873,211.028961181641
"2017-06-06",33.4202880859375,70.991096496582,54.533317565918,22.3607902526855,210.354400634766
"2017-06-07",32.7290496826172,70.718505859375,54.3318672180176,22.0456104278564,210.743606567383
"2017-06-08",32.3608779907227,70.8752365112305,54.1371231079102,21.9812202453613,210.847442626953
"2017-06-09",33.6757431030273,72.5108261108398,55.1511001586914,22.5099048614502,210.527389526367
"2017-06-12",34.3519706726074,73.6284637451172,55.6883125305176,22.669189453125,210.484161376953
"2017-06-13",34.8854293823242,73.689826965332,55.7084732055664,22.8386421203613,211.513397216797
"2017-06-14",34.1265678405762,72.6471328735352,55.1108131408691,22.4251728057861,211.24528503418
"2017-06-15",34.1040191650391,72.4631271362305,55.2383995056152,22.2557258605957,210.838745117188
"2017-06-16",34.960563659668,73.8397445678711,56.0643577575684,22.6239185333252,210.884796142578
"2017-06-19",34.832836151123,73.2332153320312,55.5741500854492,22.4806003570557,212.64045715332
"2017-06-20",34.4270973205566,72.5653457641602,55.2719802856445,22.1939640045166,211.20637512207
"2017-06-21",33.7734260559082,71.2091827392578,54.6877479553223,21.8356685638428,211.154205322266
"2017-06-22",33.6682319641113,71.1819152832031,54.4460144042969,21.8220195770264,211.058654785156
"2017-06-23",33.683277130127,71.5567169189453,54.8019332885742,21.9687480926514,211.310684204102
"2017-06-26",33.2324409484863,70.9706497192383,54.5534591674805,21.9209747314453,211.449722290039
"2017-06-27",33.0370979309082,70.9229583740234,54.4661636352539,21.8868522644043,209.74626159668
"2017-06-28",33.0295867919922,71.0660705566406,54.7481880187988,22.0062885284424,211.623580932617
"2017-06-29",33.1197395324707,70.9570159912109,54.1908378601074,22.0540580749512,209.763641357422
"2017-06-30",33.0295867919922,71.1001358032227,54.2109985351562,22.1530151367188,210.154724121094
"2017-07-03",34.3068923950195,72.4426574707031,55.1309471130371,22.5795593261719,210.51106262207
"2017-07-05",33.1798477172852,71.2977752685547,54.2915725708008,22.1223068237305,210.997756958008
"2017-07-06",32.541202545166,70.7525939941406,53.8013725280762,21.876615524292,209.068313598633
"2017-07-07",32.308277130127,70.5276794433594,53.8685302734375,21.8424892425537,210.424194335938
"2017-07-10",32.4886016845703,70.2210159301758,53.8282318115234,21.9141540527344,210.650146484375
"2017-07-11",32.5712623596191,70.2755279541016,54.1236801147461,22.0335826873779,210.493713378906
"2017-07-12",32.4886016845703,70.8002700805664,54.3654441833496,22.0950031280518,212.075561523438
"2017-07-13",32.4961204528809,70.9638290405273,54.3721618652344,22.1837310791016,212.431869506836
"2017-07-14",32.6463851928711,71.1751174926758,54.580322265625,22.3168087005615,213.422653198242
"2017-07-17",32.451042175293,71.0183715820312,54.2982978820801,22.2895088195801,213.396606445312
"2017-07-18",32.3608779907227,70.6844177246094,54.1236801147461,22.1837310791016,213.509582519531
"2017-07-19",32.8041610717773,71.188720703125,54.2915725708008,22.5078983306885,214.665496826172
"2017-07-20",32.6794471740723,71.3045883178711,54.2982978820801,22.4396572113037,214.761154174805
"2017-07-21",32.2410011291504,70.364128112793,53.8013725280762,22.217845916748,214.569900512695
"2017-07-24",32.2107620239258,70.3300476074219,53.6334991455078,22.1768970489502,214.517776489258
"2017-07-25",32.9969367980957,71.1410217285156,53.9020919799805,22.456714630127,215.039199829102
"2017-07-26",33.034740447998,71.6385269165039,53.9692611694336,22.4806003570557,215.047973632812
"2017-07-27",33.760440826416,72.3131942749023,54.2781524658203,22.7092266082764,214.848052978516
"2017-07-28",34.2140121459961,73.6830062866211,53.4522018432617,22.6819343566895,214.595977783203
"2017-07-31",34.2971534729004,74.4121932983398,53.7476577758789,22.7331142425537,214.474319458008
"2017-08-01",33.8284797668457,75.4957504272461,53.8349418640137,22.7297077178955,214.952331542969
"2017-08-02",34.478588104248,75.2776870727539,54.1236801147461,22.6443977355957,215.056655883789
"2017-08-03",33.9494247436523,74.5757369995117,54.0498237609863,22.3270435333252,214.639434814453
"2017-08-04",34.4407997131348,75.0391693115234,53.8618049621582,22.3987083435059,215.030517578125
"2017-08-07",34.1459693908691,74.8142852783203,53.8282318115234,22.2280883789062,215.43034362793
"2017-08-08",34.493709564209,75.2027282714844,53.693920135498,22.1768970489502,214.900207519531
"2017-08-09",34.5088233947754,75.5707321166992,53.8618049621582,22.197380065918,214.891479492188
"2017-08-10",33.9947853088379,75.0391693115234,53.5431518554688,21.9619255065918,211.858200073242
"2017-08-11",33.8587226867676,74.439453125,53.0278396606445,21.818603515625,212.171112060547
"2017-08-14",33.6697311401367,74.0850677490234,53.0414047241211,21.7537746429443,214.274368286133
"2017-08-15",33.6394996643066,73.9896469116211,52.9125823974609,21.6718711853027,214.248321533203
"2017-08-16",33.0271797180176,73.542236328125,52.5261154174805,21.4637260437012,214.622085571289
"2017-08-17",32.5055809020996,72.9089736938477,51.7057151794434,21.1600227355957,211.275924682617
"2017-08-18",32.5887413024902,73.2944412231445,51.9633331298828,21.2658004760742,210.945648193359
"2017-08-21",32.1276016235352,72.8125915527344,51.7870712280273,21.1566104888916,211.110748291016
"2017-08-22",32.6492042541504,73.2118377685547,52.0311622619629,21.2965183258057,213.318328857422
"2017-08-23",33.0271797180176,73.3839263916016,51.9430084228516,21.3886451721191,212.553512573242
"2017-08-24",32.7323532104492,73.9552536010742,51.7531814575195,21.4022979736328,212.05810546875
"2017-08-25",32.9440269470215,74.4990386962891,52.0176010131836,21.4978446960449,212.553512573242
"2017-08-28",32.5433769226074,74.1755218505859,51.8480949401855,21.4022979736328,212.562240600586
"2017-08-29",32.3921852111816,74.2443466186523,51.834529876709,21.3750019073486,212.805587768555
"2017-08-30",32.8155212402344,74.1548538208008,51.597225189209,21.385232925415,213.813781738281
"2017-08-31",33.0045166015625,74.0791397094727,51.7531814575195,21.4876079559326,215.10009765625
"2017-09-01",33.4429473876953,74.8638687133789,51.9158935546875,21.6957664489746,215.404281616211
"2017-09-05",33.5563507080078,75.3319091796875,52.3294906616211,21.8151931762695,213.857223510742
"2017-09-06",34.0628128051758,76.9495468139648,53.4143180847168,22.1700801849365,214.587310791016
"2017-09-07",34.1006164550781,76.956413269043,53.5838241577148,22.2110252380371,214.561187744141
"2017-09-08",33.6168174743652,76.2543106079102,53.4414291381836,21.9755725860596,214.309143066406
"2017-09-11",33.9645500183105,77.4520111083984,53.7329711914062,22.1837310791016,216.594985961914
"2017-09-12",33.9645500183105,77.4313812255859,53.9024887084961,22.3202209472656,217.324996948242
"2017-09-13",34.4407997131348,78.5946655273438,54.0855445861816,22.6000366210938,217.429306030273
"2017-09-14",34.6449012756348,78.7804870605469,54.3025207519531,22.7092266082764,217.359802246094
"2017-09-15",35.1589508056641,78.9044036865234,54.2889595031738,22.7628192901611,217.652435302734
"2017-09-18",35.5973968505859,79.2898941040039,54.3025207519531,22.8596248626709,218.115325927734
"2017-09-19",35.9451217651367,80.0814743041992,54.3906478881836,22.9529724121094,218.333694458008
"2017-09-20",36.5347518920898,80.1021194458008,54.6144065856934,23.1085414886475,218.412292480469
"2017-09-21",36.8068962097168,80.1709518432617,54.1669120788574,23.1154556274414,217.827102661133
"2017-09-22",37.1017036437988,80.7353820800781,54.1872520446777,23.2330131530762,217.870819091797
"2017-09-25",37.7820587158203,81.2172393798828,54.905948638916,23.5683670043945,217.425308227539
"2017-09-26",37.5477180480957,80.8936996459961,54.8449363708496,23.5579929351807,217.556350708008
"2017-09-27",37.9634895324707,80.8455276489258,55.2110748291016,23.6582546234131,218.403579711914
"2017-09-28",37.797176361084,80.9625473022461,55.7263641357422,23.6790046691895,218.665634155273
"2017-09-29",37.8349800109863,80.8799438476562,55.5839729309082,23.6755447387695,219.434234619141
"2017-10-02",38.0315322875977,80.831787109375,55.3466606140137,23.6686210632324,220.386306762695
"2017-10-03",37.2226638793945,81.1002349853516,55.4348030090332,23.6444320678711,220.857955932617
"2017-10-04",37.2755851745605,80.9350204467773,55.4551620483398,23.6271419525146,221.119979858398
"2017-10-05",37.5704040527344,81.6233673095703,55.6110916137695,23.7343235015869,222.430130004883
"2017-10-06",36.9354057312012,80.5564422607422,55.4009170532227,23.5337924957275,222.176834106445
"2017-10-09",36.9732093811035,81.0245132446289,55.6178817749023,23.5821990966797,221.809997558594
"2017-10-10",37.1848678588867,81.7747955322266,55.773811340332,23.6029453277588,222.395172119141
"2017-10-11",37.4948081970215,82.1395950317383,56.0043640136719,23.6582546234131,222.744583129883
"2017-10-12",37.6535491943359,82.0088272094727,55.8890762329102,23.5718212127686,222.412643432617
"2017-10-13",37.5433540344238,82.0226135253906,55.8755264282227,23.5579929351807,222.68342590332
"2017-10-16",37.7865524291992,82.6902694702148,56.1467247009277,23.6098518371582,222.980392456055
"2017-10-17",37.7865524291992,82.7522354125977,56.2484436035156,23.6236820220947,223.137619018555
"2017-10-18",37.7789535522461,81.3273696899414,56.1128349304199,23.4577369689941,223.355972290039
"2017-10-19",37.7789535522461,81.3617935180664,56.0992736816406,23.3851356506348,223.417114257812
"2017-10-20",38.1893463134766,81.6646499633789,56.3501510620117,23.4300785064697,224.570053100586
"2017-10-23",38.1969413757324,81.8642730712891,56.4382820129395,23.3090705871582,223.696624755859
"2017-10-24",38.7517395019531,82.0707855224609,56.5942230224609,23.3540191650391,224.089630126953
"2017-10-25",37.9689521789551,81.526969909668,56.390811920166,23.1915245056152,222.980392456055
"2017-10-26",39.1089286804199,81.526969909668,56.5942230224609,23.2399272918701,223.268630981445
"2017-10-27",38.9189300537109,78.1541290283203,56.756950378418,23.2814102172852,225.094039916992
"2017-10-30",39.0557289123535,78.7392044067383,56.6416893005371,23.4024200439453,224.255615234375
"2017-10-31",38.8733329772949,79.771728515625,56.5128631591797,23.478479385376,224.604949951172
"2017-11-01",39.5953178405762,79.7786026000977,56.8654365539551,23.7446937561035,224.901977539062
"2017-11-02",39.8841247558594,79.3862457275391,56.634895324707,23.6755447387695,224.989334106445
"2017-11-03",40.2489013671875,79.1522064208984,56.3976135253906,23.7446937561035,225.740447998047
"2017-11-06",40.7885093688965,80.5633087158203,56.7840576171875,24.287483215332,226.089828491211
"2017-11-07",40.6440925598145,80.7009887695312,56.6688117980957,24.2563724517822,225.932647705078
"2017-11-08",40.6744956970215,80.3086166381836,56.5942230224609,24.138822555542,226.316925048828
"2017-11-09",40.6821060180664,80.7009887695312,56.933235168457,24.21142578125,225.49592590332
"2017-11-10",40.2717170715332,80.65966796875,56.7553291320801,24.0835075378418,225.426025390625
"2017-11-13",39.9525146484375,80.694091796875,56.7211151123047,23.9452133178711,225.635635375977
"2017-11-14",38.934139251709,80.480712890625,56.2763023376465,23.5579929351807,225.111572265625
"2017-11-15",38.3717422485352,80.1571731567383,55.5714874267578,23.291784286499,223.98486328125
"2017-11-16",38.1665382385254,79.6013641357422,55.1266899108887,23.1984367370605,225.888931274414
"2017-11-17",38.0981369018555,79.6986389160156,54.9077224731445,23.3125247955322,225.225082397461
"2017-11-20",38.0601463317871,79.7055892944336,55.1198539733887,23.2572135925293,225.609405517578
"2017-11-21",38.0069541931152,80.0182266235352,55.3388328552246,23.3090705871582,227.085540771484
"2017-11-22",38.1665382385254,80.5323638916016,55.4962158203125,23.4024200439453,226.884674072266
"2017-11-24",38.3565330505371,80.9492492675781,55.7151908874512,23.4681072235107,227.408737182617
"2017-11-27",37.3609657287598,80.3100280761719,55.5030670166016,23.229549407959,227.295211791992
"2017-11-28",38.0981369018555,80.9075622558594,55.8862533569336,23.4093322753906,229.601089477539
"2017-11-29",38.5541343688965,81.4147567749023,56.2968254089355,23.5372505187988,229.461288452148
"2017-11-30",38.6681365966797,82.6723098754883,56.9948196411133,23.8898963928223,231.470291137695
"2017-12-01",39.3217277526855,83.0335998535156,57.1111450195312,24.0904197692871,230.989807128906
"2017-12-04",38.9797286987305,83.9576568603516,57.1864318847656,24.0800495147705,230.710296630859
"2017-12-05",38.934139251709,83.6450042724609,56.7211151123047,23.9763240814209,229.880554199219
"2017-12-06",38.2881393432617,83.1030731201172,56.3036689758301,23.6651649475098,229.924255371094
"2017-12-07",38.4097366333008,83.1169815063477,56.4884414672852,23.7343235015869,230.649185180664
"2017-12-08",39.1925315856934,83.3184585571289,56.5637168884277,23.9521350860596,231.906936645508
"2017-12-11",39.2837142944336,83.6658172607422,56.8169021606445,24.1249923706055,232.605651855469
"2017-12-12",39.4889221191406,83.1517181396484,56.6321563720703,24.0592975616455,233.016189575195
"2017-12-13",39.2761306762695,83.3254241943359,56.878490447998,24.0247268676758,232.989990234375
"2017-12-14",39.7549133300781,83.0474853515625,56.7279472351074,23.9382953643799,232.037963867188
"2017-12-15",39.6485176086426,83.1864624023438,56.8169021606445,23.9167232513428,233.970230102539
"2017-12-18",39.7777137756348,83.1655960083008,56.7553291320801,24.1011772155762,235.453857421875
"2017-12-19",40.0361175537109,83.2628479003906,56.4131774902344,24.1359748840332,234.54963684082
"2017-12-20",41.2292861938477,83.9924011230469,56.7074203491211,24.4770526885986,234.426773071289
"2017-12-21",42.5212669372559,86.7229156494141,57.3780174255371,24.9956169128418,234.909561157227
"2017-12-22",42.1792678833008,86.8340530395508,57.4601440429688,25.0478248596191,234.848114013672
"2017-12-26",42.7340660095215,87.5288391113281,57.466983795166,25.2670879364014,234.567245483398
"2017-12-27",42.247673034668,87.2300796508789,57.4122276306152,25.1835498809814,234.681350708008
"2017-12-28",41.9360961914062,87.2509460449219,57.4943542480469,25.2218437194824,235.164169311523
"2017-12-29",41.7156791687012,86.9799575805664,57.2343330383301,25.1487522125244,234.277496337891
"2018-01-02",42.0424766540527,88.6405029296875,58.1854820251465,25.5629138946533,235.95426940918
"2018-01-03",42.8176689147949,89.2866439819336,59.3282508850098,25.9457473754883,237.446746826172
"2018-01-04",43.3116493225098,89.0087432861328,59.4103813171387,26.1023540496826,238.447540283203
"2018-01-05",43.2280616760254,88.8628234863281,59.3624839782715,26.0919208526611,240.036560058594
"2018-01-08",43.6688499450684,89.300537109375,59.6293525695801,26.2485370635986,240.475524902344
"2018-01-09",44.0260467529297,88.8211517333984,59.3761444091797,26.1824131011963,241.019836425781
"2018-01-10",43.8132514953613,89.390869140625,58.9040031433105,26.1510887145996,240.65104675293
"2018-01-11",44.9760208129883,92.1074981689453,59.4856338500977,26.6870555877686,242.40690612793
"2018-01-12",45.6372146606445,92.8230895996094,59.8893623352051,26.9445896148682,243.987121582031
"2018-01-16",44.7176399230957,91.7183685302734,59.5130271911621,26.6035251617432,243.153030395508
"2018-01-17",45.4928169250488,91.9615631103516,60.2178382873535,26.8367080688477,245.470779418945
"2018-01-18",45.4168167114258,91.4265823364258,59.8277854919434,26.6174449920654,245.058212280273
"2018-01-19",45.4092178344727,91.2250747680664,59.6361885070801,26.5826473236084,246.173095703125
"2018-01-22",46.1084060668945,92.1005096435547,60.388916015625,27.1568965911865,248.174713134766
"2018-01-23",45.9564170837402,91.0305557250977,60.4231300354004,27.1151313781738,248.701507568359
"2018-01-24",45.971607208252,91.2876281738281,60.5805320739746,27.0420436859131,248.604888916016
"2018-01-25",45.2040252685547,90.7734756469727,60.4710311889648,26.8297424316406,248.710311889648
"2018-01-26",45.8956146240234,91.1486663818359,60.9021339416504,26.9759197235107,251.58984375
"2018-01-29",45.3408393859863,89.2658081054688,60.2246932983398,26.568717956543,249.921768188477
"2018-01-30",44.4288330078125,87.0077667236328,59.3830070495605,26.0327548980713,247.358261108398
"2018-01-31",44.6948394775391,87.0911178588867,59.7388305664062,26.0501575469971,247.481262207031
"2018-02-01",45.1052322387695,87.2439804077148,60.9500312805176,26.3181285858154,247.200286865234
"2018-02-02",43.8664398193359,82.387451171875,57.8433570861816,25.2183532714844,241.818725585938
"2018-02-05",42.513671875,78.2465591430664,54.5518951416016,24.1603355407715,231.705215454102
"2018-02-06",42.513671875,81.4147567749023,53.6144027709961,24.3517570495605,236.27033996582
"2018-02-07",42.2780799865723,80.1016159057617,52.6495590209961,23.9445648193359,234.988632202148
"2018-02-08",40.4617080688477,78.0242004394531,52.0542068481445,23.2206535339355,226.17448425293
"2018-02-09",39.7472991943359,78.8579483032227,52.3860321044922,23.203254699707,229.571884155273
"2018-02-12",40.8093528747559,79.1914596557617,52.8284606933594,23.582612991333,232.943054199219
"2018-02-13",40.7405853271484,78.712028503418,52.7455177307129,23.485164642334,233.522476196289
"2018-02-14",42.4139251708984,78.9482574462891,52.8561172485352,23.8262252807617,236.67414855957
"2018-02-15",41.6727638244629,78.9623107910156,52.683292388916,23.7670669555664,239.694152832031
"2018-02-16",41.7568206787109,78.6886215209961,52.9114036560059,23.7078990936279,239.764419555664
"2018-02-20",41.9019889831543,77.8746719360352,52.3653144836426,23.5791301727295,238.26318359375
"2018-02-21",41.0691413879395,76.5274047851562,51.7707977294922,23.1823768615723,237.077987670898
"2018-02-22",41.9554786682129,77.1098251342773,52.4413414001465,23.4364356994629,237.385238647461
"2018-02-23",43.5906066894531,79.0044021606445,53.5957946777344,23.9445648193359,241.169067382812
"2018-02-26",43.2391166687012,80.4148178100586,54.5013809204102,24.0872535705566,243.969543457031
"2018-02-27",42.6584320068359,79.7201309204102,53.5750465393066,23.7740287780762,240.923202514648
"2018-02-28",41.4970283508301,78.5342483520508,52.3583755493164,23.2276172637939,238.482666015625
"2018-03-01",41.1684799194336,78.6184768676758,51.9850692749023,23.1928176879883,235.014953613281
"2018-03-02",41.3060188293457,78.3377838134766,52.2270393371582,23.3007049560547,236.226455688477
"2018-03-05",41.2525177001953,79.3973617553711,52.7247734069824,23.5478057861328,238.956802368164
"2018-03-06",41.3060188293457,79.7482147216797,52.6625633239746,23.5617294311523,239.562438964844
"2018-03-07",41.3136520385742,79.8815307617188,51.3352890014648,23.3842277526855,239.474716186523
"2018-03-08",40.9316101074219,79.5376968383789,51.2384910583496,23.377269744873,240.633529663086
"2018-03-09",42.0700874328613,82.2532958984375,51.5426712036133,23.8227462768555,244.821151733398
"2018-03-12",41.8255805969238,81.9515609741211,52.0127372741699,23.815788269043,244.513763427734
"2018-03-13",41.2296028137207,81.7200164794922,51.521915435791,23.6452560424805,242.933609008789
"2018-03-14",41.2296028137207,80.7867279052734,50.8790245056152,23.5060443878174,241.686950683594
"2018-03-15",41.283088684082,81.1024856567383,51.4458770751953,23.3842277526855,241.423675537109
"2018-03-16",41.9707527160645,80.9761962890625,51.9297943115234,23.5927829742432,241.685394287109
"2018-03-19",40.9316101074219,79.9166412353516,51.2592315673828,23.2282581329346,238.41535949707
"2018-03-20",41.7950134277344,80.3446502685547,51.1486282348633,23.42453956604,238.820816040039
"2018-03-21",43.5829620361328,82.1269760131836,51.8744773864746,24.0379409790039,238.362411499023
"2018-03-22",43.1703720092773,79.7832946777344,50.8099021911621,23.5472221374512,232.404052734375
"2018-03-23",44.1178131103516,79.2780685424805,50.3882026672363,23.4035091400146,227.450485229492
"2018-03-26",45.1416816711426,80.9410934448242,51.1555366516113,23.8241233825684,233.673309326172
"2018-03-27",45.1875305175781,80.4569320678711,50.9481506347656,23.5997943878174,229.698104858398
"2018-03-28",44.8742485046387,78.6605911254883,50.3329086303711,23.1406345367432,229.019409179688
"2018-03-29",45.3021240234375,80.0218505859375,51.5772285461426,23.6278381347656,231.945678710938
"2018-04-02",44.3852424621582,78.7588119506836,50.616325378418,23.1546478271484,226.939315795898
"2018-04-03",45.867546081543,80.5762176513672,51.8606567382812,23.6488742828369,229.847946166992
"2018-04-04",45.5084457397461,80.3306121826172,51.7569770812988,23.617317199707,232.307144165039
"2018-04-05",46.1961135864258,82.3023834228516,52.5519485473633,24.0414409637451,234.140502929688
"2018-04-06",45.2792129516602,80.5270919799805,51.7569770812988,23.6068019866943,228.922439575195
"2018-04-09",46.318359375,81.3831634521484,51.7569770812988,23.7189674377441,230.050674438477
"2018-04-10",47.632568359375,83.3970489501953,53.2778015136719,24.504114151001,233.708602905273
"2018-04-11",48.3125915527344,83.6777038574219,53.5266723632812,24.7599811553955,232.483459472656
"2018-04-12",48.320240020752,83.663688659668,53.3814926147461,24.7564792633057,234.396057128906
"2018-04-13",49.5886001586914,84.1478500366211,53.8101005554199,25.0298767089844,233.708602905273
"2018-04-16",50.222785949707,84.695182800293,54.2939987182617,25.2857437133789,235.630065917969
"2018-04-17",50.8187675476074,85.2284851074219,54.1488380432129,25.3838882446289,238.150924682617
"2018-04-18",50.7500076293945,86.8845062255859,54.7640762329102,25.7834606170654,238.327270507812
"2018-04-19",50.665958404541,86.8073120117188,54.9023323059082,25.8150157928467,237.00505065918
"2018-04-20",50.2686347961426,85.8249282836914,54.6119956970215,25.6923351287842,234.995468139648
"2018-04-23",50.0317687988281,86.7160949707031,55.0060539245605,25.8500652313232,234.960266113281
"2018-04-24",49.9018745422363,85.9863433837891,54.1626510620117,25.5731639862061,231.7958984375
"2018-04-25",49.7108497619629,86.1126098632812,54.9576377868652,25.7764568328857,232.368774414062
"2018-04-26",51.170238494873,87.1651763916016,55.8977928161621,26.1515045166016,234.730987548828
"2018-04-27",49.6268043518066,88.8492431640625,53.7755432128906,25.8745975494385,234.951385498047
"2018-04-30",50.0470542907715,87.789680480957,53.7478904724121,25.8710918426514,233.14453125
"2018-05-01",50.2075119018555,87.6142578125,53.1948471069336,25.7133655548096,233.558776855469
"2018-05-02",50.0088310241699,88.0563354492188,53.0911483764648,25.8185253143311,231.989776611328
"2018-05-03",50.4214553833008,88.4212112426758,52.9114036560059,25.7589378356934,231.478546142578
"2018-05-04",51.0862007141113,88.0844039916992,53.1602783203125,25.8851146697998,234.475372314453
"2018-05-07",51.0174293518066,87.6704025268555,53.740966796875,25.9201679229736,235.268692016602
"2018-05-08",51.7585716247559,88.8141784667969,53.98291015625,26.1234607696533,235.268692016602
"2018-05-09",52.4920883178711,90.3228378295898,55.2548904418945,26.6562366485596,237.542755126953
"2018-05-10",52.9811210632324,90.3929901123047,56.4923210144043,26.8560199737549,239.763946533203
"2018-05-11",53.2765045166016,91.1087036132812,56.7576599121094,26.8945865631104,240.495513916016
"2018-05-14",53.3915863037109,91.4946746826172,57.1417274475098,27.0803546905518,240.610061645508
"2018-05-15",53.7751998901367,91.0385589599609,57.1137962341309,27.0873641967773,238.953002929688
"2018-05-16",53.5910491943359,90.912223815918,57.2744026184082,27.1820106506348,239.957855224609
"2018-05-17",54.212516784668,91.6342315673828,57.1766319274902,27.592098236084,239.755187988281
"2018-05-18",53.3608856201172,90.501708984375,56.7716369628906,27.3782825469971,239.155746459961
"2018-05-21",54.212516784668,91.5705184936523,57.4559516906738,27.6586971282959,240.953842163086
"2018-05-22",53.8058853149414,90.7636032104492,57.0090408325195,27.2906589508057,240.283966064453
"2018-05-23",53.0309829711914,91.0962829589844,57.3651733398438,27.2871532440186,240.945022583008
"2018-05-24",52.5169258117676,89.6169509887695,56.0523719787598,26.8384971618652,240.451400756836
"2018-05-25",50.2305793762207,86.4883880615234,54.9630432128906,26.1409912109375,239.878509521484
"2018-05-29",50.4147300720215,85.9221267700195,54.7605209350586,26.0603656768799,237.11962890625
"2018-05-30",52.2100296020508,88.5906066894531,56.9112930297852,26.8490238189697,240.283966064453
"2018-05-31",51.7036628723145,87.9818649291992,56.729736328125,26.6457271575928,238.812072753906
"2018-06-01",52.3941688537598,87.6633529663086,57.1417274475098,26.7719097137451,241.156539916992
"2018-06-04",52.0949592590332,86.5379180908203,56.541187286377,26.5405731201172,242.302398681641
"2018-06-05",51.8340873718262,86.8706130981445,56.3386611938477,26.4774780273438,242.478668212891
"2018-06-06",52.0796203613281,87.3307037353516,57.3023262023926,26.6036624908447,244.505966186523
"2018-06-07",53.3071746826172,89.8646850585938,57.8749313354492,27.006742477417,244.479522705078
"2018-06-08",53.2688064575195,89.4966201782227,58.3777084350586,26.9541702270508,245.202285766602
"2018-06-11",54.082088470459,90.2893753051758,58.0285568237305,27.0943775177002,245.528411865234
"2018-06-12",53.2688064575195,89.9496154785156,57.5537185668945,26.8875713348389,245.845779418945
"2018-06-13",53.4145889282227,89.9425506591797,56.9182662963867,26.7859287261963,245.061187744141
"2018-06-14",52.271411895752,89.5461578369141,57.1836204528809,26.7473773956299,245.678253173828
"2018-06-15",50.1461944580078,87.7978744506836,56.3247108459473,26.1728820800781,245.364791870117
"2018-06-18",51.0975570678711,89.1639404296875,56.4364395141602,26.4340171813965,244.860153198242
"2018-06-19",50.8366928100586,88.8595809936523,56.3526496887207,26.3740215301514,243.921600341797
"2018-06-20",51.7650451660156,88.6826171875,56.1780624389648,26.4904747009277,244.337707519531
"2018-06-21",49.9543838500977,86.7714996337891,55.6473693847656,25.999979019165,242.806091308594
"2018-06-22",52.0028915405273,88.5481643676758,56.8274765014648,26.518705368042,243.248718261719
"2018-06-25",50.7446365356445,86.7856750488281,55.6822853088379,25.9858589172363,239.937408447266
"2018-06-26",51.6652946472168,87.8827896118164,56.3107643127441,26.3140354156494,240.468704223633
"2018-06-27",52.7394256591797,89.185173034668,57.0579299926758,26.6669120788574,238.476638793945
"2018-06-28",52.4862403869629,88.9445266723633,57.2394905090332,26.6316261291504,239.840072631836
"2018-06-29",53.4145889282227,89.4895248413086,57.7701950073242,26.797477722168,240.185363769531
"2018-07-02",52.624340057373,87.9464950561523,57.092830657959,26.4022521972656,240.698928833008
"2018-07-03",53.3685493469238,88.2862548828125,57.4280128479004,26.5681056976318,239.848907470703
"2018-07-05",52.8851928710938,87.7553939819336,57.4769020080566,26.5398788452148,241.805572509766
"2018-07-06",53.4375877380371,87.8686447143555,57.4908752441406,26.7021980285645,243.850875854492
"2018-07-09",54.4733619689941,89.178092956543,57.8889045715332,27.1009521484375,246.046600341797
"2018-07-10",55.0411224365234,90.3105926513672,58.4196166992188,27.302095413208,246.932037353516
"2018-07-11",53.7444915771484,87.4297790527344,57.672420501709,26.7233772277832,245.125778198242
"2018-07-12",54.8186149597168,87.9535903930664,57.7422561645508,26.7692432403564,247.348083496094
"2018-07-13",55.2405967712402,87.7978744506836,58.1752014160156,26.9103984832764,247.54280090332
"2018-07-16",54.1511459350586,87.0475540161133,57.6025924682617,26.5998611450195,247.321441650391
"2018-07-17",53.9209632873535,86.2902221679688,57.4769020080566,26.4939994812012,248.321960449219
"2018-07-18",53.974666595459,86.021240234375,57.4140472412109,26.5116443634033,248.844314575195
"2018-07-19",53.4683036804199,86.1203308105469,57.2674331665039,26.518705368042,247.905883789062
"2018-07-20",53.9343719482422,86.5450057983398,56.8414611816406,26.4269580841064,247.622543334961
"2018-07-23",53.9112701416016,85.8796539306641,56.8414611816406,26.310510635376,248.082962036133
"2018-07-24",54.5814933776855,87.6633529663086,57.9657173156738,26.6422100067139,249.331298828125
"2018-07-25",55.0899505615234,88.4065704345703,58.3707046508789,26.86452293396,251.456176757812
"2018-07-26",55.313362121582,87.7341537475586,58.8246307373047,27.1574096679688,250.862915039062
"2018-07-27",55.0437202453613,89.1639404296875,57.2045783996582,27.0409641265869,249.163101196289
"2018-07-30",55.6754531860352,90.4804916381836,57.0788764953613,27.263277053833,247.861618041992
"2018-07-31",55.5984077453613,89.3762893676758,56.9182662963867,27.2138710021973,249.083435058594
"2018-08-01",55.3210639953613,88.7534255981445,56.1361694335938,26.8362922668457,248.667297363281
"2018-08-02",55.128475189209,87.5996551513672,55.8009986877441,26.6880893707275,250.022003173828
"2018-08-03",54.9204750061035,87.8049392700195,56.0035095214844,26.550464630127,251.093246459961
"2018-08-06",55.2594528198242,87.9818649291992,55.9895210266113,26.6492710113525,252.01399230957
"2018-08-07",56.160774230957,88.6047744750977,56.7506866455078,26.8468818664551,252.846298217773
"2018-08-08",54.9975051879883,87.6846008300781,56.3735961914062,26.6527976989746,252.740097045898
"2018-08-09",55.2748527526855,86.7290344238281,56.0872955322266,26.4057846069336,252.394622802734
"2018-08-10",55.4212303161621,87.3023910522461,56.0308494567871,26.5681056976318,250.703720092773
"2018-08-13",54.7509803771973,86.6653366088867,55.4241333007812,26.2293472290039,249.765106201172
"2018-08-14",55.5829963684082,86.7644348144531,55.2477416992188,26.2928619384766,251.35888671875
"2018-08-15",52.2472381591797,83.4801559448242,54.2812194824219,25.3753871917725,249.481826782227
"2018-08-16",53.4721603393555,84.0804214477539,55.0290412902832,25.5588798522949,251.50048828125
"2018-08-17",53.7494964599609,84.1804733276367,55.2124633789062,25.6223983764648,252.385864257812
"2018-08-20",54.327278137207,84.1447296142578,55.6004981994629,25.7953014373779,252.925994873047
"2018-08-21",54.6123046875,84.2805099487305,55.6146049499512,25.9258766174316,253.519119262695
"2018-08-22",55.4674339294434,84.9808120727539,56.4118118286133,26.2364025115967,253.368713378906
"2018-08-23",55.5059585571289,84.3948516845703,55.7909851074219,26.1128978729248,253.032287597656
"2018-08-24",55.9373664855957,85.0451431274414,56.1719551086426,26.3034572601318,254.555038452148
"2018-08-27",56.1145362854004,86.0027084350586,56.722240447998,26.4975280761719,256.564849853516
"2018-08-28",55.5059585571289,85.6525344848633,56.637565612793,26.3846054077148,256.688812255859
"2018-08-29",56.6538314819336,85.9098205566406,57.0467758178711,26.5469341278076,258.070068359375
"2018-08-30",56.6692276000977,85.6168212890625,56.7998390197754,26.4728355407715,257.025268554688
"2018-08-31",56.5690765380859,84.6521148681641,56.5599746704102,26.2681617736816,257.034118652344
"2018-09-04",56.3225631713867,84.9450988769531,56.644645690918,26.2117023468018,256.591339111328
"2018-09-05",56.2378196716309,84.9808120727539,57.3995246887207,26.176420211792,255.900772094727
"2018-09-06",54.3426742553711,82.3439254760742,56.7645721435547,25.6929740905762,255.130523681641
"2018-09-07",54.0961570739746,81.8937301635742,57.7311096191406,25.6894435882568,254.634750366211
"2018-09-10",54.8126182556152,81.807991027832,57.6464500427246,25.6788539886475,255.077407836914
"2018-09-11",55.0591430664062,82.1938629150391,58.457763671875,25.9223499298096,255.918533325195
"2018-09-12",55.4443054199219,82.7441024780273,58.6482543945312,26.0564365386963,255.980575561523
"2018-09-13",55.8911514282227,83.1085815429688,58.076789855957,26.0670280456543,257.494567871094
"2018-09-14",56.6230125427246,83.8803405761719,58.5001029968262,26.204647064209,257.538818359375
"2018-09-17",57.1930656433105,83.9732360839844,58.8458061218262,26.2469863891602,256.175445556641
"2018-09-18",57.8093795776367,84.4162826538086,59.0010185241699,26.4198989868164,257.565338134766
"2018-09-19",58.1868858337402,85.4024353027344,59.7064895629883,26.5010585784912,257.83984375
"2018-09-20",58.0559005737305,85.338134765625,59.8405532836914,26.5081176757812,259.929290771484
"2018-09-21",58.7646598815918,86.5601119995117,60.0874633789062,26.6832790374756,259.691802978516
"2018-09-24",59.3655548095703,87.6248626708984,61.0963554382324,27.0741157531738,258.829132080078
"2018-09-25",60.1744537353516,88.1608276367188,61.0257797241211,27.2482166290283,258.588989257812
"2018-09-26",59.5350570678711,87.1460723876953,60.5178184509277,26.9852828979492,257.815155029297
"2018-09-27",59.7199478149414,87.5176467895508,60.5107917785645,26.9852828979492,258.535552978516
"2018-09-28",59.6274871826172,87.3818893432617,59.9816474914551,26.9106788635254,258.562286376953
"2018-10-01",61.5457496643066,88.8897018432617,60.5389938354492,27.2837467193604,259.460632324219
"2018-10-02",60.3054313659668,89.1398239135742,60.9975662231445,27.3121776580811,259.309478759766
"2018-10-03",60.5288581848145,89.5471496582031,60.7788696289062,27.5324592590332,259.451690673828
"2018-10-04",60.3054313659668,89.2898941040039,60.3767318725586,27.418773651123,257.423828125
"2018-10-05",60.3901786804199,89.5614395141602,60.2074165344238,27.4152145385742,255.983093261719
"2018-10-08",60.3054313659668,89.2112808227539,60.7647552490234,27.3938941955566,255.983093261719
"2018-10-09",61.1682472229004,90.6262130737305,61.0328559875488,27.6390438079834,255.609558105469
"2018-10-10",57.8479232788086,87.6105651855469,59.6288986206055,26.7721099853516,247.516159057617
"2018-10-11",56.076042175293,84.6306686401367,57.56884765625,25.8660888671875,242.064254760742
"2018-10-12",57.116569519043,84.1590270996094,57.4136238098145,25.9371471405029,245.426071166992
"2018-10-15",56.6833190917969,83.5659027099609,57.0185432434082,25.7204074859619,244.047592163086
"2018-10-16",57.0933609008789,83.9732360839844,57.2866363525391,25.9335880279541,249.383850097656
"2018-10-17",56.0721893310547,83.8160171508789,57.4982948303223,25.770149230957,249.428298950195
"2018-10-18",56.1572685241699,83.9446487426758,57.7452049255371,25.6422462463379,245.826263427734
"2018-10-19",56.079906463623,84.4234313964844,57.8298797607422,25.4148578643799,245.692901611328
"2018-10-22",55.7395133972168,83.7588348388672,57.2513618469238,25.1341609954834,244.590118408203
"2018-10-23",53.5501708984375,81.0362167358398,56.3271484375,24.476842880249,243.344955444336
"2018-10-24",50.819278717041,78.7566223144531,54.7609481811523,23.5104198455811,235.971969604492
"2018-10-25",52.621826171875,79.7356262207031,55.2477416992188,23.7982234954834,240.205337524414
"2018-10-26",52.9776840209961,79.6999053955078,54.6974563598633,23.6205711364746,235.980773925781
"2018-10-29",52.1034812927246,77.8419036865234,54.3588180541992,23.1799926757812,234.673400878906
"2018-10-30",53.7822494506836,79.2139587402344,55.5793304443359,23.7165012359619,238.15087890625
"2018-10-31",54.0762405395508,79.78564453125,56.2142715454102,23.8621768951416,240.694534301758
"2018-11-01",53.8286666870117,79.4426345825195,56.912727355957,24.0647029876709,243.255996704102
"2018-11-02",52.4825592041016,81.9866104125977,57.8157653808594,24.0042934417725,241.815139770508
"2018-11-05",53.4031677246094,84.9951095581055,57.5970649719238,24.4057846069336,243.149337768555
"2018-11-06",53.7667770385742,84.9665222167969,57.8439788818359,24.5194873809814,244.687866210938
"2018-11-07",54.1767921447754,86.3743057250977,58.5777053833008,24.9209766387939,249.92643737793
"2018-11-08",51.7630920410156,85.2952575683594,57.6464500427246,24.380916595459,249.472747802734
"2018-11-09",51.6238555908203,85.4024353027344,57.6322021484375,24.3382720947266,247.035919189453
"2018-11-12",50.3937721252441,83.887451171875,56.8910369873047,23.8337516784668,242.419982910156
"2018-11-13",49.295238494873,82.4296875,55.5868911743164,23.2865810394287,241.966369628906
"2018-11-14",49.604679107666,82.694091796875,55.1521797180176,23.2475032806396,240.312103271484
"2018-11-15",50.447940826416,84.3898162841797,55.7222938537598,23.5885887145996,242.820190429688
"2018-11-16",51.1519241333008,85.9123687744141,56.2710380554199,23.8692836761475,243.451690673828
"2018-11-19",51.3994941711426,86.1721572875977,56.4563179016113,23.8621768951416,239.333801269531
"2018-11-20",49.5041084289551,83.7764892578125,54.8528327941895,23.0805034637451,234.904647827148
"2018-11-21",50.6568145751953,84.8372039794922,55.2733192443848,23.4429187774658,235.705078125
"2018-11-23",49.3571281433105,81.9725112915039,53.7981224060059,22.707447052002,234.130920410156
"2018-11-26",50.0533828735352,82.9682769775391,54.8599739074707,23.0485305786133,237.910797119141
"2018-11-27",50.5020904541016,83.1342544555664,54.909854888916,22.9845752716064,238.711196899414
"2018-11-28",51.3298645019531,85.2485122680664,55.9075889587402,23.3789672851562,244.207611083984
"2018-11-29",51.7321434020996,85.7608337402344,56.3423118591309,23.5317478179932,243.674026489258
"2018-11-30",51.1983528137207,85.8257751464844,56.6558570861816,23.489107131958,245.159240722656
"2018-12-03",53.4650688171387,87.0741271972656,57.8816261291504,24.0114040374756,248.405532836914
"2018-12-04",51.770824432373,84.5990829467773,56.6059837341309,23.3221206665039,240.356536865234
"2018-12-06",51.5310096740723,83.6393661499023,55.864818572998,22.8921966552734,239.991928100586
"2018-12-07",50.9894714355469,83.3363037109375,55.3303298950195,22.7642879486084,234.415512084961
"2018-12-10",50.4401931762695,82.9394454956055,54.5463943481445,22.4089832305908,234.860198974609
"2018-12-11",50.625862121582,83.3218765258789,54.6461753845215,22.4160919189453,234.913558959961
"2018-12-12",50.4943542480469,83.4301147460938,54.1758308410645,22.5049152374268,236.096435546875
"2018-12-13",51.1596603393555,83.6610412597656,54.8599739074707,22.5759754180908,236.016326904297
"2018-12-14",49.9373474121094,82.1384735107422,53.8622703552246,22.0607891082764,231.658401489258
"2018-12-17",48.8310585021973,81.1426696777344,52.7647857666016,21.6592903137207,227.11360168457
"2018-12-18",47.8949813842773,79.1871643066406,51.310977935791,21.1476573944092,226.864608764648
"2018-12-19",47.4076042175293,77.8089294433594,50.4415397644043,20.8989448547363,223.467147827148
"2018-12-20",46.417350769043,75.7523956298828,48.9093246459961,20.3197975158691,219.829528808594
"2018-12-21",46.262638092041,75.1967926025391,48.5458717346191,20.1225547790527,215.325347900391
"2018-12-24",44.1042289733887,72.8732681274414,46.6858520507812,19.3084697723389,209.635803222656
"2018-12-26",47.5777931213379,77.4914245605469,48.9164619445801,20.5098667144775,220.227615356445
"2018-12-27",48.1425323486328,78.8840866088867,49.130256652832,20.6174640655518,221.918411254883
"2018-12-28",47.7093086242676,78.400634765625,48.5815048217773,20.4596672058105,221.632125854492
"2018-12-31",48.2353706359863,78.5016632080078,48.595775604248,20.5672492980957,223.573379516602
"2019-01-02",49.0321998596191,79.872673034668,49.6647415161133,20.9724979400635,223.805953979492
"2019-01-03",48.1038589477539,78.3429107666016,48.9022064208984,20.7644939422607,218.465347290039
"2019-01-04",49.3184471130371,79.9664840698242,50.705207824707,21.4709911346436,225.782989501953
"2019-01-07",49.1018333435059,81.0055770874023,50.9688911437988,21.7901744842529,227.563171386719
"2019-01-08",49.7593955993652,80.6519927978516,51.3394775390625,21.9587249755859,229.701232910156
"2019-01-09",51.4072113037109,81.7343673706055,51.6102905273438,22.3065910339355,230.77473449707
"2019-01-10",52.5599250793457,81.8642807006836,51.3465995788574,22.3711471557617,231.588806152344
"2019-01-11",51.3608016967773,81.2076263427734,51.1114311218262,22.238452911377,231.67822265625
"2019-01-14",50.7573852539062,80.6158981323242,51.0472793579102,22.1846599578857,230.264831542969
"2019-01-15",51.0823097229004,80.904541015625,51.0757827758789,22.2635555267334,232.903854370117
"2019-01-16",50.796070098877,80.385009765625,51.0544090270996,22.2348651885986,233.467407226562
"2019-01-17",51.8791351318359,80.7890853881836,51.4036140441895,22.4392871856689,235.238677978516
"2019-01-18",52.528980255127,82.5281143188477,52.016487121582,22.8947448730469,238.369659423828
"2019-01-22",50.8656883239746,81.0632858276367,51.2325630187988,22.3962516784668,235.149215698242
"2019-01-23",50.9507865905762,80.377799987793,50.8121223449707,22.1667289733887,235.641265869141
"2019-01-24",51.1519241333008,81.9075469970703,50.8833847045898,22.2850761413574,235.766494750977
"2019-01-25",51.8249855041504,81.6982879638672,51.1114311218262,22.5683860778809,237.761413574219
"2019-01-28",50.5562286376953,80.9406051635742,50.7693481445312,22.342456817627,235.954391479492
"2019-01-29",50.5175628662109,80.6952896118164,50.9617729187012,22.4105987548828,235.641265869141
"2019-01-30",50.819278717041,81.5467910766602,51.5176429748535,22.7261829376221,239.371612548828
"2019-01-31",52.3665199279785,82.7301788330078,52.2231750488281,22.8732223510742,241.473892211914
"2019-02-01",53.1323928833008,85.4144897460938,54.104549407959,23.2713031768799,241.590179443359
"2019-02-04",54.0994300842285,86.4030609130859,53.3206443786621,23.3250961303711,243.289886474609
"2019-02-05",53.5811004638672,86.215461730957,53.8693885803223,23.3609600067139,244.309799194336
"2019-02-06",53.4650688171387,85.7824783325195,53.6342086791992,23.1888217926025,243.98762512207
"2019-02-07",52.2040672302246,85.3134765625,53.2208786010742,22.6759757995605,241.661773681641
"2019-02-08",51.492977142334,84.8444137573242,53.3073616027832,22.5719757080078,241.957015991211
"2019-02-11",51.8659973144531,84.3898162841797,53.3938102722168,22.6795635223389,242.091186523438
"2019-02-12",52.4177780151367,85.6670379638672,54.3305549621582,22.9664649963379,245.204345703125
"2019-02-13",52.6742172241211,86.2803802490234,54.9430274963379,23.2533740997314,246.000442504883
"2019-02-14",53.7000617980957,86.1200180053711,54.9574394226074,23.3358535766602,245.454895019531
"2019-02-15",54.5393524169922,86.9873657226562,55.9950408935547,23.7124099731445,248.129577636719
"2019-02-19",54.0031280517578,86.9581985473633,56.3697395324707,23.7841377258301,248.558959960938
"2019-02-20",54.9046020507812,87.6651840209961,56.5859146118164,23.8845500946045,249.059967041016
"2019-02-21",54.5859680175781,86.8343124389648,56.0743141174316,23.5151653289795,248.17431640625
"2019-02-22",54.376148223877,87.0165176391602,56.5066452026367,23.583309173584,249.712997436523
"2019-02-25",53.8166122436523,87.1841430664062,56.5643005371094,23.6227550506592,250.052932739258
"2019-02-26",53.5601577758789,87.4173889160156,56.6795883178711,23.5474433898926,249.873962402344
"2019-02-27",53.7933006286621,87.519416809082,57.263240814209,23.6370983123779,249.766677856445
"2019-02-28",52.728630065918,87.1550140380859,56.9461975097656,23.4004020690918,249.30143737793
"2019-03-01",53.5679206848145,88.9406585693359,57.645149230957,23.8307552337646,250.858062744141
"2019-03-04",54.3217735290527,89.0062561035156,57.8685302734375,23.8737926483154,249.945678710938
"2019-03-05",53.6301078796387,89.8590087890625,57.782054901123,23.7948951721191,249.605606079102
"2019-03-06",53.0705604553223,90.0339126586914,57.1263313293457,23.4936466217041,248.093765258789
"2019-03-07",52.8063278198242,88.8750686645508,57.7604484558105,23.3537864685059,246.018447875977
"2019-03-08",50.847957611084,88.641845703125,56.9317779541016,22.916259765625,245.526412963867
"2019-03-11",51.1898994445801,90.0995101928711,57.4866256713867,23.2748832702637,249.086761474609
"2019-03-12",51.0033798217773,90.303596496582,57.645149230957,23.4255065917969,250.026016235352
"2019-03-13",52.3400535583496,90.8647918701172,58.15673828125,23.662202835083,251.681076049805
"2019-03-14",52.0836067199707,90.8137893676758,57.9621887207031,23.6873073577881,251.520050048828
"2019-03-15",52.5265693664551,91.3312606811523,57.753231048584,23.6779136657715,252.762664794922
"2019-03-18",52.5421295166016,91.7467041015625,58.4233436584473,24.0068111419678,253.679229736328
"2019-03-19",52.3400535583496,91.3093795776367,58.2720375061035,23.9417572021484,253.742095947266
"2019-03-20",52.487720489502,90.8793716430664,58.5962944030762,24.1513938903809,252.97834777832
"2019-03-21",52.9539947509766,91.7321548461914,58.9349594116211,24.321268081665,255.83561706543
"2019-03-22",51.345329284668,89.7132415771484,57.9910202026367,23.6634502410889,250.91178894043
"2019-03-25",52.1224670410156,89.5674591064453,57.5874862670898,23.6742992401123,250.723114013672
"2019-03-26",53.2803916931152,90.4712219238281,58.3368873596191,24.0140514373779,252.592041015625
"2019-03-27",52.7752456665039,89.4945831298828,57.8901519775391,23.8441734313965,251.271102905273
"2019-03-28",52.3633651733398,89.6622314453125,58.1783714294434,23.9345321655273,252.223648071289
"2019-03-29",51.8659973144531,89.7788314819336,58.2215995788574,23.8983860015869,253.814025878906
"2019-04-01",52.6042938232422,91.0616149902344,58.8917045593262,24.2128372192383,256.823944091797
"2019-04-02",51.5629234313965,91.054313659668,58.6395149230957,24.0465793609619,256.949798583984
"2019-04-03",50.9101181030273,90.2963104248047,58.2936515808105,23.815258026123,257.354187011719
"2019-04-04",50.6381378173828,90.9595642089844,59.1223030090332,24.0140514373779,258.037048339844
"2019-04-05",51.3841857910156,92.1402740478516,59.439338684082,24.4369335174561,259.285949707031
"2019-04-08",51.7183456420898,92.3297729492188,59.8068428039551,24.5453624725342,259.483612060547
"2019-04-09",51.0577735900879,91.4989013671875,59.0358390808105,24.2453689575195,258.15380859375
"2019-04-10",52.0447463989258,91.4624481201172,58.7692260742188,24.3357276916504,259.034393310547
"2019-04-11",51.5784606933594,91.8268737792969,59.0502395629883,24.3537940979004,258.962463378906
"2019-04-12",52.3556060791016,87.2861938476562,58.3080711364746,24.4188594818115,260.714538574219
"2019-04-15",51.5551528930664,87.5631332397461,58.1135025024414,24.2742900848389,260.543884277344
"2019-04-16",51.1665725708008,88.3138427734375,58.5098266601562,24.4333152770996,260.714538574219
"2019-04-17",51.1199493408203,87.6579132080078,58.6755638122559,24.4007892608643,260.076629638672
"2019-04-18",51.2132110595703,87.3590621948242,58.4593811035156,24.2851257324219,260.588897705078
"2019-04-22",52.0369834899902,88.8458938598633,59.734790802002,24.7983722686768,260.813415527344
"2019-04-23",51.6406288146973,88.9333801269531,60.0806617736816,24.7586097717285,263.158538818359
"2019-04-24",50.2806510925293,86.2075042724609,58.9133338928223,24.3248901367188,262.574523925781
"2019-04-25",49.7133407592773,85.9305572509766,59.2447967529297,24.2489833831787,262.412841796875
"2019-04-26",48.7885551452637,85.3474731445312,57.9982223510742,23.9345321655273,263.634796142578
"2019-04-29",48.6875267028809,85.7993469238281,57.62353515625,23.9128475189209,264.048095703125
"2019-04-30",49.0527687072754,87.5048370361328,57.8468780517578,23.8947772979736,264.182861328125
"2019-05-01",48.7030601501465,85.8649291992188,56.6867942810059,23.4176750183105,262.197082519531
"2019-05-02",47.630615234375,84.8227005004883,55.6924171447754,23.0092468261719,261.631072998047
"2019-05-03",48.1901512145996,85.4713745117188,55.8221206665039,23.2224941253662,264.19189453125
"2019-05-06",48.0891304016113,86.2949600219727,55.5771217346191,23.2441806793213,263.104736328125
"2019-05-07",47.4052467346191,86.2002029418945,55.2816963195801,23.0417766571045,258.710906982422
"2019-05-08",47.7394180297852,85.6390151977539,55.3681640625,23.0417766571045,258.351501464844
"2019-05-09",47.8248977661133,88.3284301757812,55.3177146911621,23.0417766571045,257.569702148438
"2019-05-10",48.3598976135254,88.9115142822266,55.798755645752,23.1502075195312,258.863677978516
"2019-05-13",47.7897567749023,87.7817916870117,55.1792373657227,22.7526206970215,252.358383178711
"2019-05-14",48.672290802002,88.6564025878906,55.252124786377,23.0309371948242,254.640609741211
"2019-05-15",48.4536056518555,89.0208282470703,55.6602630615234,23.1502075195312,256.132141113281
"2019-05-16",48.8675384521484,88.9104156494141,55.6529808044434,23.2767086029053,258.504180908203
"2019-05-17",48.5004730224609,88.7043380737305,55.3250122070312,23.0417766571045,256.833038330078
"2019-05-20",48.7738227844238,88.9398651123047,55.3177261352539,23.0526161193848,255.134902954102
"2019-05-21",49.6876106262207,89.307861328125,55.572811126709,23.3200836181641,257.434906005859
"2019-05-22",49.2424278259277,88.7411422729492,55.0699157714844,22.9586429595947,256.644317626953
"2019-05-23",46.4698486328125,86.7539215087891,53.779899597168,22.1887817382812,253.508529663086
"2019-05-24",46.7666435241699,87.3721618652344,54.0058364868164,22.2719116210938,254.083465576172
"2019-05-28",46.8994140625,87.0777587890625,52.9198760986328,22.0405921936035,251.720413208008
"2019-05-29",46.9696960449219,85.9442901611328,52.591926574707,21.8996276855469,250.031219482422
"2019-05-30",46.0403137207031,84.9212493896484,52.453441619873,21.6213188171387,250.714111328125
"2019-05-31",46.0481224060059,83.7951431274414,51.5788459777832,21.2418060302734,247.33561706543
"2019-06-03",46.4073715209961,85.3702239990234,52.3878517150879,21.5128860473633,246.706695556641
"2019-06-04",46.1574554443359,86.3343887329102,53.6341323852539,21.8851642608643,252.06184387207
"2019-06-05",44.5798225402832,86.5920028686523,53.1895599365234,21.6430053710938,254.245315551758
"2019-06-06",45.4545402526855,88.8221054077148,54.1589012145996,22.0442028045654,255.898483276367
"2019-06-07",46.0481224060059,89.4109191894531,54.3556747436523,22.1454048156738,258.459381103516
"2019-06-10",46.2824172973633,90.0070877075195,54.59619140625,22.2104625701904,259.645324707031
"2019-06-11",45.8684768676758,89.182746887207,54.5451622009277,22.2538394927979,259.58251953125
"2019-06-12",45.7278938293457,88.4614486694336,53.9548187255859,21.9393825531006,259.124206542969
"2019-06-13",46.1262168884277,88.9913940429688,54.4285621643066,22.1960048675537,260.193420410156
"2019-06-14",45.9387741088867,88.9177856445312,54.1880340576172,22.0514297485352,259.906005859375
"2019-06-17",46.0871543884277,89.3446655273438,54.7273712158203,22.2357654571533,260.004730224609
"2019-06-18",46.7275924682617,90.478141784668,55.2011032104492,22.5429935455322,262.727233886719
"2019-06-19",46.5870094299316,90.4486770629883,54.8950157165527,22.5176868438721,263.3203125
"2019-06-20",47.4070701599121,91.4717559814453,55.8351821899414,23.0164737701416,265.836120605469
"2019-06-21",47.1180992126465,91.9501876831055,56.6223449707031,23.1827983856201,265.44970703125
"2019-06-24",47.2664756774902,91.9354476928711,56.0829849243164,22.9748954772949,265.124725341797
"2019-06-25",46.6807250976562,91.0007019042969,55.5873870849609,22.7925243377686,262.524383544922
"2019-06-26",49.008129119873,91.2141494750977,55.8279075622559,23.142671585083,262.262481689453
"2019-06-27",47.852237701416,90.6106262207031,55.2594184875488,22.9712448120117,263.192413330078
"2019-06-28",47.6413650512695,91.5895156860352,55.8497657775879,23.2375068664551,264.546844482422
"2019-07-01",48.6176147460938,91.8839263916016,55.798755645752,23.2593898773193,266.948486328125
"2019-07-02",46.9384613037109,90.478141784668,55.1865425109863,22.8873538970947,267.643768310547
"2019-07-03",47.250862121582,90.7872619628906,55.7112808227539,22.9785385131836,269.783538818359
"2019-07-05",46.7822570800781,90.927131652832,55.4853401184082,23.0113658905029,269.476593017578
"2019-07-08",46.7744522094727,90.9712753295898,55.7404327392578,23.0442008972168,267.995910644531
"2019-07-09",46.7744522094727,90.7872619628906,55.7040061950684,23.0624351501465,268.329986572266
"2019-07-10",47.8053817749023,92.3255233764648,56.4911308288574,23.3578701019287,269.612060546875
"2019-07-11",48.0006256103516,92.3181762695312,56.534854888916,23.4052886962891,270.244049072266
"2019-07-12",48.2349281311035,92.7229766845703,56.5785865783691,23.5037670135498,271.453918457031
"2019-07-15",47.3680076599121,92.5316162109375,56.177734375,23.2922134399414,271.544219970703
"2019-07-16",46.6651153564453,91.8250427246094,55.3395919799805,23.0442008972168,270.668395996094
"2019-07-17",46.6885299682617,91.3687286376953,55.0116157531738,22.7815818786621,268.826568603516
"2019-07-18",47.1102867126465,91.7661666870117,54.5451622009277,22.7852344512939,269.810607910156
"2019-07-19",47.357551574707,92.0311279296875,54.6544952392578,22.8910083770752,268.311798095703
"2019-07-22",47.4438934326172,92.229850769043,54.7128028869629,22.9967803955078,268.971038818359
"2019-07-23",47.3182983398438,92.6052017211914,54.9314460754395,23.0587825775146,270.894165039062
"2019-07-24",47.1613082885742,93.1351547241211,54.9241371154785,23.1572685241699,272.167236328125
"2019-07-25",46.3449211120605,92.4653625488281,54.6107521057129,22.8946514129639,270.867156982422
"2019-07-26",46.1172866821289,91.0595855712891,54.5233039855957,22.7779331207275,272.681823730469
"2019-07-29",45.6777076721191,91.4349670410156,54.9095878601074,22.6867542266846,272.185272216797
"2019-07-30",46.7138633728027,91.5159225463867,54.916877746582,22.9420680999756,271.517059326172
"2019-07-31",46.3763198852539,90.6106262207031,54.1953277587891,22.869119644165,268.546630859375
"2019-08-01",46.1565361022949,88.8662796020508,52.8105659484863,22.3511905670166,266.208221435547
"2019-08-02",44.3275451660156,88.8589096069336,52.2931022644043,22.0302200317383,264.203643798828
"2019-08-05",42.9224319458008,87.3942489624023,51.2217254638672,21.3736915588379,256.258361816406
"2019-08-06",42.569206237793,87.8652954101562,51.7173271179199,21.3481616973877,259.851776123047
"2019-08-07",41.8548698425293,87.6591949462891,51.3820648193359,21.1876754760742,260.005340576172
"2019-08-08",43.2285766601562,90.6989517211914,52.7522735595703,21.7967872619629,265.106628417969
"2019-08-09",42.3965034484863,90.1027679443359,51.6298751831055,21.5560665130615,263.300720214844
"2019-08-12",41.6978721618652,89.4624633789062,51.3789939880371,21.300745010376,260.095611572266
"2019-08-13",42.2866020202637,90.080696105957,52.0135841369629,21.4976978302002,264.140502929688
"2019-08-14",40.6460075378418,86.6582412719727,49.9179801940918,20.655158996582,256.33056640625
"2019-08-15",39.9630737304688,86.0767593383789,49.6228179931641,20.527494430542,257.007720947266
"2019-08-16",40.4026870727539,86.1139526367188,50.3976058959961,20.7974033355713,260.7998046875
"2019-08-19",42.341552734375,87.2293243408203,51.2461624145508,21.2569713592529,263.941925048828
"2019-08-20",41.3760299682617,86.3519058227539,50.9362564086914,21.078254699707,261.919372558594
"2019-08-21",41.3132362365723,87.6531677246094,51.4453964233398,21.2132110595703,264.050201416016
"2019-08-22",41.0228004455566,87.541633605957,51.3347053527832,21.1183738708496,263.968963623047
"2019-08-23",39.578441619873,85.6455078125,49.799919128418,20.4107780456543,257.188262939453
"2019-08-26",40.3241767883301,86.0619049072266,50.0655517578125,20.4983139038086,260.032470703125
"2019-08-27",40.0180320739746,86.1288223266602,49.5785522460938,20.3706588745117,259.012115478516
"2019-08-28",40.7794723510742,86.8724212646484,49.9401054382324,20.6624507904053,260.835968017578
"2019-08-29",41.0463523864746,87.3854904174805,50.4935302734375,20.9651775360107,264.167694091797
"2019-08-30",40.9599990844727,87.5341949462891,50.5304298400879,20.9651775360107,264.050201416016
"2019-09-03",40.8501052856445,86.4559936523438,50.589469909668,20.86305809021,262.506256103516
"2019-09-04",41.8391799926758,87.184700012207,51.1281089782715,21.1548461914062,265.485809326172
"2019-09-05",41.9490737915039,87.4747085571289,51.8512382507324,21.4174556732178,268.898742675781
"2019-09-06",42.0982093811035,87.9357147216797,52.338249206543,21.5305309295654,269.106384277344
"2019-09-09",43.1500816345215,88.7759704589844,52.7514610290527,21.9609184265137,269.241790771484
"2019-09-10",44.2098045349121,90.6051788330078,53.1794319152832,22.2198848724365,269.1787109375
"2019-09-11",44.900577545166,90.1813430786133,53.076114654541,22.2417736053467,271.0927734375
"2019-09-12",44.2333488464355,90.2854461669922,53.1130142211914,22.1031684875488,272.031829833984
"2019-09-13",45.0104751586914,90.3449325561523,53.6000289916992,22.2782440185547,271.851165771484
"2019-09-16",49.0844879150391,92.2931060791016,54.4043312072754,23.0259552001953,271.011566162109
"2019-09-17",48.0561714172363,92.1220855712891,53.9911041259766,22.7049865722656,271.697723388672
"2019-09-18",47.1063613891602,92.3377151489258,53.732837677002,22.5955677032471,271.860168457031
"2019-09-19",47.0749588012695,91.9510498046875,53.371280670166,22.5372085571289,271.842224121094
"2019-09-20",47.7421798706055,92.4418258666992,53.1868133544922,22.5556106567383,270.557800292969
"2019-09-23",47.2397994995117,92.8731002807617,53.2237091064453,22.5629692077637,270.494262695312
"2019-09-24",46.5490264892578,92.0105438232422,52.4932098388672,22.205940246582,268.371673583984
"2019-09-25",46.6903076171875,91.8395080566406,52.6481552124023,22.2427463531494,269.959197998047
"2019-09-26",45.2773704528809,89.3485336303711,52.3677635192871,21.9519691467285,269.396759033203
"2019-09-27",45.450065612793,88.1885604858398,52.744083404541,21.9482841491699,267.945434570312
"2019-09-30",44.7278861999512,88.1885604858398,52.102123260498,21.790018081665,269.188018798828
"2019-10-01",43.291374206543,86.2626724243164,50.8772354125977,21.285758972168,265.986145019531
"2019-10-02",41.6586265563965,83.4965362548828,49.5490455627441,20.7630920410156,261.287658691406
"2019-10-03",42.1217727661133,84.1360397338867,50.1614875793457,20.9876117706299,263.428283691406
"2019-10-04",41.9961700439453,84.6565399169922,50.8919792175293,21.1201133728027,266.992980957031
"2019-10-07",42.8596458435059,84.2178115844727,50.190990447998,20.9324016571045,265.841033935547
"2019-10-08",42.3101501464844,83.0652847290039,49.2169876098633,20.5753707885742,261.713989257812
"2019-10-09",43.1265258789062,84.1285934448242,49.7630233764648,20.7630920410156,264.199371337891
"2019-10-10",43.8643989562988,85.206787109375,50.3607177734375,21.0244178771973,265.986145019531
"2019-10-11",44.296142578125,86.3667831420898,50.8993721008301,21.3078384399414,268.743682861328
"2019-10-14",44.0606536865234,86.3890914916992,51.046947479248,21.2968006134033,268.444274902344
"2019-10-15",43.919361114502,86.4857635498047,51.2240371704102,21.3851318359375,271.102081298828
"2019-10-16",43.1917152404785,85.5934448242188,50.3459434509277,21.0869960784912,270.666534423828
"2019-10-17",43.1284484863281,85.7719039916992,50.2795486450195,21.1017189025879,271.464874267578
"2019-10-18",42.6697235107422,85.3183288574219,49.8884773254395,20.9912910461426,270.276580810547
"2019-10-21",44.2594528198242,86.7088317871094,50.7222747802734,21.3667278289795,272.108856201172
"2019-10-22",44.7181816101074,87.5936889648438,50.9805374145508,21.642786026001,271.219940185547
"2019-10-23",44.4888114929199,87.7275390625,51.4675369262695,21.8231430053711,272.009063720703
"2019-10-24",44.4176292419434,87.4300918579102,50.9805374145508,21.731128692627,272.453430175781
"2019-10-25",44.5679054260254,88.2406005859375,51.0985946655273,21.9077987670898,273.569244384766
"2019-10-28",44.0379905700684,88.0993041992188,50.6484832763672,21.7826557159424,275.111236572266
"2019-10-29",45.1531829833984,87.8390502929688,50.5009155273438,21.8709945678711,275.029571533203
"2019-10-30",43.5317993164062,86.5229110717773,49.9696388244629,21.4256229400635,275.873199462891
"2019-10-31",43.6583595275879,86.3593292236328,49.8589515686035,21.3336009979248,275.138488769531
"2019-11-01",45.2006416320801,86.4113845825195,51.3568534851074,21.8194637298584,277.687316894531
"2019-11-04",45.8729133605957,90.39697265625,52.8842735290527,22.5298461914062,278.803009033203
"2019-11-05",46.2762718200684,90.6720962524414,53.9320831298828,22.5592918395996,278.494598388672
"2019-11-06",45.5802726745605,89.1552047729492,52.7514610290527,22.0992031097412,278.558074951172
"2019-11-07",47.0909233093262,90.6349105834961,53.873046875,22.4304637908936,279.53759765625
"2019-11-08",46.7903709411621,89.9210739135742,52.8499450683594,22.338451385498,280.22705078125
"2019-11-11",46.5926399230957,89.8318481445312,52.5288276672363,22.2133026123047,279.691833496094
"2019-11-12",46.0548210144043,89.9434051513672,51.8044548034668,22.0992031097412,280.281494140625
"2019-11-13",45.5249137878418,90.9249038696289,51.378791809082,22.0034999847412,280.372253417969
"2019-11-14",45.2797241210938,90.6869735717773,51.1547470092773,21.9446144104004,280.780395507812
"2019-11-15",46.0706443786621,90.58935546875,51.6700286865234,22.1139221191406,282.812133789062
"2019-11-18",44.8447303771973,89.0199584960938,51.1696815490723,21.8452281951904,283.020751953125
"2019-11-19",45.2164611816406,87.4430236816406,50.6469421386719,21.5213184356689,282.939208984375
"2019-11-20",46.948558807373,88.1113510131836,50.8037605285645,21.7384853363037,281.886962890625
"2019-11-21",47.6208267211914,89.185173034668,52.0284729003906,22.095516204834,281.433441162109
"2019-11-22",47.3756408691406,89.0800170898438,51.8044548034668,22.0219039916992,282.059265136719
"2019-11-25",48.2851791381836,88.8923110961914,51.4609336853027,22.0439872741699,284.245239257812
"2019-11-26",47.5417327880859,88.4492874145508,51.333984375,21.8415489196777,284.889343261719
"2019-11-27",47.7236518859863,88.6595230102539,51.3041038513184,21.8967571258545,286.159210205078
"2019-11-29",47.4072799682617,87.9536743164062,50.8784370422363,21.6759147644043,285.097900390625
"2019-12-02",47.747371673584,87.7058944702148,51.0950050354004,21.6759147644043,282.676116943359
"2019-12-03",46.5768127441406,87.0225448608398,50.6917381286621,21.3520088195801,280.780395507812
"2019-12-04",47.953010559082,87.8109970092773,51.266773223877,21.6722316741943,282.512969970703
"2019-12-05",47.328182220459,87.3529434204102,51.0875396728516,21.5691699981689,283.020751953125
"2019-12-06",49.0128402709961,88.6144638061523,51.909008026123,21.9814147949219,285.60595703125
"2019-12-09",48.9021072387695,88.0813217163086,52.0210266113281,21.9556503295898,284.707946777344
"2019-12-10",48.8467445373535,88.5243453979492,51.5729446411133,21.9998149871826,284.390441894531
"2019-12-11",48.7834625244141,87.2778549194336,51.4982719421387,21.9630126953125,285.197692871094
"2019-12-12",49.5031967163086,89.2151718139648,52.5288276672363,22.3678970336914,287.655792236328
"2019-12-13",49.5901985168457,88.5769348144531,51.6999092102051,22.1985855102539,287.828155517578
"2019-12-16",49.6851043701172,89.6281967163086,52.2749328613281,22.4967193603516,289.805572509766
"2019-12-17",50.2387390136719,89.0574951171875,52.0359573364258,22.5114459991455,289.869079589844
"2019-12-18",49.9856719970703,89.0199584960938,52.1778373718262,22.5960998535156,289.887268066406
"2019-12-19",49.9777450561523,88.7045745849609,51.8193969726562,22.5887393951416,291.075500488281
"2019-12-20",50.3969268798828,89.8684921264648,52.2301292419434,22.805419921875,292.351501464844
"2019-12-23",51.0929374694824,90.3565826416016,52.4915008544922,23.0395679473877,292.798278808594
"2019-12-24",51.1483039855957,90.3640747070312,52.2898635864258,23.0284214019775,292.807312011719
"2019-12-26",51.4092903137207,90.5593338012695,52.3720054626465,23.0209827423096,294.366088867188
"2019-12-27",51.3934860229492,90.3340530395508,52.1927719116211,22.9243488311768,294.293121337891
"2019-12-30",51.1008453369141,89.9961242675781,51.8866004943848,22.8520050048828,292.670715332031
"2019-12-31",51.4330215454102,90.4917449951172,52.1106300354004,22.98215675354,293.381561279297
"2020-01-02",51.7731170654297,91.1825790405273,52.9470291137695,23.1888523101807,296.125366210938
"2020-01-03",51.9629287719727,90.8671875,52.5213584899902,23.1199550628662,293.882965087891
"2020-01-06",52.5798454284668,90.5593338012695,52.9246253967285,23.2998580932617,295.004241943359
"2020-01-07",52.5798454284668,89.4029159545898,52.4915008544922,23.2386112213135,294.174652099609
"2020-01-08",51.3618507385254,88.3816833496094,51.6999092102051,22.8558349609375,295.742401123047
"2020-01-09",52.2555732727051,88.2390289306641,52.0956993103027,23.0242519378662,297.747772216797
"2020-01-10",51.7414779663086,87.435546875,51.6326866149902,22.8941116333008,296.891021728516
"2020-01-13",51.5121116638184,87.6007537841797,52.125560760498,22.9017677307129,298.932800292969
"2020-01-14",51.5200233459473,87.3303985595703,51.677490234375,22.9055976867676,298.477081298828
"2020-01-15",51.4092903137207,87.202751159668,51.5953559875488,22.737174987793,299.151641845703
"2020-01-16",51.4646606445312,87.7734680175781,51.3937225341797,22.775447845459,301.639984130859
"2020-01-17",51.4646606445312,86.789794921875,51.1995620727539,22.6299953460693,302.578887939453
"2020-01-21",50.6421127319336,85.0852127075195,50.4677047729492,22.2242488861084,301.986419677734
"2020-01-22",49.835391998291,84.7773361206055,50.1764602661133,22.0098876953125,302.022888183594
"2020-01-23",49.9381942749023,84.9275131225586,49.8628082275391,21.9256801605225,302.369293212891
"2020-01-24",49.5269165039062,83.988883972168,49.5267562866211,21.6730442047119,299.680206298828
"2020-01-27",48.2772827148438,82.8925628662109,48.3468399047852,21.0720767974854,294.876525878906
"2020-01-28",48.3880157470703,83.4407196044922,48.2796287536621,21.1677684783936,297.966644287109
"2020-01-29",47.8422927856445,82.8775329589844,47.8763580322266,20.9457588195801,297.720489501953
"2020-01-30",48.158634185791,83.6509857177734,48.3841705322266,21.1141834259033,298.686676025391
"2020-01-31",47.0039253234863,80.4521255493164,46.3902626037598,20.4557971954346,293.263092041016
"2020-02-03",46.8061828613281,79.8063354492188,45.3522300720215,20.1878490447998,295.441619873047
"2020-02-04",44.6786422729492,80.2343368530273,44.7846794128418,20.2605838775635,299.944549560547
"2020-02-05",46.4898147583008,82.809944152832,46.8458061218262,21.0223159790039,303.408325195312
"2020-02-06",46.1971817016602,82.2167434692383,46.2110366821289,20.807954788208,304.429290771484
"2020-02-07",45.8649978637695,81.8037643432617,45.904857635498,20.6625003814697,302.806732177734
"2020-02-10",45.7700958251953,82.442024230957,45.4200553894043,20.5591487884521,305.067291259766
"2020-02-11",46.4344635009766,83.5083084106445,45.8518371582031,20.788818359375,305.596038818359
"2020-02-12",47.2649154663086,84.1315612792969,46.4123764038086,21.0682506561279,307.564910888672
"2020-02-13",46.8507308959961,83.8462295532227,46.1548309326172,21.0031719207764,307.236755371094
"2020-02-14",46.6914367675781,83.6259155273438,45.9427223205566,20.8921680450439,307.729034423828
"2020-02-18",46.4365501403809,83.747444152832,45.3594551086426,20.7199153900146,306.935943603516
"2020-02-19",47.2011947631836,84.127311706543,45.7078971862793,20.9955196380615,308.403503417969
"2020-02-20",46.8985328674316,83.4207763671875,45.3443069458008,20.9725551605225,307.136413574219
"2020-02-21",46.5480575561523,82.8130493164062,44.7913208007812,20.7237415313721,303.973449707031
"2020-02-24",44.9072456359863,79.5464096069336,42.6930198669434,19.7667865753174,293.892028808594
"2020-02-25",42.8761520385742,76.5076751708984,41.0568161010742,18.8940544128418,284.986541748047
"2020-02-26",40.7574310302734,74.4793167114258,40.1553802490234,18.3237113952637,283.938232421875
"2020-02-27",37.5395393371582,71.5089645385742,37.738941192627,17.3437900543213,271.186096191406
"2020-02-28",38.5670204162598,70.908805847168,38.9660949707031,17.3284816741943,270.046813964844
"2020-03-02",39.2122001647949,73.3777770996094,40.8144187927246,18.0289688110352,281.741516113281
"2020-03-03",38.3280715942383,71.7064819335938,38.8600425720215,17.4777660369873,273.674499511719
"2020-03-04",39.3715019226074,74.8515548706055,39.7084503173828,17.8911685943604,285.177978515625
"2020-03-05",37.993537902832,73.8335800170898,37.9586143493652,17.2366142272949,275.698120117188
"2020-03-06",36.1058082580566,72.4129867553711,36.1254501342773,16.2681770324707,271.140533447266
"2020-03-09",27.1371002197266,61.2836265563965,31.7091999053955,12.9915742874146,249.966033935547
"2020-03-10",27.7822780609131,64.5578460693359,32.8833312988281,13.607855796814,262.900421142578
"2020-03-11",25.9343719482422,63.0764770507812,31.8000965118408,12.888222694397,250.084457397461
"2020-03-12",22.4615879058838,57.9334373474121,28.1640682220459,11.2805433273315,226.157104492188
"2020-03-13",24.9944915771484,63.3727340698242,28.8761177062988,12.3217067718506,245.490432739258
"2020-03-16",20.772985458374,52.9498977661133,26.1263751983643,10.6451320648193,218.627868652344
"2020-03-17",20.9083957672119,53.7019882202148,27.8837890625,10.7178592681885,230.432113647461
"2020-03-18",18.0568885803223,41.8205451965332,25.0885887145996,9.17908096313477,218.764694213867
"2020-03-19",20.3826923370361,43.598201751709,26.0809268951416,9.80301284790039,219.229507446289
"2020-03-20",21.3783321380615,45.1175727844238,24.8007431030273,9.89870834350586,209.781997680664
"2020-03-23",19.5543193817139,41.1900024414062,23.823558807373,9.22402667999268,204.418212890625
"2020-03-24",24.4847316741943,50.5569152832031,26.8460063934326,10.7033157348633,222.939208984375
"2020-03-25",24.6440315246582,52.6232376098633,28.2473945617676,11.2081508636475,226.276657104492
"2020-03-26",25.5600090026855,58.0245742797852,29.4063739776611,11.8930072784424,239.488906860352
"2020-03-27",23.2979221343994,52.2509994506836,27.9898338317871,11.0868349075317,232.355606079102
"2020-03-30",23.3297843933105,54.6591873168945,28.4064693450928,11.20032787323,239.901504516602
"2020-03-31",24.5325145721436,55.0466156005859,28.7624950408936,11.3725166320801,236.325668334961
"2020-04-01",23.5926380157471,52.083869934082,28.4291973114014,10.8089790344238,225.689834594727
"2020-04-02",26.9698390960693,57.8270797729492,30.6032390594482,11.7990846633911,230.897735595703
"2020-04-03",26.2131519317627,57.0597877502441,29.7017974853516,11.6738519668579,227.560272216797
"2020-04-06",26.1255321502686,61.0709190368652,30.656270980835,12.292181968689,242.844696044922
"2020-04-07",26.4998950958252,61.4735565185547,31.2395496368408,12.5543823242188,243.092224121094
"2020-04-08",28.4194793701172,65.3175506591797,33.2166328430176,13.3918657302856,251.252426147461
"2020-04-09",27.6627979278564,64.0488739013672,32.6712188720703,13.2705459594727,255.075805664062
"2020-04-13",27.3203010559082,64.5046768188477,32.3909606933594,13.2274961471558,252.746978759766
"2020-04-14",27.1450634002686,64.2767868041992,32.1409721374512,13.1648836135864,260.201202392578
"2020-04-15",25.6476268768311,62.6662406921387,30.6638450622559,12.546555519104,254.672393798828
"2020-04-16",24.7475738525391,60.767032623291,29.6563529968262,12.0104103088379,255.901000976562
"2020-04-17",28.0849571228027,66.2215728759766,32.7393951416016,13.2862005233765,262.814270019531
"2020-04-20",27.5353565216064,63.4866943359375,31.1940994262695,12.871374130249,258.184051513672
"2020-04-21",26.4361724853516,62.0205307006836,31.0274410247803,12.6443939208984,250.344665527344
"2020-04-22",27.861930847168,64.1476669311523,31.9137229919434,13.0944395065308,255.901000976562
"2020-04-23",28.8177375793457,65.9404830932617,32.9136238098145,13.5170936584473,255.882736206055
"2020-04-24",28.7460594177246,66.1000137329102,33.1257209777832,13.5484018325806,259.449340820312
"2020-04-27",29.5903491973877,68.1511611938477,33.2848091125488,13.8419122695923,263.190246582031
"2020-04-28",30.6497097015381,68.3031158447266,34.0650405883789,14.1589031219482,261.979919433594
"2020-04-29",33.6206970214844,71.8812026977539,35.9512214660645,15.2077131271362,268.838165283203
"2020-04-30",33.5330848693848,69.8908462524414,35.201301574707,14.8711519241333,266.335144042969
"2020-05-01",31.1754093170166,67.946044921875,32.6788063049316,14.0297565460205,259.284332275391
"2020-05-04",32.147144317627,69.4654159545898,33.9968643188477,14.5150270462036,259.999450683594
"2020-05-05",32.5931968688965,70.5669403076172,33.9589881896973,14.5267667770386,262.401702880859
"2020-05-06",32.2507019042969,68.4094543457031,33.3226852416992,14.1471605300903,260.622985839844
"2020-05-07",33.7879638671875,70.3770294189453,33.5120544433594,14.5150270462036,263.767944335938
"2020-05-08",34.656795501709,72.5269622802734,34.9816246032715,15.17640209198,268.132202148438
"2020-05-11",34.0051727294922,70.9316177368164,34.648307800293,14.9102878570557,268.187225341797
"2020-05-12",33.4500923156738,69.2071228027344,34.0691680908203,14.64808177948,262.841766357422
"2020-05-13",32.0905227661133,67.3838882446289,32.3780670166016,13.982795715332,258.193237304688
"2020-05-14",32.1227035522461,68.4094543457031,32.6637878417969,14.1393356323242,261.283142089844
"2020-05-15",32.8789024353027,67.7333450317383,32.4321212768555,14.084545135498,262.484191894531
"2020-05-18",35.075122833252,71.3408508300781,35.0112533569336,15.2351036071777,270.479431152344
"2020-05-19",34.326961517334,69.0823059082031,33.93017578125,14.8085355758667,267.701263427734
"2020-05-20",35.5175895690918,71.6877212524414,35.0344085693359,15.399471282959,272.248962402344
"2020-05-21",35.1716575622559,70.9477310180664,34.4089317321777,15.1529216766357,270.369476318359
"2020-05-22",34.8176879882812,69.5910568237305,34.439826965332,15.0589971542358,270.8828125
"2020-05-26",35.1314353942871,71.9189682006836,35.4513893127441,15.4777412414551,274.220336914062
"2020-05-27",35.9359169006348,72.381477355957,35.7062187194824,15.6773242950439,278.300445556641
"2020-05-28",34.6004753112793,70.0458297729492,34.779598236084,15.2390155792236,277.786956787109
"2020-05-29",33.9327659606934,70.6856307983398,35.1116409301758,15.1685743331909,279.024719238281
"2020-06-01",34.906177520752,71.5258560180664,35.7371101379395,15.4346885681152,280.152496337891
"2020-06-02",35.5578193664551,72.9904251098633,36.532470703125,15.865177154541,282.47216796875
"2020-06-03",36.2979278564453,74.9098129272461,38.0228004455566,16.3308734893799,286.231384277344
"2020-06-04",35.9680976867676,74.2160797119141,37.9146957397461,16.3347835540771,285.479522705078
"2020-06-05",39.0894584655762,77.7079391479492,40.9880218505859,17.5479526519775,292.796234130859
"2020-06-08",40.4731521606445,79.5810775756836,42.2698669433594,18.3384742736816,296.335418701172
"2020-06-09",39.1216354370117,78.2629547119141,41.3277816772461,17.6497039794922,294.125732421875
"2020-06-10",36.933464050293,75.2181549072266,39.1115951538086,16.7809200286865,292.484527587891
"2020-06-11",33.8844985961914,68.8895874023438,35.6598854064941,15.1998796463013,275.623046875
"2020-06-12",35.1797027587891,71.2175064086914,36.4243659973145,15.5834016799927,278.923828125
"2020-06-15",34.8740005493164,70.323356628418,36.4011917114258,15.6303615570068,281.527740478516
"2020-06-16",36.2898864746094,72.4816818237305,37.2197151184082,16.0804119110107,286.946594238281
"2020-06-17",35.4130020141602,70.5623092651367,36.0073738098145,15.5325260162354,285.754577636719
"2020-06-18",35.7589454650879,70.8706283569336,36.2313117980957,15.7242860794067,285.864654541016
"2020-06-19",35.1555824279785,69.86083984375,35.5054473876953,15.4855632781982,284.23095703125
"2020-06-22",35.0429458618164,70.6008529663086,35.84521484375,15.5573081970215,286.054351806641
"2020-06-23",35.2440643310547,70.4852142333984,36.0614242553711,15.5731611251831,287.371185302734
"2020-06-24",32.9754409790039,67.556037902832,34.362606048584,14.7090864181519,280.040740966797
"2020-06-25",33.8362350463867,68.7662658691406,34.8799705505371,14.9905042648315,283.042938232422
"2020-06-26",32.4605865478516,66.6464691162109,33.6830749511719,14.4712686538696,276.320281982422
"2020-06-29",33.2248268127441,67.5791625976562,34.2236099243164,14.6654863357544,280.381469726562
"2020-06-30",33.8040466308594,68.7816772460938,34.5324821472168,15.0023965835571,283.973083496094
"2020-07-01",32.7743186950684,67.5406341552734,33.752571105957,14.6377401351929,285.962219238281
"2020-07-02",33.610969543457,68.0725250244141,34.0382881164551,14.8002510070801,287.536987304688
"2020-07-06",33.4903106689453,68.2729110717773,34.2776679992676,14.8438529968262,291.975830078125
"2020-07-07",32.6938781738281,66.5308227539062,33.3896484375,14.3721771240234,288.964416503906
"2020-07-08",33.0156745910645,66.5616607666016,33.3124198913574,14.3602848052979,291.174591064453
"2020-07-09",30.8516330718994,63.7789459228516,31.9379215240479,13.6507911682129,289.516998291016
"2020-07-10",31.9296207427979,65.6983337402344,32.9340591430664,14.0867948532104,292.47314453125
"2020-07-13",31.9054985046387,65.8293685913086,32.9417762756348,14.0114879608154,289.940612792969
"2020-07-14",33.2328720092773,68.1033325195312,34.0305595397949,14.5029764175415,293.697998046875
"2020-07-15",33.4822616577148,68.5195999145508,34.4629936218262,14.8161029815674,296.396209716797
"2020-07-16",33.4581260681152,68.1110610961914,34.1927223205566,14.7487258911133,295.420074462891
"2020-07-17",32.4747886657715,67.2091598510742,33.6058578491211,14.5426139831543,296.276519775391
"2020-07-20",31.962797164917,65.7291641235352,32.8182220458984,14.3008346557617,298.670837402344
"2020-07-21",33.8563385009766,70.4466781616211,34.4784240722656,15.1649055480957,299.306274414062
"2020-07-22",33.2305870056152,70.1768798828125,33.6753463745117,14.9786148071289,301.009979248047
"2020-07-23",32.8811149597168,70.1537628173828,33.7448577880859,14.9508676528931,297.418518066406
"2020-07-24",32.7348442077637,69.4754257202148,33.5363578796387,14.8676309585571,295.502960205078
"2020-07-27",32.3203811645508,70.1768798828125,34.0305595397949,14.8834867477417,297.657928466797
"2020-07-28",31.6620922088623,68.6891860961914,33.6290168762207,14.6298131942749,295.769958496094
"2020-07-29",32.4585227966309,69.4291763305664,33.9996757507324,14.9350147247314,299.407653808594
"2020-07-30",30.5893592834473,66.4999847412109,32.3317337036133,14.3483953475952,298.339385986328
"2020-07-31",30.3861885070801,64.7039413452148,32.493896484375,14.2810125350952,300.696868896484
"2020-08-03",29.8335704803467,65.3745727539062,32.6251678466797,14.332537651062,302.787414550781
"2020-08-04",30.5893592834473,66.6695861816406,33.5672454833984,14.6813411712646,303.956970214844
"2020-08-05",30.8981819152832,67.2168807983398,33.860668182373,14.8359203338623,305.844757080078
"2020-08-06",30.9225597381592,67.4249725341797,33.6985130310059,14.7170133590698,307.889221191406
"2020-08-07",31.1257438659668,66.9085464477539,33.5440788269043,14.736834526062,308.110229492188
"2020-08-10",32.2147216796875,69.1670989990234,34.3703308105469,15.1926555633545,309.031097412109
"2020-08-11",32.2716064453125,69.0823059082031,34.7255401611328,15.1411247253418,306.480194091797
"2020-08-12",33.8563385009766,69.9302139282227,34.7176628112793,15.2917423248291,310.753295898438
"2020-08-13",33.019287109375,69.2364654541016,33.867244720459,14.9944677352905,310.191467285156
"2020-08-14",33.1736946105957,69.6450119018555,34.0168495178223,15.1371593475342,310.20068359375
"2020-08-17",33.076171875,69.9687652587891,33.5758934020996,15.0499658584595,311.18603515625
"2020-08-18",32.7754821777344,68.5221557617188,33.4105377197266,14.8597059249878,311.858459472656
"2020-08-19",32.2228393554688,67.5525360107422,33.0404396057129,14.6892690658569,310.559906005859
"2020-08-20",31.5076904296875,66.3170700073242,32.5364875793457,14.3721771240234,311.526885986328
"2020-08-21",31.0119705200195,66.5281982421875,32.2923889160156,14.2810125350952,312.631988525391
"2020-08-24",31.5889663696289,68.185920715332,33.245174407959,14.673415184021,315.799957275391
"2020-08-25",31.5727005004883,67.3492202758789,32.1900253295898,14.467303276062,316.904968261719
"2020-08-26",30.5243434906006,66.2936096191406,31.504955291748,14.1621026992798,320.082153320312
"2020-08-27",31.0038204193115,66.3952560424805,31.2923603057861,14.1898498535156,320.782012939453
"2020-08-28",31.1907424926758,66.9582595825195,32.0404090881348,14.4435224533081,322.85400390625
"2020-08-31",30.792537689209,65.6289596557617,31.4498386383057,14.1303939819336,321.6845703125
"2020-09-01",30.199275970459,64.9642944335938,31.0482540130615,14.0352668762207,324.714416503906
"2020-09-02",29.5653858184814,65.0503158569336,30.8592662811279,13.9678859710693,329.410980224609
"2020-09-03",29.2484378814697,64.3387298583984,30.7962760925293,13.8648309707642,318.074554443359
"2020-09-04",29.1427822113037,64.065055847168,30.7726516723633,13.8212327957153,315.4775390625
"2020-09-08",27.6799564361572,61.7504920959473,30.0639667510986,13.3178472518921,306.857757568359
"2020-09-09",28.0050258636475,62.579345703125,29.8828582763672,13.4090118408203,312.917388916016
"2020-09-10",26.7534999847412,61.1092948913574,29.1347999572754,12.9175205230713,307.484069824219
"2020-09-11",26.9079093933105,60.7496147155762,29.056058883667,12.9294099807739,307.640594482422
"2020-09-14",27.2411079406738,60.4368133544922,28.8670825958252,13.0285005569458,311.692565917969
"2020-09-15",27.4686584472656,59.7017707824707,28.5599822998047,12.9333734512329,313.267395019531
"2020-09-16",28.5088958740234,61.4298858642578,29.7726135253906,13.4526109695435,312.024139404297
"2020-09-17",29.3297100067139,61.6097297668457,29.7647495269775,13.472430229187,309.27978515625
"2020-09-18",29.1509170532227,61.156192779541,29.2844085693359,13.3218107223511,305.719177246094
"2020-09-21",27.9237689971924,59.662670135498,28.6859703063965,12.8802461624146,302.316619873047
"2020-09-22",27.8750038146973,59.0605850219727,27.9772891998291,12.7472953796387,305.395538330078
"2020-09-23",26.7534999847412,56.2611885070801,27.0796241760254,12.1711702346802,298.313140869141
"2020-09-24",27.3061199188232,56.1439247131348,27.0244960784912,12.167140007019,299.108215332031
"2020-09-25",27.387393951416,56.1673736572266,27.2764739990234,12.1590824127197,303.943939208984
"2020-09-28",27.3955192565918,57.809455871582,27.804048538208,12.4451313018799,308.992279052734
"2020-09-29",26.3796634674072,56.2221145629883,26.9930038452148,12.1026782989502,307.309509277344
"2020-09-30",26.6884880065918,56.3002967834473,27.0323734283447,12.0664196014404,309.639495849609
"2020-10-01",26.3552856445312,55.0648155212402,26.0874652862549,11.6957654953003,311.627349853516
"2020-10-02",26.8753986358643,55.666919708252,25.9693489074707,11.8085737228394,308.668670654297
"2020-10-05",27.8587455749512,56.8476486206055,26.5677928924561,12.1631126403809,314.142303466797
"2020-10-06",27.0623168945312,56.5348892211914,26.2921943664551,11.9818124771118,309.676391601562
"2020-10-07",27.8993835449219,57.6921615600586,26.3788108825684,12.1510276794434,315.06689453125
"2020-10-08",28.8745994567871,58.818172454834,27.7646751403809,12.6062870025635,317.859222412109
"2020-10-09",28.5495262145996,57.8641929626465,27.3552169799805,12.4048433303833,320.697662353516
"2020-10-12",28.923360824585,58.2630004882812,27.2686004638672,12.4370746612549,325.856964111328
"2020-10-13",28.3463554382324,57.39501953125,26.9457588195801,12.2436876296997,323.730377197266
"2020-10-14",28.061918258667,57.0431518554688,26.8906364440918,12.2960634231567,321.696258544922
"2020-10-15",28.7689514160156,57.4810485839844,27.1268653869629,12.4451313018799,321.298645019531
"2020-10-16",27.7817497253418,56.9962387084961,26.8512630462646,12.1631126403809,321.1044921875
"2020-10-19",26.901481628418,55.7373008728027,26.3158111572266,11.9052667617798,316.222717285156
"2020-10-20",26.8027610778809,56.0500640869141,26.5362949371338,12.0462760925293,317.489349365234
"2020-10-21",25.2067604064941,55.4166984558105,26.1110820770264,11.8166303634644,316.888366699219
"2020-10-22",26.2515659332275,57.39501953125,27.4497146606445,12.3041219711304,318.626556396484
"2020-10-23",26.7698535919189,56.7460098266602,26.898509979248,12.2436876296997,319.708312988281
"2020-10-26",24.9435138702393,55.4714431762695,26.2606906890869,11.8045415878296,313.800170898438
"2020-10-27",24.8941535949707,54.3532447814941,25.843355178833,11.6514472961426,312.718353271484
"2020-10-28",23.6848220825195,52.2967262268066,24.8590755462646,11.1639566421509,302.029998779297
"2020-10-29",23.9892063140869,53.7980651855469,25.9614715576172,11.5064067840576,305.099731445312
"2020-10-30",23.5449657440186,54.3454284667969,25.6858730316162,11.5708713531494,301.919158935547
"2020-11-02",24.8694744110107,56.4176063537598,26.7646465301514,11.9656982421875,305.303161621094
"2020-11-03",24.1126136779785,56.096996307373,26.3079452514648,11.8972082138062,310.693450927734
"2020-11-04",24.9928722381592,56.1204566955566,26.1662006378174,11.9133224487305,317.637298583984
"2020-11-05",24.778980255127,56.4097747802734,26.1189575195312,11.9133224487305,323.832061767578
"2020-11-06",24.0138931274414,55.6356430053711,25.8118572235107,11.6554775238037,323.758117675781
"2020-11-09",27.4608993530273,62.0867195129395,29.0796909332275,13.3193922042847,327.826354980469
"2020-11-10",29.2296581268311,64.9564514160156,29.7248191833496,13.7504787445068,327.345550537109
"2020-11-11",29.0239810943604,64.4794845581055,29.4183807373047,13.6094722747803,329.777221679688
"2020-11-12",27.9791774749756,63.0797882080078,28.4103546142578,13.1703271865845,326.578155517578
"2020-11-13",29.0897960662842,64.9252090454102,29.0958099365234,13.6497592926025,331.099487304688
"2020-11-16",31.3274745941162,69.5621490478516,30.7731781005859,14.5481939315796,335.232421875
"2020-11-17",31.9609241485596,69.0622863769531,31.1844577789307,14.6972627639771,333.429504394531
"2020-11-18",32.2324142456055,66.8723297119141,30.0070762634277,14.2702026367188,329.416687011719
"2020-11-19",32.4709930419922,68.0228500366211,30.1602916717529,14.5038776397705,330.803558349609
"2020-11-20",32.6190757751465,68.0704498291016,29.7893390655518,14.4273309707642,328.538360595703
"2020-11-23",35.1364517211914,72.2281341552734,31.7408847808838,15.446629524231,330.507629394531
"2020-11-24",36.5350112915039,75.8701019287109,33.8537216186523,16.2403106689453,335.833435058594
"2020-11-25",35.8933143615723,73.10888671875,32.9102020263672,15.8615980148315,335.315612792969
"2020-11-27",35.1940536499023,72.4503173828125,32.4102172851562,15.6762742996216,336.249542236328
"2020-11-30",32.5450325012207,69.1733474731445,30.7489833831787,14.8100671768188,334.760864257812
"2020-12-01",32.3064575195312,69.387580871582,31.0473518371582,14.8785591125488,338.422271728516
"2020-12-02",32.8823165893555,71.307746887207,32.2086067199707,15.3620204925537,339.134307861328
"2020-12-03",33.894229888916,71.2522201538086,32.4263496398926,15.5231781005859,339.041778564453
"2020-12-04",36.4198303222656,74.0134353637695,33.6117858886719,16.369234085083,341.963562011719
"2020-12-07",35.2269439697266,72.0139236450195,32.982780456543,15.9864959716797,341.260833740234
"2020-12-08",35.1117744445801,72.6328277587891,34.0633811950684,16.2241973876953,342.259399414062
"2020-12-09",35.1282386779785,71.7600173950195,34.5149879455566,16.2604598999023,339.189697265625
"2020-12-10",36.1977043151855,74.0689849853516,35.4907569885254,16.7600345611572,339.078765869141
"2020-12-11",35.7699165344238,73.354866027832,35.3214073181152,16.5666522979736,338.681091308594
"2020-12-14",34.8156127929688,70.9665679931641,34.0472564697266,15.9864959716797,337.164886474609
"2020-12-15",35.2104873657227,70.9110107421875,34.7085342407227,16.3007431030273,341.723083496094
"2020-12-16",34.8156127929688,70.3714828491211,35.2407722473145,16.2201709747314,342.259399414062
"2020-12-17",34.5276794433594,70.1493148803711,35.0633544921875,16.1436195373535,344.173309326172
"2020-12-18",33.7132377624512,69.1812896728516,34.4585418701172,15.8736886978149,342.799011230469
"2020-12-21",33.1044540405273,68.3084945678711,33.829532623291,15.5674829483032,341.573364257812
"2020-12-22",32.1090126037598,66.9358139038086,33.256965637207,15.3061838150024,340.997680664062
"2020-12-23",32.9728126525879,67.9911117553711,33.6843719482422,15.6450548171997,341.304138183594
"2020-12-24",32.4874496459961,67.7054672241211,33.5472755432129,15.5633993148804,342.631896972656
"2020-12-28",32.3311309814453,67.3642730712891,33.6601791381836,15.4654150009155,345.575408935547
"2020-12-29",32.1419105529785,67.1341934204102,33.2811622619629,15.3633470535278,344.916137695312
"2020-12-30",32.9152374267578,67.7054672241211,33.5472755432129,15.6042289733887,345.408325195312
"2020-12-31",32.8987770080566,67.0072250366211,33.2408294677734,15.4735822677612,347.163208007812
"2021-01-04",32.5532608032227,67.2135238647461,33.4666328430176,15.4980735778809,342.436950683594
"2021-01-05",34.4207420349121,69.0305328369141,35.0794830322266,16.1921443939209,344.795440673828
"2021-01-06",35.7945976257324,71.2522201538086,35.9746208190918,16.686149597168,346.856781005859
"2021-01-07",36.7735900878906,71.5854415893555,36.2568588256836,16.9311122894287,352.010162353516
"2021-01-08",36.7735900878906,72.2678375244141,36.6600799560547,16.910701751709,354.015777587891
"2021-01-11",37.3165473937988,72.6804275512695,37.7729415893555,17.1760787963867,351.629516601562
"2021-01-12",39.0112533569336,74.0610275268555,38.6116256713867,17.7762413024902,351.703735351562
"2021-01-13",38.6904182434082,73.9896240234375,39.0470886230469,17.6374282836914,352.65087890625
"2021-01-14",39.381462097168,75.7669525146484,40.5712471008301,18.1600208282471,351.415893554688
"2021-01-15",37.1191024780273,73.069221496582,38.6196899414062,17.4537086486816,348.853118896484
"2021-01-19",37.8430633544922,74.989372253418,39.3857917785645,17.8048229217529,351.592346191406
"2021-01-20",37.3165473937988,75.6796722412109,39.9422225952148,17.8701457977295,356.457885742188
"2021-01-21",35.5313453674316,73.0057373046875,38.7971076965332,17.2659015655518,356.782897949219
"2021-01-22",35.1199989318848,72.783576965332,38.2487258911133,17.1760787963867,355.520111083984
"2021-01-25",35.0295104980469,72.1250152587891,37.8213348388672,17.0005226135254,356.922210693359
"2021-01-26",34.2890968322754,70.9030838012695,36.9907112121582,16.6371593475342,356.365112304688
"2021-01-27",33.4417533874512,69.9826812744141,36.5713806152344,16.4126148223877,347.655395507812
"2021-01-28",33.8201904296875,70.6333084106445,37.1439247131348,16.6044960021973,350.645233154297
"2021-01-29",32.931697845459,67.6023254394531,36.1601028442383,16.0533237457275,343.625518798828
"2021-02-01",33.4911041259766,68.5624084472656,36.2246055603027,16.1676425933838,349.345306396484
"2021-02-02",33.705005645752,69.0781478881836,36.7971611022949,16.3432025909424,354.285095214844
"2021-02-03",35.5477867126465,70.5857162475586,38.2406768798828,17.0413455963135,354.563720703125
"2021-02-04",36.2059326171875,70.6174621582031,38.9745292663574,17.2291564941406,358.593597412109
"2021-02-05",36.5432357788086,70.8237457275391,40.280933380127,17.3761367797852,360.004943847656
"2021-02-08",38.4847450256348,72.5851974487305,42.0147399902344,18.1028594970703,362.604888916016
"2021-02-09",38.5670166015625,72.1726226806641,41.5226707458496,17.9109745025635,362.363464355469
"2021-02-10",38.8714027404785,73.410400390625,41.9245262145996,18.253927230835,362.20556640625
"2021-02-11",38.555908203125,73.0136795043945,40.8747749328613,17.9722118377686,362.790557861328
"2021-02-12",39.1536865234375,73.434196472168,41.4324569702148,18.2375907897949,364.582702636719
"2021-02-16",40.5567855834961,74.9389343261719,42.6790390014648,18.694860458374,364.266876220703
"2021-02-17",40.9801979064941,77.183967590332,43.3433380126953,18.9724884033203,364.350524902344
"2021-02-18",39.5937042236328,76.4436798095703,42.6626243591309,18.5437965393066,362.7998046875
"2021-02-19",40.1997718811035,77.0874176025391,42.9496726989746,18.8540840148926,362.159149169922
"2021-02-22",42.2421417236328,79.1715087890625,44.5325012207031,19.5073223114014,359.37353515625
"2021-02-23",43.2550277709961,80.1692962646484,45.147590637207,19.8298645019531,359.809936523438
"2021-02-24",45.3887138366699,83.130485534668,46.5007972717285,20.5320911407471,363.774871826172
"2021-02-25",44.0271339416504,82.3580093383789,45.7298736572266,20.1360645294189,355.009399414062
"2021-02-26",43.180305480957,80.4670486450195,44.5899124145508,19.6583843231201,353.180114746094
"2021-03-01",43.6784324645996,82.1166000366211,46.254753112793,20.1687316894531,361.741333007812
"2021-03-02",43.404468536377,82.4304275512695,45.9841194152832,20.0584983825684,358.918518066406
"2021-03-03",44.5501861572266,83.3557968139648,46.3531761169434,20.3524494171143,354.164398193359
"2021-03-04",46.177433013916,84.0880432128906,48.1492385864258,20.8382949829102,349.78173828125
"2021-03-05",48.435661315918,87.7090606689453,49.9698944091797,21.6180992126465,356.216522216797
"2021-03-08",48.800968170166,88.3125610351562,49.9206962585449,21.6589241027832,354.443023681641
"2021-03-09",48.0703582763672,88.1114044189453,49.1497802734375,21.2792320251465,359.503509521484
"2021-03-10",49.3323173522949,89.6161346435547,50.6588020324707,21.8181591033936,361.741333007812
"2021-03-11",49.6727104187012,89.4712829589844,50.281551361084,21.8263244628906,365.409027099609
"2021-03-12",49.1413650512695,89.7690200805664,50.8228302001953,21.8712272644043,365.901153564453
"2021-03-15",48.2862281799316,88.7148895263672,49.5270385742188,21.6221809387207,368.083251953125
"2021-03-16",46.9744567871094,86.6147079467773,48.4772834777832,21.005687713623,367.618927001953
"2021-03-17",47.1820068359375,86.9285202026367,48.6905097961426,21.1689949035645,368.872497558594
"2021-03-18",44.3177070617676,83.7822799682617,46.5910110473633,20.2177200317383,363.505493164062
"2021-03-19",43.6701354980469,83.1868057250977,46.3285675048828,20.2218074798584,362.832977294922
"2021-03-22",43.3712577819824,82.5108871459961,45.852897644043,20.0278759002686,365.730224609375
"2021-03-23",42.931224822998,82.05224609375,45.2870292663574,19.7349300384521,362.8515625
"2021-03-24",44.1765823364258,84.2489776611328,46.2055587768555,20.2300567626953,361.007019042969
"2021-03-25",44.4754600524902,84.5467376708984,46.0743255615234,20.3043270111084,363.037872314453
"2021-03-26",45.6958961486816,86.485969543457,47.3291130065918,20.8077049255371,368.888244628906
"2021-03-29",44.6996231079102,86.0353469848633,47.0748825073242,20.5601406097412,368.701934814453
"2021-03-30",44.3592262268066,85.2387161254883,46.4925994873047,20.3827171325684,367.723785400391
"2021-03-31",43.9773216247559,84.3213958740234,45.787296295166,20.2424335479736,369.214202880859
"2021-04-01",44.8490753173828,85.093879699707,47.0666732788086,20.7581939697266,373.201416015625
"2021-04-05",43.3463478088379,84.096076965332,46.3367767333984,20.2630634307861,378.557983398438
"2021-04-06",43.6535263061523,83.3477478027344,46.2055587768555,20.2094287872314,378.334503173828
"2021-04-07",43.4874992370605,83.8385925292969,46.4105911254883,20.2795696258545,378.772277832031
"2021-04-08",42.5410385131836,82.8971176147461,45.9267158508301,20.0154991149902,380.570251464844
"2021-04-09",42.5327262878418,82.816650390625,45.8200912475586,19.8834667205811,383.337127685547
"2021-04-12",42.2255477905273,81.8993301391602,45.5166473388672,19.726676940918,383.476837158203
"2021-04-13",42.1674270629883,82.2694854736328,45.6888771057129,19.7473068237305,384.613342285156
"2021-04-14",43.7448654174805,83.9029846191406,47.00927734375,20.2960720062256,383.299835205078
"2021-04-15",43.0889778137207,83.2190017700195,46.7304267883301,20.1310291290283,387.417419433594
"2021-04-16",42.4164886474609,82.8488540649414,46.4679946899414,19.9701137542725,388.712341308594
"2021-04-19",42.2504463195801,83.0902481079102,46.320369720459,19.94948387146,386.802581787109
"2021-04-20",40.3907356262207,81.537239074707,45.344425201416,19.4213485717773,383.970581054688
"2021-04-21",41.5447463989258,82.6637802124023,45.9267158508301,19.6689109802246,387.603790283203
"2021-04-22",41.0631980895996,81.2314605712891,45.3280258178711,19.4378509521484,384.063751220703
"2021-04-23",41.2790794372559,81.7142944335938,45.5740661621094,19.6152725219727,388.227844238281
"2021-04-26",41.7190856933594,81.6901397705078,45.6642761230469,19.7473068237305,389.038330078125
"2021-04-27",42.5908279418945,82.6396331787109,46.2629661560059,19.9866199493408,388.954528808594
"2021-04-28",44.0354347229004,84.6674041748047,47.6571731567383,20.6756725311279,388.842712402344
"2021-04-29",44.110164642334,86.0192718505859,48.3378639221191,20.9067287445068,391.320739746094
"2021-04-30",42.4580001831055,82.9373626708984,46.9436683654785,20.3785991668701,388.749481201172
"2021-05-03",43.7863693237305,84.916862487793,48.2394561767578,20.9397354125977,389.587982177734
"2021-05-04",43.6452293395996,85.3835678100586,48.5428924560547,20.9521141052246,387.184509277344
"2021-05-05",46.0279846191406,87.6768798828125,50.0027084350586,21.6287879943848,387.3056640625
"2021-05-06",46.2438621520996,87.7251510620117,50.4783744812012,21.7401924133301,390.398529052734
"2021-05-07",47.4061737060547,88.5298385620117,51.200080871582,22.1280403137207,393.239807128906
"2021-05-10",47.3231506347656,88.1677093505859,51.3231048583984,22.1362915039062,389.345794677734
"2021-05-11",46.2604713439941,85.8583068847656,49.6910552978516,21.5668964385986,385.870971679688
"2021-05-12",46.2355537414551,86.3974533081055,49.9573287963867,21.6700477600098,377.673156738281
"2021-05-13",45.3821296691895,85.8422317504883,49.3415908813477,21.4059791564941,382.209777832031
"2021-05-14",47.2897872924805,88.0872650146484,50.5647354125977,22.0702800750732,388.078826904297
"2021-05-17",48.7790985107422,89.1655197143555,51.7462730407715,22.5819053649902,387.091369628906
"2021-05-18",47.9340400695801,86.4857330322266,50.2818298339844,22.0578994750977,383.756225585938
"2021-05-19",46.5032958984375,84.058479309082,49.0753326416016,21.5091342926025,382.750183105469
"2021-05-20",46.3443260192871,84.351692199707,48.9588432312012,21.4761276245117,386.867797851562
"2021-05-21",46.5618553161621,84.8078384399414,49.0254135131836,21.5215110778809,386.551086425781
"2021-05-24",46.938362121582,86.013313293457,49.599536895752,21.73606300354,390.491607666016
"2021-05-25",45.917610168457,84.6042098999023,48.476245880127,21.2945785522461,389.625274658203
"2021-05-26",46.3694190979004,84.8078384399414,49.042049407959,21.4843807220459,390.398529052734
"2021-05-27",46.4614524841309,83.9037246704102,48.7258682250977,21.5008850097656,390.603485107422
"2021-05-28",46.6371688842773,84.5390396118164,48.5677642822266,21.5421409606934,391.302093505859
"2021-06-01",48.7540016174316,86.8685607910156,50.3067893981934,22.3714809417725,390.957458496094
"2021-06-02",49.3564033508301,88.0333480834961,50.7061805725098,22.7882080078125,391.572296142578
"2021-06-03",49.7580261230469,87.6341934204102,50.9058876037598,22.8500995635986,390.119018554688
"2021-06-04",50.0759544372559,88.3346939086914,51.1305389404297,23.0027656555176,393.686950683594
"2021-06-07",50.0425033569336,87.7645416259766,50.7977066040039,22.9037437438965,393.305084228516
"2021-06-08",50.5947074890137,88.5627746582031,51.6963424682617,23.1017913818359,393.388824462891
"2021-06-09",49.9337196350098,87.7889556884766,52.1290130615234,22.9573841094971,392.801971435547
"2021-06-10",50.3437080383301,88.3021240234375,52.2122192382812,22.9284954071045,394.627868652344
"2021-06-11",50.1763725280762,87.8948745727539,51.729621887207,22.8500995635986,395.279998779297
"2021-06-14",50.4608459472656,87.943733215332,51.6464195251465,22.7510719299316,396.165008544922
"2021-06-15",51.1803932189941,89.8415679931641,53.5269012451172,23.1843109130859,395.438323974609
"2021-06-16",51.1469345092773,89.3284149169922,53.3355140686035,23.0605297088623,393.23046875
"2021-06-17",49.3731460571289,87.2106628417969,51.5798606872559,22.2765769958496,393.100036621094
"2021-06-18",48.134838104248,83.9200057983398,50.2568740844727,21.6164112091064,387.796966552734
"2021-06-21",50.5779800415039,86.3798751831055,52.0790939331055,22.5375862121582,393.348693847656
"2021-06-22",50.8624534606934,86.6649322509766,53.0775756835938,22.6876468658447,395.451629638672
"2021-06-23",50.8373489379883,86.5590362548828,53.4686470031738,22.7501697540283,394.974945068359
"2021-06-24",51.3644676208496,87.267692565918,53.6849784851074,22.9460735321045,397.311584472656
"2021-06-25",51.297534942627,87.3979949951172,53.8014793395996,23.066951751709,398.722747802734
"2021-06-28",49.8584289550781,84.7019424438477,52.4285659790039,22.2874946594238,399.526672363281
"2021-06-29",49.4065971374512,84.5146026611328,52.1040573120117,22.1791210174561,399.741607666016
"2021-06-30",50.9544906616211,85.3128204345703,52.48681640625,22.4542217254639,400.078002929688
"2021-07-01",52.6111450195312,86.5101699829102,52.6365852355957,22.8460369110107,402.293090820312
"2021-07-02",52.5023727416992,86.3961410522461,52.5616912841797,22.7960186004639,405.367980957031
"2021-07-06",50.4357414245605,84.7019424438477,51.0639686584473,22.0540752410889,404.629669189453
"2021-07-07",49.3731460571289,83.8385543823242,50.2651863098145,21.6956100463867,406.059631347656
"2021-07-08",49.5404739379883,83.5697402954102,50.0405311584473,21.5705623626709,402.751037597656
"2021-07-09",50.3102264404297,84.7671051025391,50.9474830627441,22.0290660858154,407.050354003906
"2021-07-12",50.0341148376465,84.9381637573242,50.8975524902344,21.995719909668,408.508422851562
"2021-07-13",49.7496528625488,84.6530838012695,50.6562652587891,21.828987121582,407.115814208984
"2021-07-14",48.2519798278809,83.0566253662109,49.5329627990723,21.1787490844727,407.723327636719
"2021-07-15",47.7583389282227,82.5108871459961,49.0503768920898,20.8828010559082,406.330688476562
"2021-07-16",46.4363594055176,80.3279800415039,47.6941108703613,20.2909145355225,403.143615722656
"2021-07-19",44.9303207397461,78.1613464355469,46.054931640625,19.5739803314209,397.190063476562
"2021-07-20",45.5745697021484,78.6256103515625,46.5624923706055,19.8365783691406,402.881988525391
"2021-07-21",47.708137512207,81.3054046630859,48.0602149963379,20.5285053253174,406.143737792969
"2021-07-22",47.4152717590332,80.4908752441406,47.5193634033203,20.2992534637451,406.994293212891
"2021-07-23",46.6565055847168,80.5234603881836,47.4611206054688,20.2242279052734,411.181457519531
"2021-07-26",47.9464378356934,82.2258148193359,48.6592979431152,20.7244129180908,412.190795898438
"2021-07-27",47.4911651611328,81.9488677978516,48.1184539794922,20.5326728820801,410.312286376953
"2021-07-28",47.8199691772461,82.4131393432617,48.4429626464844,20.7202396392822,410.143981933594
"2021-07-29",48.1234855651855,83.5453262329102,49.0337333679199,20.9203205108643,411.845001220703
"2021-07-30",47.263542175293,82.9262924194336,47.9021263122559,20.5868644714355,409.844909667969
"2021-08-02",46.6902313232422,82.7796859741211,47.9104347229004,20.4326362609863,408.985076904297
"2021-08-03",47.7525253295898,83.5697402954102,48.4263153076172,20.7827625274658,412.312377929688
"2021-08-04",46.3108367919922,81.6963577270508,47.2947044372559,20.2200527191162,410.284210205078
"2021-08-05",47.1707992553711,82.4538650512695,47.5942535400391,20.4493083953857,412.882476806641
"2021-08-06",47.6344947814941,83.0403060913086,48.1434173583984,20.6368770599365,413.564788818359
"2021-08-09",46.7492523193359,81.6556243896484,47.5942535400391,20.3451023101807,413.228332519531
"2021-08-10",47.6176261901855,83.1462173461914,48.4096794128418,20.7035732269287,413.742340087891
"2021-08-11",48.2162208557129,83.7733764648438,48.5511245727539,20.8661327362061,414.770416259766
"2021-08-12",48.0897598266602,83.6023254394531,48.4413299560547,20.845287322998,416.013427734375
"2021-08-13",47.1876487731934,83.0484848022461,47.9514236450195,20.5993633270264,416.770599365234
"2021-08-16",46.2096710205078,82.2013626098633,47.2503547668457,20.2200527191162,417.751953125
"2021-08-17",45.9651794433594,82.0466079711914,46.9293823242188,20.0116481781006,415.013397216797
"2021-08-18",45.1305160522461,79.8260116577148,45.9411277770996,19.5948238372803,410.471099853516
"2021-08-19",44.211555480957,77.8365478515625,44.538990020752,19.0863018035889,411.106750488281
"2021-08-20",44.4897613525391,77.8447952270508,44.5474395751953,19.1279830932617,414.377807617188
"2021-08-23",46.192813873291,79.8507690429688,46.3803596496582,19.8449153900146,418.022979736328
"2021-08-24",46.7155227661133,80.76708984375,46.7604446411133,20.1742057800293,418.6865234375
"2021-08-25",47.2298011779785,81.3201522827148,46.844913482666,20.3284282684326,419.565032958984
"2021-08-26",46.4794540405273,80.2552642822266,46.2114105224609,20.019983291626,417.088287353516
"2021-08-27",47.8368263244629,81.4274749755859,47.106761932373,20.5535163879395,420.817504882812
"2021-08-30",47.3815574645996,81.2210998535156,46.5915184020996,20.3117580413818,422.668090820312
"2021-08-31",46.8166809082031,79.8837814331055,46.0509338378906,20.1742057800293,422.041870117188
"2021-09-01",46.0747718811035,79.0087661743164,45.4174385070801,19.8782577514648,422.266143798828
"2021-09-02",47.7187919616699,80.6597747802734,46.5239486694336,20.3826160430908,423.565368652344
"2021-09-03",47.4152755737305,80.4781494140625,46.346565246582,20.265905380249,423.462463378906
"2021-09-07",47.1960868835449,80.1231689453125,46.0762672424316,20.1450309753418,421.948364257812
"2021-09-08",46.6059226989746,79.5701141357422,45.6539421081543,19.8865966796875,421.434356689453
"2021-09-09",46.8588600158691,79.2481536865234,45.6877250671387,19.9282817840576,419.630462646484
"2021-09-10",46.9853134155273,79.3059387207031,45.5948066711426,19.9199485778809,416.321899414062
"2021-09-13",48.5534515380859,80.8744125366211,46.7688941955566,20.4909934997559,417.387359619141
"2021-09-14",48.0054473876953,79.4132461547852,46.1016120910645,20.1950454711914,415.134948730469
"2021-09-15",50.0119972229004,81.0972747802734,47.6557846069336,20.9494953155518,418.602386474609
"2021-09-16",49.9361114501953,80.3378067016602,47.1489906311035,20.7119064331055,417.938781738281
"2021-09-17",49.6747627258301,79.8755264282227,46.5915184020996,20.5576820373535,413.86767578125
"2021-09-20",48.1150512695312,78.2410354614258,45.3498611450195,19.9299144744873,406.966766357422
"2021-09-21",50.0204277038574,78.298828125,45.3076286315918,19.9763221740723,406.582366943359
"2021-09-22",52.4906768798828,80.6019897460938,46.6337547302246,20.5922794342041,410.548431396484
"2021-09-23",53.7131500244141,82.5996856689453,48.213264465332,21.3137054443359,415.536682128906
"2021-09-24",54.8175964355469,83.0454635620117,48.64404296875,21.4740219116211,416.221130371094
"2021-09-27",56.2424240112305,85.0018844604492,50.0884094238281,22.2376346588135,415.030395507812
"2021-09-28",57.1613922119141,85.3238677978516,50.6120948791504,22.3135719299316,406.666717529297
"2021-09-29",57.3637351989746,85.2990798950195,50.5783157348633,22.3135719299316,407.351165771484
"2021-09-30",57.1360931396484,83.7471389770508,49.682975769043,21.9760665893555,402.372436523438
"2021-10-01",59.1004905700684,86.1245803833008,51.465217590332,22.7143650054932,407.154266357422
"2021-10-04",60.2723922729492,86.446533203125,52.132495880127,23.0856285095215,401.903625488281
"2021-10-05",60.4747200012207,87.3876113891602,52.048023223877,23.2206268310547,406.085388183594
"2021-10-06",60.5421600341797,86.6198806762695,51.0935592651367,22.9759349822998,407.773010253906
"2021-10-07",60.289249420166,87.2389984130859,51.2371559143066,23.1531295776367,411.298583984375
"2021-10-08",63.164176940918,89.1954345703125,52.5210380554199,23.8661155700684,410.548431396484
"2021-10-11",62.3632354736328,88.4359817504883,51.9973487854004,23.7775230407715,407.576171875
"2021-10-12",61.8910942077637,88.4524993896484,51.7270545959473,23.7986106872559,406.572967529297
"2021-10-13",61.7393608093262,88.9808197021484,51.5834655761719,23.7775230407715,408.03564453125
"2021-10-14",62.2620658874512,89.8228225708008,52.3690071105957,24.0686206817627,414.899047851562
"2021-10-15",62.5065574645996,90.4832458496094,52.867359161377,24.1867523193359,418.058837890625
"2021-10-18",62.8100852966309,90.4419479370117,52.8420143127441,24.2036266326904,419.296508789062
"2021-10-19",63.5014228820801,92.2085189819336,53.6359939575195,24.4778518676758,422.531311035156
"2021-10-20",64.0915756225586,93.4137725830078,53.9316177368164,24.676139831543,424.190887451172
"2021-10-21",62.8859634399414,92.2415390014648,52.9518165588379,24.2204971313477,425.297332763672
"2021-10-22",63.8386726379395,93.1165771484375,53.3150215148926,24.4483184814453,424.856628417969
"2021-10-25",64.5131225585938,93.9833602905273,54.3539505004883,24.8069229125977,427.135101318359
"2021-10-26",64.9430694580078,94.1897430419922,55.6124992370605,24.9503631591797,427.519409179688
"2021-10-27",63.1280364990234,92.5139694213867,54.1681251525879,24.2331581115723,425.625518798828
"2021-10-28",63.7387466430664,93.3807525634766,54.3201713562012,24.4061298370361,429.732208251953
"2021-10-29",63.1789321899414,94.5116653442383,54.4553108215332,24.2458190917969,430.604248046875
"2021-11-01",63.2637519836426,94.5446853637695,55.4351272583008,24.6634788513184,431.345031738281
"2021-11-02",61.9406204223633,93.9668426513672,54.7509460449219,24.4314479827881,433.089050292969
"2021-11-03",61.6946716308594,93.289924621582,53.9991989135742,24.2289390563965,435.733062744141
"2021-11-04",62.1781196594238,93.7026977539062,54.4046401977539,24.2626895904541,437.786468505859
"2021-11-05",63.9931640625,94.7180252075195,54.9198722839355,24.5791053771973,439.305450439453
"2021-11-08",64.4002685546875,95.0565032958984,55.5111389160156,24.8027038574219,439.680450439453
"2021-11-09",64.2476119995117,95.7581787109375,56.0517234802246,24.9039535522461,438.227142333984
"2021-11-10",61.9151840209961,94.2310028076172,54.9474716186523,24.2458190917969,434.701690673828
"2021-11-11",61.1857643127441,94.2392654418945,55.0501899719238,24.3386268615723,434.842346191406
"2021-11-12",61.372371673584,94.2970657348633,54.6307411193848,24.2795658111572,438.123992919922
"2021-11-15",61.6777038574219,96.4351043701172,55.1015472412109,24.4820709228516,438.274078369141
"2021-11-16",61.6098442077637,96.8148345947266,55.6579513549805,24.5200443267822,440.008636474609
"2021-11-17",61.0415878295898,96.380615234375,55.0501899719238,24.1445598602295,438.939758300781
"2021-11-18",61.6777038574219,95.5706024169922,54.4509811401367,24.0011177062988,440.430603027344
"2021-11-19",59.0399475097656,93.4496154785156,51.9343032836914,23.0645313262939,439.643035888672
"2021-11-22",60.9737091064453,95.1196899414062,52.6533508300781,23.4737644195557,438.405303955078
"2021-11-23",62.5767402648926,97.1154556274414,54.0400924682617,24.1951866149902,438.986633300781
"2021-11-24",63.4673080444336,97.8586349487305,54.3397064208984,24.4314479827881,440.158660888672
"2021-11-26",60.6259956359863,95.620719909668,52.4307861328125,23.4484519958496,430.341796875
"2021-11-29",61.1942520141602,95.9046478271484,52.7218284606934,23.5834541320801,435.620635986328
"2021-11-30",59.4809722900391,94.2512512207031,51.223804473877,23.0307788848877,427.144378662109
"2021-12-01",58.6921997070312,93.6082611083984,51.1810188293457,22.7860889434814,422.400024414062
"2021-12-02",60.4393882751465,96.1467971801758,52.4564666748047,23.4484519958496,428.869659423828
"2021-12-03",60.312183380127,95.5372161865234,52.1226234436035,23.2628135681152,425.137939453125
"2021-12-06",61.754020690918,97.0319442749023,52.7132682800293,23.6087627410889,430.173004150391
"2021-12-07",63.2467918395996,98.4682159423828,53.3039321899414,24.1614360809326,439.071014404297
"2021-12-08",62.8566246032715,98.9107894897461,53.4580078125,24.1572151184082,440.233703613281
"2021-12-09",61.5335235595703,98.6519317626953,53.5949630737305,23.9715843200684,437.261444091797
"2021-12-10",62.3307685852051,98.8189392089844,53.937370300293,24.1487789154053,441.377563476562
"2021-12-13",60.2358436584473,96.7647247314453,52.7560768127441,23.4779834747314,437.467651367188
"2021-12-14",59.9474792480469,97.0486297607422,52.6790390014648,23.3809432983398,434.457855224609
"2021-12-15",59.9728965759277,96.4975128173828,52.4479026794434,23.2670440673828,441.246368408203
"2021-12-16",60.8125915527344,97.3993759155273,52.5335083007812,23.4146976470947,437.355194091797
"2021-12-17",58.1917724609375,94.8608322143555,51.3864479064941,22.937967300415,432.700469970703
"2021-12-20",58.1833076477051,94.9025802612305,50.6417198181152,22.6537780761719,428.099395751953
"2021-12-21",59.9474792480469,96.4223785400391,51.7887840270996,23.2990779876709,435.701934814453
"2021-12-22",60.2867584228516,96.9734954833984,52.2082366943359,23.4486484527588,440.058441162109
"2021-12-23",60.3800277709961,97.2073287963867,52.2339096069336,23.4614734649658,442.796569824219
"2021-12-27",62.0932960510254,99.194694519043,52.9786338806152,23.9742870330811,449.063079833984
"2021-12-28",62.0169486999512,99.0026397705078,52.8074340820312,23.9571990966797,448.696014404297
"2021-12-29",61.8473281860352,98.4932708740234,52.3451957702637,23.8033428192139,449.27001953125
"2021-12-30",61.304515838623,98.0590362548828,52.0370254516602,23.6580467224121,448.027984619141
"2021-12-31",61.3895568847656,97.9922332763672,52.3794364929199,23.7178764343262,446.89892578125
"2022-01-03",62.741870880127,99.5871734619141,54.3910636901855,24.4529190063477,449.486511230469
"2022-01-04",65.463493347168,101.399208068848,56.4369354248047,25.2990703582764,449.3359375
"2022-01-05",64.3408279418945,102.058898925781,57.1388473510742,25.2947959899902,440.707702636719
"2022-01-06",66.7562637329102,102.927345275879,58.4828033447266,25.8588981628418,440.293731689453
"2022-01-07",68.5848541259766,104.40535736084,58.9621734619141,26.2136001586914,438.552978515625
"2022-01-10",68.9165191650391,104.472160339355,58.6112060546875,26.1323986053467,438.007293701172
"2022-01-11",71.0938415527344,106.860366821289,61.0765228271484,27.0212860107422,441.996734619141
"2022-01-12",71.7827758789062,106.325981140137,60.8967437744141,27.0725727081299,443.191772460938
"2022-01-13",71.1193542480469,105.883377075195,60.4601860046387,26.9358158111572,437.085144042969
"2022-01-14",73.7729568481445,107.687088012695,61.521656036377,27.5682964324951,437.263885498047
"2022-01-18",74.4278335571289,108.037796020508,62.5574226379395,27.6794033050537,429.520172119141
"2022-01-19",74.2322082519531,107.645332336426,62.5830917358398,27.4785537719727,425.060180664062
"2022-01-20",72.8288726806641,107.261207580566,62.7200584411621,27.226411819458,420.355590820312
"2022-01-21",70.3539047241211,105.975257873535,61.7784423828125,26.6879577636719,412.103790283203
"2022-01-24",70.6090469360352,106.200698852539,62.3091850280762,26.8674411773682,413.853881835938
"2022-01-25",74.0876159667969,110.718269348145,64.1410446166992,27.9101696014404,408.801116943359
"2022-01-26",74.0450973510742,110.801795959473,63.4904899597168,27.8631629943848,407.775512695312
"2022-01-27",76.2564392089844,113.039726257324,64.3036804199219,28.1665840148926,405.761993408203
"2022-01-28",75.8822021484375,109.064910888672,64.4406509399414,28.0469245910645,415.839233398438
"2022-01-31",75.3718872070312,109.666130065918,65.0227432250977,28.1708545684814,423.328918457031
"2022-02-01",77.855354309082,112.555358886719,69.1915283203125,29.1751251220703,426.189361572266
"2022-02-02",78.4252090454102,113.073104858398,69.0117645263672,29.2691459655762,430.329315185547
"2022-02-03",77.285530090332,112.062728881836,68.2070999145508,28.9913673400879,420.214447021484
"2022-02-04",78.1360397338867,113.46556854248,69.6880187988281,29.4443588256836,422.1904296875
"2022-02-07",79.0460739135742,115.695137023926,70.5269088745117,29.8204250335693,420.835479736328
"2022-02-08",77.6767730712891,113.933212280273,68.7035827636719,29.1794033050537,424.298095703125
"2022-02-09",79.0545883178711,115.060508728027,68.3747024536133,29.4229907989502,430.508148193359
"2022-02-10",78.1700668334961,113.599166870117,67.716926574707,29.2392292022705,422.773742675781
"2022-02-11",79.939453125,115.912223815918,69.4219741821289,30.0896587371826,414.437286376953
"2022-02-14",78.2555313110352,114.125267028809,68.3573989868164,29.3802528381348,413.082305908203
"2022-02-15",76.6570816040039,113.289886474609,67.5005569458008,29.0725612640381,419.744079589844
"2022-02-16",77.110107421875,113.323654174805,67.8121185302734,29.3076076507568,420.214447021484
"2022-02-17",77.9221801757812,112.741416931152,67.7082824707031,29.2605953216553,411.238128662109
"2022-02-18",76.6143493652344,112.581092834473,66.9552993774414,29.0811100006104,408.575317382812
"2022-02-22",75.0757293701172,111.720397949219,66.1763229370117,28.6110229492188,404.190643310547
"2022-02-23",75.4176635742188,114.378395080566,66.4446334838867,28.9058952331543,397.020812988281
"2022-02-24",74.9902648925781,113.787727355957,65.6051025390625,28.6793994903564,402.995635986328
"2022-02-25",78.0161819458008,118.453987121582,67.370719909668,29.4358139038086,411.887329101562
"2022-02-28",81.0848693847656,121.508605957031,67.8727035522461,30.1623039245605,410.833557128906
"2022-03-01",82.8799438476562,126.335205078125,68.5218276977539,30.4657230377197,404.576446533203
"2022-03-02",83.803108215332,130.064849853516,69.6989059448242,31.1623020172119,412.01904296875
"2022-03-03",83.2645950317383,131.81999206543,70.1403198242188,31.2477684020996,409.967864990234
"2022-03-04",85.7092361450195,133.870391845703,72.7801132202148,32.1494827270508,406.636993408203
"2022-03-07",86.5640487670898,136.73095703125,75.402587890625,32.623836517334,394.649719238281
"2022-03-08",84.4527282714844,143.894866943359,75.9738006591797,33.1366500854492,391.657592773438
"2022-03-09",82.2388305664062,140.300247192383,71.6549606323242,32.123836517334,402.158203125
"2022-03-10",85.2391357421875,144.139556884766,73.8792953491211,33.1067390441895,400.34228515625
"2022-03-11",84.1193695068359,144.207061767578,73.4984893798828,32.8417892456055,395.251892089844
"2022-03-14",82.5294876098633,140.679946899414,70.8673477172852,31.8588771820068,392.36328125
"2022-03-15",81.2472991943359,133.558197021484,66.8341217041016,30.6922168731689,400.991516113281
"2022-03-16",81.0506744384766,133.077239990234,66.583122253418,30.5511875152588,409.883148193359
"2022-03-17",84.4783782958984,135.380798339844,68.3573989868164,31.602466583252,415.011199951172
"2022-03-18",85.1365509033203,136.469329833984,68.0890808105469,31.5725631713867,419.556732177734
"2022-03-21",87.8376770019531,138.924835205078,71.1443328857422,32.8452949523926,419.43408203125
"2022-03-22",86.9914169311523,138.460708618164,70.8327178955078,32.6036911010742,424.341979980469
"2022-03-23",89.2138900756836,139.95426940918,71.9492263793945,33.1645660400391,418.877105712891
"2022-03-24",89.3591842651367,140.325546264648,72.1656036376953,33.2465286254883,425.19140625
"2022-03-25",91.8893508911133,142.865432739258,73.7408218383789,33.975658416748,427.267913818359
"2022-03-28",88.47021484375,140.367767333984,71.6722717285156,33.1343574523926,430.307098388672
"2022-03-29",86.0682525634766,138.654800415039,71.2914428710938,33.0480651855469,435.630249023438
"2022-03-30",86.6769866943359,139.633651733398,72.5118179321289,33.4320449829102,432.940368652344
"2022-03-31",85.7339172363281,137.397537231445,71.4818496704102,32.9790458679199,426.276885986328
"2022-04-01",86.2311782836914,138.570434570312,71.9405822753906,33.2465286254883,427.485015869141
"2022-04-04",86.2054443359375,138.696960449219,71.9752044677734,33.2896766662598,431.147094726562
"2022-04-05",84.0620956420898,137.844741821289,71.60302734375,32.767635345459,425.701110839844
"2022-04-06",83.6248550415039,139.068252563477,72.399299621582,32.9617805480957,421.444366455078
"2022-04-07",85.6996154785156,141.000595092773,73.6109924316406,33.3932266235352,423.568054199219
"2022-04-08",88.3487930297852,143.388565063477,75.1602401733398,34.312183380127,422.435424804688
"2022-04-11",84.0021057128906,139.701126098633,72.572380065918,33.2810440063477,415.215057373047
"2022-04-12",85.7339172363281,142.612258911133,74.0870132446289,33.8332901000977,413.676544189453
"2022-04-13",85.9310989379883,144.856826782227,75.13427734375,34.338062286377,418.414703369141
"2022-04-14",86.9084625244141,144.789291381836,76.01708984375,34.4502449035645,413.204650878906
"2022-04-18",88.7088851928711,146.730102539062,76.640266418457,34.955020904541,413.374603271484
"2022-04-19",87.0713500976562,144.991836547852,75.9565200805664,34.6702766418457,420.047576904297
"2022-04-20",88.0230026245117,145.582504272461,76.1296005249023,34.8040161132812,419.736022949219
"2022-04-21",84.5936508178711,138.874221801758,75.3246841430664,33.699535369873,413.459533691406
"2022-04-22",82.3131256103516,135.811157226562,73.6802368164062,32.8754920959473,402.114532470703
"2022-04-25",78.5837020874023,132.8916015625,71.1962509155273,31.7882747650146,404.445770263672
"2022-04-26",78.2921981811523,132.08154296875,71.2222213745117,31.8314189910889,392.732757568359
"2022-04-27",79.7839508056641,131.836837768555,73.2561340332031,32.2973785400391,393.837005615234
"2022-04-28",83.6334457397461,136.519958496094,75.4718322753906,33.2767333984375,403.785125732422
"2022-04-29",81.8930358886719,132.199661254883,73.7841033935547,32.422477722168,388.863006591797
"2022-05-02",82.2359390258789,134.798614501953,74.7880783081055,32.9402122497559,391.203674316406
"2022-05-03",84.8165512084961,137.110641479492,76.3286743164062,33.8634796142578,392.996978759766
"2022-05-04",89.0432357788086,141.414093017578,79.366584777832,35.2699661254883,404.96484375
"2022-05-05",88.1858978271484,140.291778564453,78.1635513305664,34.7393035888672,390.571350097656
"2022-05-06",92.3268432617188,144.029891967773,79.3579406738281,35.7747497558594,388.239990234375
"2022-05-09",83.3333511352539,134.376647949219,73.100341796875,32.8150901794434,375.809631347656
"2022-05-10",84.0192413330078,135.667724609375,73.5850219726562,33.1127815246582,376.677978515625
"2022-05-11",84.9108734130859,137.676010131836,75.1169738769531,33.5571632385254,370.694091796875
"2022-05-12",85.3909606933594,138.983901977539,75.4579772949219,33.699535369873,370.307006835938
"2022-05-13",88.2287750244141,141.650360107422,77.6963500976562,34.8514747619629,379.160308837891
"2022-05-16",90.8553771972656,145.987503051758,79.5237731933594,35.7704467773438,377.621826171875
"2022-05-17",92.1643905639648,146.848220825195,80.5380477905273,36.1846237182617,385.389678955078
"2022-05-18",89.9769744873047,142.977294921875,79.2614669799805,35.257022857666,369.853973388672
"2022-05-19",90.0889358520508,141.956420898438,79.6899337768555,35.1275939941406,367.588775634766
"2022-05-20",90.442008972168,142.773101806641,80.3194580078125,35.2785873413086,367.749298095703
"2022-05-23",93.8867797851562,146.091033935547,82.0944213867188,36.210506439209,374.629852294922
"2022-05-24",94.2829208374023,146.873718261719,82.5403671264648,36.3485641479492,371.770050048828
"2022-05-25",95.7641677856445,149.230331420898,84.2016677856445,37.0992584228516,375.054534912109
"2022-05-26",97.443473815918,150.234191894531,84.4989395141602,37.5091323852539,382.548675537109
"2022-05-27",98.6921997070312,151.671966552734,85.32958984375,38.1951141357422,391.939849853516
"2022-05-31",96.7631530761719,148.592254638672,83.9393539428711,37.6212921142578,389.740753173828
"2022-06-01",99.6825637817383,150.004486083984,85.5481872558594,38.2339363098145,386.588348388672
"2022-06-02",99.0022354125977,149.73225402832,85.3995361328125,38.1131401062012,393.950286865234
"2022-06-03",101.723594665527,151.093460083008,86.6411361694336,38.6179237365723,387.484985351562
"2022-06-06",101.086318969727,150.438369750977,86.4225616455078,38.574779510498,388.664794921875
"2022-06-07",105.676445007324,153.305404663086,90.3834457397461,39.7267150878906,392.392974853516
"2022-06-08",104.944427490234,154.096603393555,91.4501724243164,39.8130073547363,388.126770019531
"2022-06-09",102.102493286133,151.025405883789,89.4741058349609,38.932861328125,378.895965576172
"2022-06-10",100.612670898438,149.221786499023,87.8390197753906,38.2727661132812,367.90966796875
"2022-06-13",96.2464370727539,142.356231689453,83.8081970214844,36.2752151489258,353.940826416016
"2022-06-14",96.0139083862305,142.543411254883,84.0267868041992,36.3442306518555,352.874328613281
"2022-06-15",94.1537551879883,139.744430541992,82.9688034057617,35.5417671203613,357.904968261719
"2022-06-16",88.2029190063477,132.274780273438,79.9085083007812,33.5399055480957,346.059722900391
"2022-06-17",80.7278137207031,126.234489440918,75.3005905151367,31.706298828125,346.805725097656
"2022-06-21",85.4988021850586,131.517669677734,79.9872055053711,33.3488807678223,355.536041259766
"2022-06-22",80.1421966552734,125.80061340332,76.8219909667969,32.0138778686523,354.891540527344
"2022-06-23",75.6898498535156,121.172523498535,74.5048980712891,30.8272113800049,358.370391845703
"2022-06-24",78.290657043457,123.163299560547,75.9825897216797,31.2329406738281,369.764343261719
"2022-06-27",80.0437469482422,125.545394897461,77.8450012207031,32.1491165161133,368.351959228516
"2022-06-28",82.6386871337891,127.561637878418,80.0046844482422,33.0173110961914,360.825469970703
"2022-06-29",79.37548828125,125.043434143066,77.0493392944336,31.8699073791504,360.531616210938
"2022-06-30",77.9434967041016,123.171783447266,74.8808975219727,31.1980457305908,357.6025390625
"2022-07-01",78.9589080810547,124.643600463867,76.5509338378906,31.6648559570312,361.384765625
"2022-07-05",73.4566040039062,121.368202209473,74.1551666259766,30.4083786010742,362.067260742188
"2022-07-06",72.3283615112305,119.768783569336,72.8173828125,29.8892154693604,363.290069580078
"2022-07-07",74.940673828125,122.09984588623,75.1432189941406,30.966817855835,368.731048583984
"2022-07-08",75.0361404418945,121.461761474609,75.2656097412109,30.9537200927734,368.427856445312
"2022-07-11",74.2463684082031,120.389823913574,74.8808975219727,30.6570529937744,364.219055175781
"2022-07-12",72.423828125,118.186386108398,73.8841171264648,30.0593585968018,360.996032714844
"2022-07-13",72.1287612915039,117.39518737793,74.181396484375,30.0113716125488,359.100311279297
"2022-07-14",70.8269729614258,115.651145935059,72.6949615478516,29.4442138671875,358.228210449219
"2022-07-15",71.9378356933594,117.105949401855,73.9190826416016,29.9241123199463,365.072113037109
"2022-07-18",73.8297805786133,118.747894287109,75.2830963134766,30.6090698242188,362.057800292969
"2022-07-19",76.7892303466797,123.027168273926,77.1804733276367,31.5514183044434,371.840301513672
"2022-07-20",78.7245788574219,124.652076721191,78.0286102294922,31.8568115234375,374.210083007812
"2022-07-21",77.1797790527344,123.699256896973,76.7257995605469,31.2983837127686,378.020751953125
"2022-07-22",76.485466003418,122.669853210449,76.1399765014648,31.0409755706787,374.513458251953
"2022-07-25",79.8875350952148,126.31957244873,78.6756591796875,32.1796569824219,374.968444824219
"2022-07-26",79.0543746948242,125.332710266113,78.3696060180664,31.8873538970947,370.532165527344
"2022-07-27",80.9463272094727,126.983154296875,80.06591796875,32.6072082519531,380.153564453125
"2022-07-28",81.6319427490234,127.944511413574,81.0014801025391,32.7904472351074,384.921600341797
"2022-07-29",84.5566635131836,139.336059570312,84.7525024414062,34.2126960754395,390.533233642578
"2022-08-01",82.5345458984375,136.554092407227,82.6103057861328,33.5059394836426,389.376770019531
"2022-08-02",82.1960678100586,135.388580322266,82.2518005371094,33.4274139404297,386.808013916016
"2022-08-03",79.2539901733398,132.172714233398,79.5849838256836,32.4675941467285,392.865112304688
"2022-08-04",78.0042572021484,128.582565307617,76.2361755371094,31.263484954834,392.599700927734
"2022-08-05",80.5818099975586,130.709442138672,77.3378524780273,31.8829898834229,391.936218261719
"2022-08-08",81.2587509155273,130.513763427734,77.7750396728516,32.0487747192383,391.481231689453
"2022-08-09",82.8903656005859,132.215270996094,79.2089996337891,32.6115646362305,389.926666259766
"2022-08-10",83.2982635498047,132.564086914062,79.9609603881836,32.8471603393555,398.116638183594
"2022-08-11",87.0995483398438,135.796936035156,82.2740783691406,33.9771041870117,398.116638183594
"2022-08-12",89.1737594604492,135.992630004883,82.9892044067383,34.2345199584961,404.856353759766
"2022-08-15",87.8486557006836,133.406326293945,81.5059814453125,33.5670166015625,406.524627685547
"2022-08-16",87.2645645141602,133.066040039062,80.746711730957,33.4884834289551,407.320861816406
"2022-08-17",88.3630065917969,134.163482666016,81.4000396728516,33.7677040100098,404.429779052734
"2022-08-18",91.4316482543945,136.515716552734,83.3246765136719,34.6751594543457,405.605163574219
"2022-08-19",91.6583099365234,135.373947143555,83.0598297119141,34.6664199829102,400.154663085938
"2022-08-22",91.7454681396484,134.695770263672,82.9980316162109,34.6009826660156,391.822418212891
"2022-08-23",94.5438766479492,139.065414428711,86.5206451416016,35.8487358093262,390.87451171875
"2022-08-24",96.3484420776367,140.095611572266,87.03271484375,36.2893714904785,392.125793457031
"2022-08-25",97.7084426879883,141.323211669922,87.4829635620117,36.5685882568359,397.661682128906
"2022-08-26",97.743293762207,140.28450012207,86.4058685302734,36.1410331726074,384.201141357422
"2022-08-29",98.876594543457,141.331802368164,88.3923263549805,36.6863822937012,381.660736083984
"2022-08-30",96.3310165405273,137.889282226562,85.0286178588867,35.443000793457,377.470916748047
"2022-08-31",95.415657043457,135.691558837891,84.392936706543,35.1201553344727,374.598785400391
"2022-09-01",93.7418518066406,133.528228759766,82.8744049072266,34.2563247680664,375.774200439453
"2022-09-02",96.1217880249023,135.511337280273,84.392936706543,34.8845672607422,371.811859130859
"2022-09-06",94.7007904052734,134.884628295898,83.8279266357422,34.5617256164551,370.408874511719
"2022-09-07",93.0705795288086,133.159057617188,83.11279296875,34.1603507995605,377.063293457031
"2022-09-08",94.4305419921875,133.880187988281,83.7926025390625,34.3086814880371,379.527954101562
"2022-09-09",97.6125183105469,137.331283569336,85.1963577270508,35.1637840270996,385.423980712891
"2022-09-12",99.7222213745117,139.503234863281,86.1763381958008,35.8094749450684,389.566375732422
"2022-09-13",97.9263534545898,136.850555419922,84.1633987426758,34.906379699707,372.627105712891
"2022-09-14",102.616516113281,140.164291381836,86.2292938232422,35.8923568725586,374.048980712891
"2022-09-15",100.742202758789,137.889282226562,83.7219772338867,34.9674606323242,369.80224609375
"2022-09-16",98.623779296875,134.309448242188,82.291748046875,34.2214317321777,366.981109619141
"2022-09-19",98.3971176147461,134.695770263672,82.2828979492188,34.2417106628418,369.827026367188
"2022-09-20",97.69970703125,134.163497924805,81.611930847168,34.0035591125488,365.582000732422
"2022-09-21",96.8453598022461,133.073196411133,80.2964477539062,33.505184173584,359.204803466797
"2022-09-22",95.9474411010742,132.970199584961,79.9609756469727,33.3861083984375,356.187561035156
"2022-09-23",87.6917343139648,124.282363891602,75.70556640625,31.0839290618896,350.219665527344
"2022-09-26",86.4799652099609,121.011558532715,74.1428985595703,30.3209381103516,346.755096435547
"2022-09-27",86.0963821411133,121.063064575195,75.6967468261719,30.6605319976807,345.869903564453
"2022-09-28",91.0838928222656,125.149436950684,78.4512634277344,32.0189170837402,352.675323486328
"2022-09-29",91.6675415039062,124.282363891602,78.2923583984375,32.0189170837402,345.308349609375
"2022-09-30",90.5002365112305,123.338050842285,77.0828399658203,31.7631168365479,339.968597412109
"2022-10-03",97.2475357055664,130.257431030273,81.1528472900391,33.5581169128418,348.944213867188
"2022-10-04",102.24390411377,135.322479248047,84.1104202270508,35.0002899169922,359.756896972656
"2022-10-05",102.518020629883,136.095077514648,87.5094528198242,35.7235832214355,358.919281005859
"2022-10-06",104.039031982422,138.576095581055,90.1050796508789,36.3586730957031,355.216735839844
"2022-10-07",104.799537658691,137.382797241211,89.1957244873047,36.0764045715332,345.308349609375
"2022-10-10",103.287368774414,134.901779174805,87.2622604370117,35.3354721069336,342.671783447266
"2022-10-11",102.208503723145,134.927520751953,86.5206451416016,35.05322265625,340.501586914062
"2022-10-12",102.84521484375,135.331008911133,86.900276184082,35.3354721069336,339.378509521484
"2022-10-13",108.540168762207,141.889846801758,89.9373397827148,36.7776489257812,348.335052490234
"2022-10-14",104.313171386719,137.47721862793,87.5712661743164,35.4060363769531,340.397003173828
"2022-10-17",104.666893005371,138.481643676758,88.8337554931641,35.8470649719238,349.144104003906
"2022-10-18",104.251258850098,139.692123413086,88.9926681518555,36.1601943969727,353.246398925781
"2022-10-19",107.098747253418,144.224899291992,91.6324310302734,37.2275009155273,350.743133544922
"2022-10-20",107.717765808105,145.049057006836,91.7560272216797,37.2627830505371,347.802093505859
"2022-10-21",110.087707519531,148.680404663086,93.4599533081055,38.3389015197754,356.254150390625
"2022-10-24",110.662506103516,148.62890625,94.1132736206055,38.5197219848633,360.613464355469
"2022-10-25",109.60132598877,150.174163818359,93.4776077270508,38.5594215393066,366.371948242188
"2022-10-26",111.927085876465,152.028518676758,94.5900192260742,39.0842475891113,363.611663818359
"2022-10-27",111.988975524902,152.723861694336,94.9519958496094,39.2253837585449,361.669982910156
"2022-10-28",112.457672119141,154.509490966797,97.7330169677734,39.3620986938477,370.274322509766
"2022-10-31",111.502616882324,155.29931640625,97.8301162719727,39.69287109375,367.599792480469
"2022-11-01",112.997093200684,156.432479858398,98.8012847900391,40.0765647888184,365.991241455078
"2022-11-02",111.874031066895,153.238967895508,96.7707061767578,39.1107063293457,356.806213378906
"2022-11-03",118.338340759277,155.496780395508,98.0861663818359,39.8339958190918,353.132263183594
"2022-11-04",117.011848449707,157.462692260742,99.1544189453125,40.3191337585449,358.214904785156
"2022-11-07",119.328750610352,159.342758178711,100.328628540039,41.0115509033203,361.641510009766
"2022-11-08",118.886573791504,159.110961914062,100.646461486816,41.0512466430664,363.592620849609
"2022-11-09",110.768630981445,152.749618530273,96.1438827514648,39.044548034668,356.101806640625
"2022-11-10",114.48274230957,155.642669677734,97.5564498901367,39.9133796691895,375.671173095703
"2022-11-11",118.462120056152,160.072463989258,100.602310180664,41.0732955932617,379.307067871094
"2022-11-14",118.089294433594,160.149719238281,100.896011352539,41.0600624084473,376.080413818359
"2022-11-15",119.030250549316,161.437438964844,101.572402954102,41.4922828674316,379.288024902344
"2022-11-16",114.724975585938,158.810485839844,100.486625671387,40.6455039978027,376.39453125
"2022-11-17",116.455947875977,159.260345458984,100.620132446289,40.7337074279785,375.242767333984
"2022-11-18",114.147956848145,158.308731079102,99.7479553222656,40.411750793457,376.946624755859
"2022-11-21",111.396125793457,156.794769287109,98.7601013183594,39.8648719787598,375.575958251953
"2022-11-22",115.381820678711,160.817565917969,101.616882324219,41.1129951477051,380.630004882812
"2022-11-23",112.505737304688,159.39013671875,101.109619140625,40.6675453186035,383.028625488281
"2022-11-25",112.567863464355,158.922943115234,100.753608703613,40.5176010131836,382.943023681641
"2022-11-28",109.931419372559,154.30322265625,97.7277297973633,39.4061965942383,376.832336425781
"2022-11-29",110.295387268066,156.613082885742,98.3773880004883,40.0015907287598,376.185150146484
"2022-11-30",109.638481140137,158.585556030273,99.0893783569336,40.2000579833984,388.035217285156
"2022-12-01",109.239028930664,157.876159667969,98.6087875366211,40.0677452087402,387.749664306641
"2022-12-02",108.457870483398,156.613082885742,97.7722244262695,39.82958984375,387.302307128906
"2022-12-05",105.963470458984,152.745971679688,95.0934066772461,38.6476173400879,380.334991455078
"2022-12-06",102.62574005127,148.809677124023,92.4501876831055,37.6288414001465,374.8525390625
"2022-12-07",101.977737426758,149.250900268555,92.2454986572266,37.5406379699707,374.21484375
"2022-12-08",99.9537963867188,150.13330078125,92.9307861328125,37.3730316162109,377.146453857422
"2022-12-09",97.6635589599609,145.340545654297,92.1475982666016,36.4645118713379,374.329040527344
"2022-12-12",99.2259216308594,146.854507446289,94.4170303344727,37.4215545654297,379.725921630859
"2022-12-13",100.672828674316,150.124694824219,95.4493865966797,38.1316146850586,382.600372314453
"2022-12-14",100.193473815918,149.086532592773,94.7463150024414,37.8978691101074,380.154144287109
"2022-12-15",99.9094390869141,147.97053527832,93.8385543823242,37.6685409545898,370.854949951172
"2022-12-16",98.0363998413086,145.963470458984,93.1799545288086,37.205451965332,366.476623535156
"2022-12-19",98.0363998413086,146.96696472168,93.5982437133789,37.2009925842285,363.369049072266
"2022-12-20",99.9981994628906,149.380676269531,94.9510269165039,37.7624168395996,363.866302490234
"2022-12-21",103.220489501953,151.136871337891,96.1702499389648,38.479793548584,369.306915283203
"2022-12-22",100.220100402832,148.870254516602,94.2301254272461,37.5931053161621,364.038360595703
"2022-12-23",104.552284240723,153.47265625,96.7220611572266,38.791690826416,366.132415771484
"2022-12-27",105.820648193359,155.401931762695,98.0659027099609,39.2060813903809,364.688507080078
"2022-12-28",102.998054504395,153.109329223633,96.4550704956055,38.3283004760742,360.15625
"2022-12-29",103.962753295898,154.268600463867,97.1848373413086,38.7293167114258,366.639221191406
"2022-12-30",105.400825500488,155.280792236328,98.1638107299805,38.9743843078613,365.673400878906
"2023-01-03",101.041877746582,150.522613525391,94.7908172607422,37.6064643859863,364.133941650391
"2023-01-04",101.238388061523,148.922164916992,95.0667114257812,37.6020088195801,366.945159912109
"2023-01-05",104.302154541016,151.604049682617,97.1937255859375,38.2881889343262,362.757080078125
"2023-01-06",105.60627746582,152.745971679688,98.3684921264648,39.0144805908203,371.075927734375
"2023-01-09",104.829154968262,151.552124023438,96.5351486206055,38.8763542175293,370.865478515625
"2023-01-10",105.472290039062,152.296081542969,97.9768981933594,39.1526145935059,373.466339111328
"2023-01-11",105.615203857422,151.569412231445,99.1160659790039,39.2729148864746,378.18994140625
"2023-01-12",107.330207824707,153.195861816406,100.762519836426,40.021484375,379.566802978516
"2023-01-13",108.500328063965,153.611114501953,100.700218200684,40.079402923584,381.039245605469
"2023-01-17",107.401657104492,156.145889282227,100.504440307617,40.1640548706055,380.34130859375
"2023-01-18",105.892097473145,153.325622558594,98.4397125244141,39.4288635253906,374.33642578125
"2023-01-19",106.86572265625,154.856887817383,99.0715789794922,39.9189949035645,371.611297607422
"2023-01-20",108.795097351074,156.500625610352,100.878196716309,40.315559387207,378.534118652344
"2023-01-23",107.303405761719,156.292984008789,100.353126525879,40.3690338134766,383.075958251953
"2023-01-24",106.12434387207,156.440063476562,101.28759765625,40.2130737304688,382.664825439453
"2023-01-25",107.517799377441,154.926086425781,100.753608703613,40.217529296875,382.808227539062
"2023-01-26",111.340805053711,162.461334228516,104.80298614502,41.4874229431152,387.015472412109
"2023-01-27",110.411834716797,155.246185302734,102.889541625977,40.6497383117676,387.904693603516
"2023-01-30",107.660713195801,150.704299926758,101.065101623535,39.7184867858887,383.037750244141
"2023-01-31",108.857627868652,150.548583984375,103.245536804199,40.0704879760742,388.669616699219
"2023-02-01",105.132873535156,148.247360229492,102.115272521973,39.2818298339844,392.800323486328
"2023-02-02",99.4162216186523,146.214309692383,98.920280456543,38.3862228393555,398.518371582031
"2023-02-03",96.5668258666992,146.594955444336,99.6055603027344,38.3015556335449,394.282440185547
"2023-02-06",96.0130233764648,146.759353637695,99.4364700317383,38.1277809143066,391.872894287109
"2023-02-07",100.05933380127,150.609176635742,102.275482177734,39.3664855957031,396.997985839844
"2023-02-08",98.9606552124023,147.07080078125,101.38549041748,39.0144805908203,392.656951904297
"2023-02-09",98.1924896240234,145.72119140625,101.768196105957,38.680305480957,389.2529296875
"2023-02-10",102.774742126465,148.775085449219,106.05785369873,40.1952514648438,390.161254882812
"2023-02-13",100.764991760254,147.944534301758,105.645317077637,40.0927696228027,394.741363525391
"2023-02-14",101.877540588379,149.077880859375,104.407699584961,40.1061363220215,394.559722900391
"2023-02-15",100.172859191895,147.506881713867,104.093818664551,39.4244079589844,395.841064453125
"2023-02-16",97.221061706543,145.377349853516,103.78889465332,39.0367584228516,390.390777587891
"2023-02-17",93.4169235229492,142.130630493164,99.7980499267578,37.6465644836426,389.415496826172
"2023-02-21",94.4845581054688,140.516006469727,99.6993865966797,37.4594345092773,381.603393554688
"2023-02-22",93.3810195922852,139.948715209961,98.4079666137695,37.2098999023438,381.077545166016
"2023-02-23",94.5922470092773,141.327651977539,99.3137588500977,37.7713317871094,383.104675292969
"2023-02-24",94.4307556152344,141.746627807617,99.3227386474609,37.7223205566406,379.012176513672
"2023-02-27",94.9780502319336,142.104431152344,99.1433792114258,37.8337097167969,380.302978515625
"2023-02-28",92.72607421875,140.315277099609,98.5693969726562,37.2901077270508,378.897521972656
"2023-03-01",95.3279495239258,141.432403564453,99.4482955932617,38.0253028869629,377.444030761719
"2023-03-02",97.1941528320312,141.877532958984,99.9056701660156,38.3594856262207,380.379486083984
"2023-03-03",97.4722671508789,143.972183227539,101.17017364502,38.8808097839355,386.480010986328
"2023-03-06",98.2976989746094,145.028228759766,102.066993713379,38.8986320495605,386.747741699219
"2023-03-07",96.5840454101562,143.16047668457,100.09400177002,38.2213592529297,380.819366455078
"2023-03-08",96.2072067260742,142.252822875977,98.6321868896484,37.8292541503906,381.440887451172
"2023-03-09",94.9331817626953,140.088333129883,97.8698883056641,37.294563293457,374.403381347656
"2023-03-10",93.5066299438477,139.355209350586,96.6591720581055,36.817798614502,369.000946044922
"2023-03-13",90.3305358886719,138.517349243164,95.5471267700195,36.0692329406738,368.475006103516
"2023-03-14",90.9406051635742,140.306518554688,95.9058456420898,36.4256973266602,374.56591796875
"2023-03-15",85.4497299194336,134.232040405273,91.1347808837891,34.4696197509766,372.223266601562
"2023-03-16",86.4904861450195,134.659713745117,90.6056518554688,34.8439064025879,378.753936767578
"2023-03-17",84.6870956420898,132.957809448242,89.5384292602539,34.2958526611328,374.325378417969
"2023-03-20",86.275146484375,134.912811279297,91.8791198730469,34.9824371337891,377.924682617188
"2023-03-21",89.4602508544922,139.041015625,95.9955291748047,36.1935424804688,382.887115478516
"2023-03-22",88.2579803466797,136.213256835938,93.7983245849609,35.4236640930176,376.360168457031
"2023-03-23",86.5084228515625,134.860473632812,92.7400817871094,34.9329147338867,377.377624511719
"2023-03-24",85.6202011108398,136.204498291016,92.8476943969727,35.0679817199707,379.853973388672
"2023-03-27",87.4594650268555,137.592208862305,94.8834762573242,35.8153648376465,380.564300537109
"2023-03-28",88.4073638916016,139.198104858398,96.0672760009766,36.3691291809082,379.710052490234
"2023-03-29",90.0503921508789,140.393798828125,97.7174301147461,36.8733863830566,385.22900390625
"2023-03-30",89.599006652832,141.729156494141,98.1927337646484,37.035472869873,387.484680175781
"2023-03-31",89.5628967285156,142.401168823242,98.3451995849609,37.2920951843262,392.946075439453
"2023-04-03",97.877326965332,148.327301025391,104.147621154785,38.9804306030273,394.443420410156
"2023-04-04",95.9634780883789,147.533050537109,103.152145385742,38.2735786437988,392.255065917969
"2023-04-05",97.2724914550781,148.266189575195,104.918884277344,38.8498764038086,391.22802734375
"2023-04-06",95.9273529052734,146.319915771484,103.179061889648,38.260082244873,392.754211425781
"2023-04-10",95.6475219726562,146.878494262695,102.721687316895,38.5662269592285,393.157257080078
"2023-04-11",96.3697357177734,147.690185546875,103.448104858398,38.9309120178223,393.262878417969
"2023-04-12",97.0738677978516,148.213806152344,103.340492248535,38.9579162597656,391.659942626953
"2023-04-13",98.4370574951172,150.195007324219,103.824760437012,39.2010459899902,396.862243652344
"2023-04-14",97.9495697021484,150.500473022461,104.075874328613,39.273078918457,395.892822265625
"2023-04-17",95.3405609130859,149.173889160156,102.865165710449,38.8093490600586,397.313385009766
"2023-04-18",94.744743347168,148.824783325195,104.874046325684,38.9624328613281,397.572540283203
"2023-04-19",95.0246200561523,148.964431762695,104.542213439941,38.8273582458496,397.505310058594
"2023-04-20",93.6885223388672,148.240005493164,103.708183288574,38.4851875305176,395.336120605469
"2023-04-21",92.3163375854492,147.60285949707,104.040000915527,38.260082244873,395.643218994141
"2023-04-24",93.5711517333984,149.662612915039,106.004043579102,38.8453712463379,396.055938720703
"2023-04-25",92.1628494262695,147.489456176758,104.497375488281,38.1160087585449,389.769073486328
"2023-04-26",90.7003936767578,144.862365722656,103.537773132324,37.6072540283203,388.118133544922
"2023-04-27",91.3864898681641,145.708953857422,104.775375366211,37.742317199707,395.844818115234
"2023-04-28",92.8850708007812,147.131591796875,106.129592895508,38.3276023864746,399.223419189453
"2023-05-01",92.5600814819336,145.962097167969,102.838256835938,37.8953971862793,398.820343017578
"2023-05-02",89.0483245849609,139.678146362305,98.7397994995117,36.2475738525391,394.337890625
"2023-05-03",86.7462768554688,136.876510620117,96.793701171875,35.5632362365723,391.631134033203
"2023-05-04",87.8927917480469,136.344177246094,95.0987091064453,35.1670379638672,388.857208251953
"2023-05-05",90.6101150512695,139.826507568359,97.4663162231445,36.1215171813965,396.055938720703
"2023-05-08",91.0885696411133,139.276657104492,97.851936340332,36.1215171813965,396.161590576172
"2023-05-09",91.6573028564453,138.875183105469,97.8788604736328,36.1350173950195,394.424285888672
"2023-05-10",90.7003936767578,137.103469848633,96.6233139038086,35.7253112792969,396.267120361328
"2023-05-11",90.1767807006836,136.344177246094,94.87451171875,35.2975997924805,395.576080322266
"2023-05-12",89.7615127563477,136.693237304688,94.8655319213867,35.3516273498535,395.057739257812
"2023-05-15",91.0046768188477,137.199447631836,95.0464630126953,35.5317153930664,396.420745849609
"2023-05-16",88.9902114868164,133.978942871094,92.7397155761719,34.6582870483398,393.771606445312
"2023-05-17",91.3857727050781,135.899078369141,94.8203125,35.3246154785156,398.551544189453
"2023-05-18",91.4130020141602,135.731582641602,95.6796798706055,35.5812454223633,402.390899658203
"2023-05-19",93.1008071899414,136.806777954102,96.1229400634766,35.8558731079102,401.805389404297
"2023-05-22",94.1261749267578,134.347900390625,94.9559860229492,35.7073097229004,401.968597412109
"2023-05-23",94.7250671386719,138.23454284668,96.2495727539062,36.0899963378906,397.457366943359
"2023-05-24",94.3530349731445,138.604690551758,97.326042175293,36.2475738525391,394.577789306641
"2023-05-25",92.2750473022461,136.216323852539,95.5801773071289,35.6037483215332,397.994781494141
"2023-05-26",92.4202117919922,135.79328918457,94.9559860229492,35.4641799926758,403.149139404297
"2023-05-30",91.8304061889648,134.947219848633,94.1147155761719,35.0995025634766,403.302734375
"2023-05-31",90.106330871582,132.743911743164,92.4321594238281,34.4826889038086,401.066314697266
"2023-06-01",90.3150405883789,134.101150512695,93.4995956420898,34.9104080200195,404.876861572266
"2023-06-02",92.8739471435547,137.714553833008,95.6706314086914,35.9729309082031,410.731842041016
"2023-06-05",92.6198577880859,137.053573608398,95.245475769043,35.7343139648438,409.944854736328
"2023-06-06",92.5018997192383,137.300338745117,96.0234375,36.0224685668945,410.837371826172
"2023-06-07",95.1061859130859,140.86083984375,98.176383972168,36.976936340332,409.416839599609
"2023-06-08",94.8611831665039,140.340896606445,97.8688201904297,36.8193588256836,411.893280029297
"2023-06-09",94.2713623046875,140.005981445312,97.145133972168,36.616756439209,412.632293701172
"2023-06-12",93.3004302978516,138.657562255859,96.2676696777344,36.2655868530273,416.375579833984
"2023-06-13",93.835807800293,139.697494506836,96.2857666015625,36.4366683959961,419.120788574219
"2023-06-14",93.1643142700195,138.446060180664,95.1278762817383,36.0629844665527,419.619842529297
"2023-06-15",94.5073013305664,139.494812011719,95.7882385253906,36.4591751098633,424.822204589844
"2023-06-16",95.2060012817383,138.59587097168,95.1007308959961,36.4051551818848,423.375183105469
"2023-06-20",92.5835723876953,135.44075012207,92.9206390380859,35.5903358459473,421.178588867188
"2023-06-21",94.0989532470703,136.498336791992,93.9609375,35.8719329833984,419.020629882812
"2023-06-22",92.0391235351562,134.524169921875,93.4453201293945,35.3904914855957,420.533142089844
"2023-06-23",91.1589202880859,133.387298583984,92.6311645507812,35.1361427307129,417.353912353516
"2023-06-26",92.4825820922852,135.731582641602,94.3408737182617,35.7674713134766,415.648712158203
"2023-06-27",92.0078887939453,135.308532714844,94.5760726928711,35.8492317199707,420.205596923828
"2023-06-28",93.5780334472656,136.533584594727,95.3449630737305,36.2125778198242,420.417510986328
"2023-06-29",94.0801086425781,137.69694519043,96.5209426879883,36.6304321289062,422.074554443359
"2023-06-30",94.5821914672852,138.675201416016,97.0184860229492,36.8666076660156,427.055358886719
"2023-07-03",95.1481781005859,138.551818847656,97.2084426879883,36.9529075622559,427.546630859375
"2023-07-05",94.9564743041992,137.758590698242,96.7109222412109,36.7485237121582,426.910827636719
"2023-07-06",91.5971069335938,134.735687255859,93.1015701293945,35.9218902587891,423.567810058594
"2023-07-07",94.2352905273438,135.91667175293,93.3186874389648,36.6940155029297,422.498413085938
"2023-07-10",95.2577056884766,136.824432373047,94.7027206420898,36.9801559448242,423.567810058594
"2023-07-11",98.0784759521484,139.353790283203,95.8606033325195,37.7931518554688,426.265319824219
"2023-07-12",99.785530090332,140.693389892578,96.3309860229492,38.1428833007812,429.695037841797
"2023-07-13",100.917472839355,138.816192626953,94.5670166015625,37.9975471496582,433.105438232422
"2023-07-14",97.7589569091797,135.352630615234,91.3104553222656,36.9937858581543,432.835754394531
"2023-07-17",97.1656036376953,135.229232788086,91.7084732055664,36.9211044311523,434.338684082031
"2023-07-18",99.2743148803711,135.50244140625,91.2923583984375,37.2935485839844,437.566009521484
"2023-07-19",99.9407119750977,136.33088684082,91.9255981445312,37.5115509033203,438.539031982422
"2023-07-20",101.958152770996,137.837936401367,93.5448226928711,37.9521179199219,435.629608154297
"2023-07-21",103.053604125977,139.856140136719,93.9790267944336,38.2882232666016,435.629608154297
"2023-07-24",104.724136352539,142.614669799805,95.4535369873047,38.9059219360352,437.57568359375
"2023-07-25",106.056915283203,143.266860961914,95.598274230957,39.1103019714355,438.770263671875
"2023-07-26",106.65030670166,142.191650390625,95.0645370483398,39.1239318847656,438.837707519531
"2023-07-27",105.691764831543,140.711013793945,95.3630676269531,38.8741226196289,435.928253173828
"2023-07-28",105.828704833984,140.014785766602,94.223274230957,38.9922142028809,440.196136474609
"2023-07-31",107.46272277832,144.236312866211,97.0094299316406,39.7325553894043,441.034271240234
"2023-08-01",107.152374267578,143.037704467773,96.4485778808594,39.5463333129883,439.772216796875
"2023-08-02",105.518333435059,140.772705078125,95.245475769043,39.0285530090332,433.654602050781
"2023-08-03",104.970611572266,140.719833374023,96.9008941650391,39.4237022399902,432.411804199219
"2023-08-04",103.802154541016,140.402557373047,97.1722717285156,39.478199005127,430.456146240234
"2023-08-07",104.505058288574,140.913726806641,96.9732666015625,39.5236206054688,434.213348388672
"2023-08-08",105.518333435059,140.702209472656,97.4526901245117,39.718921661377,432.325164794922
"2023-08-09",106.294273376465,140.887298583984,99.1081237792969,40.2185401916504,429.434906005859
"2023-08-10",105.737426757812,141.742156982422,99.6147003173828,40.2139930725098,429.589080810547
"2023-08-11",107.544898986816,144.668121337891,101.161567687988,40.8316955566406,429.338531494141
"2023-08-14",107.435348510742,144.562408447266,101.242980957031,40.6590957641602,431.708557128906
"2023-08-15",105.904243469238,140.340896606445,98.6437301635742,39.8143005371094,426.679595947266
"2023-08-16",105.106575012207,139.803298950195,96.9838638305664,39.4691200256348,423.548553466797
"2023-08-17",107.022773742676,142.143402099609,98.8626174926758,39.9414749145508,420.321197509766
"2023-08-18",107.53621673584,143.166641235352,100.35831451416,40.3366203308105,420.523468017578
"2023-08-21",107.462852478027,142.686187744141,99.1453323364258,40.0822715759277,423.259552001953
"2023-08-22",106.491012573242,141.511672973633,98.588996887207,39.7734298706055,422.113098144531
"2023-08-23",106.179298400879,141.698501586914,97.7225952148438,39.6735038757324,426.814514160156
"2023-08-24",105.253265380859,140.532897949219,96.9929733276367,39.400993347168,420.899261474609
"2023-08-25",106.830238342285,141.58283996582,98.7258148193359,39.7825126647949,423.866485595703
"2023-08-28",107.747077941895,142.552734375,99.5557479858398,40.0504760742188,426.554382324219
"2023-08-29",107.875442504883,142.330276489258,100.148551940918,40.1594848632812,432.720153808594
"2023-08-30",108.828956604004,142.526016235352,101.124397277832,40.3593368530273,434.502410888672
"2023-08-31",109.131507873535,143.344619750977,101.40714263916,40.3865814208984,433.866546630859
"2023-09-01",111.982887268066,146.191940307617,103.532135009766,41.213207244873,434.675842285156
"2023-09-05",112.615524291992,148.113861083984,103.541259765625,41.4312133789062,432.797210693359
"2023-09-06",112.835540771484,148.265151977539,104.435028076172,41.4493865966797,429.887725830078
"2023-09-07",111.588638305664,148.274047851562,103.924293518066,41.4085083007812,428.567840576172
"2023-09-08",112.514656066895,148.781219482422,105.438255310059,41.8081932067871,429.213317871094
"2023-09-11",110.424255371094,145.711441040039,104.115837097168,41.2586250305176,432.036163330078
"2023-09-12",112.844718933105,148.425308227539,107.152847290039,42.2305908203125,429.666168212891
"2023-09-13",112.13875579834,147.882522583008,106.19522857666,41.9126625061035,430.167114257812
"2023-09-14",114.146629333496,148.799011230469,108.092216491699,42.4031867980957,433.876159667969
"2023-09-15",113.293975830078,148.149490356445,106.432342529297,41.7900352478027,428.648712158203
"2023-09-18",114.128295898438,148.790115356445,107.289642333984,42.1441650390625,428.900085449219
"2023-09-19",112.918067932129,148.772308349609,107.00691986084,41.7506828308105,428.010620117188
"2023-09-20",111.093536376953,148.31852722168,106.158729553223,41.3617744445801,424.075744628906
"2023-09-21",109.168182373047,146.983856201172,104.663055419922,40.7944145202637,417.066528320312
"2023-09-22",109.250694274902,147.953704833984,104.827194213867,40.8630485534668,416.128723144531
"2023-09-25",111.001861572266,150.115921020508,106.003707885742,41.3754997253418,417.878631591797
"2023-09-26",110.149192810059,149.306198120117,106.167869567871,41.1375694274902,411.739440917969
"2023-09-27",113.420318603516,152.189086914062,109.624412536621,42.162467956543,411.90380859375
"2023-09-28",113.079391479492,151.788711547852,108.958633422852,42.2082252502441,414.291748046875
"2023-09-29",110.388778686523,150.03581237793,107.234931945801,41.3572006225586,413.286315917969
"2023-10-02",107.900886535645,148.18505859375,105.456497192383,40.5336227416992,413.121948242188
"2023-10-03",108.361610412598,148.532073974609,105.638900756836,40.506160736084,407.591857910156
"2023-10-04",104.427055358887,145.070816040039,101.68985748291,39.2341995239258,410.559906005859
"2023-10-05",104.509963989258,145.836013793945,99.4006958007812,38.9917030334473,410.4052734375
"2023-10-06",106.26993560791,144.350067138672,97.7408294677734,39.2250480651855,415.277954101562
"2023-10-09",112.250076293945,148.345260620117,101.16089630127,40.5336227416992,417.936645507812
"2023-10-10",110.932434082031,148.18505859375,100.732238769531,40.5839462280273,420.111907958984
"2023-10-11",110.609916687012,143.344619750977,97.1206512451172,40.0623512268066,421.832794189453
"2023-10-12",111.59587097168,143.460296630859,97.1024169921875,40.1081047058105,419.261138916016
"2023-10-13",115.051277160645,145.978408813477,100.203285217285,40.9911651611328,417.172882080078
"2023-10-16",115.465919494629,147.170700073242,100.276222229004,41.2656860351562,421.56201171875
"2023-10-17",115.604125976562,149.119369506836,101.589538574219,41.6957702636719,421.542694091797
"2023-10-18",116.645370483398,150.302764892578,103.012283325195,42.0755348205566,415.925659179688
"2023-10-19",116.451858520508,150.462921142578,103.076110839844,42.002326965332,412.271179199219
"2023-10-20",114.314117431641,148.443099975586,101.306816101074,41.2977142333984,407.205169677734
"2023-10-23",111.807800292969,142.970901489258,99.8202285766602,40.6297035217285,406.499420166016
"2023-10-24",110.526992797852,139.385070800781,98.8534851074219,40.0577774047852,409.564117431641
"2023-10-25",110.950859069824,138.691040039062,99.0358963012695,39.9845733642578,403.686004638672
"2023-10-26",109.015830993652,137.694473266602,98.1330032348633,39.6734390258789,398.85205078125
"2023-10-27",108.545890808105,128.440689086914,96.2633666992188,38.7217559814453,397.044128417969
"2023-10-30",108.859161376953,129.988906860352,96.5643157958984,38.8498649597168,401.791076660156
"2023-10-31",109.467323303223,129.668594360352,96.5369644165039,38.9779739379883,404.314483642578
"2023-11-01",107.504676818848,128.111465454102,96.3454360961914,38.8864707946777,408.626312255859
"2023-11-02",112.434379577637,132.364624023438,99.5101470947266,40.0623512268066,416.457427978516
"2023-11-03",110.342697143555,131.341400146484,98.2971572875977,39.6597137451172,420.256958007812
"2023-11-06",109.163261413574,130.798629760742,96.5552139282227,39.2113189697266,421.223785400391
"2023-11-07",106.19620513916,128.494094848633,95.0412673950195,38.3419952392578,422.422546386719
"2023-11-08",105.459045410156,126.705589294434,93.8738784790039,37.861572265625,422.731903076172
"2023-11-09",105.182624816895,126.296333312988,93.9012451171875,37.7471885681152,419.435150146484
"2023-11-10",106.527946472168,127.195007324219,94.6217346191406,38.1635475158691,425.980316162109
"2023-11-13",106.833557128906,128.129257202148,95.6158294677734,38.4380722045898,425.574279785156
"2023-11-14",107.00023651123,129.063568115234,95.9839706420898,38.7812347412109,433.830780029297
"2023-11-15",106.527938842773,129.517333984375,95.404167175293,38.7080307006836,434.749206542969
"2023-11-16",103.712631225586,127.467346191406,94.2997207641602,37.9530830383301,435.280975341797
"2023-11-17",106.120452880859,129.885971069336,96.6006164550781,38.7492065429688,435.822418212891
"2023-11-20",106.861328125,129.814041137695,96.1772613525391,38.8041076660156,439.177185058594
"2023-11-21",106.657592773438,129.508361816406,96.1404266357422,38.7171821594238,438.220001220703
"2023-11-22",106.36124420166,129.769073486328,95.7262802124023,38.6988830566406,439.911895751953
"2023-11-24",106.95393371582,130.281585693359,96.2416687011719,38.8590240478516,440.182556152344
"2023-11-27",106.314933776855,129.796035766602,95.6802597045898,38.7217559814453,439.389801025391
"2023-11-28",106.481628417969,130.830032348633,95.6250381469727,38.7309112548828,439.824859619141
"2023-11-29",105.546272277832,129.391464233398,94.1892776489258,38.4426536560059,439.515533447266
"2023-11-30",107.028022766113,129.112716674805,94.5574264526367,38.6988830566406,441.246032714844
"2023-12-01",106.71314239502,130.200668334961,94.7875061035156,38.9001960754395,443.8564453125
"2023-12-04",106.064895629883,130.254608154297,94.2721176147461,38.7217559814453,441.526458740234
"2023-12-05",104.777626037598,128.447387695312,92.4406051635742,38.0445938110352,441.439483642578
"2023-12-06",102.351272583008,128.150680541992,91.2165374755859,37.4772415161133,439.660491943359
"2023-12-07",102.656875610352,128.0517578125,90.5814819335938,37.2210159301758,443.015350341797
"2023-12-08",103.786720275879,129.751083374023,91.6214828491211,37.6236572265625,444.919921875
"2023-12-11",103.870063781738,129.787063598633,91.6859130859375,37.6694107055664,446.650451660156
"2023-12-12",102.851341247559,128.123718261719,90.2409591674805,37.1523742675781,448.690368652344
"2023-12-13",103.582962036133,130.020858764648,91.0416564941406,37.6694107055664,454.877899169922
"2023-12-14",106.453842163086,134.804107666016,93.4898071289062,38.7766609191895,456.337768554688
"2023-12-15",106.074142456055,134.282638549805,92.8639678955078,38.5707664489746,455.58642578125
"2023-12-18",106.407531738281,134.579330444336,93.5542373657227,38.8858108520508,458.149139404297
"2023-12-19",107.880012512207,136.341583251953,94.7875061035156,39.3523635864258,460.935089111328
"2023-12-20",108.065223693848,135.091857910156,93.2044906616211,38.987434387207,454.547760009766
"2023-12-21",108.194900512695,135.505432128906,93.6278686523438,39.1398773193359,458.857788085938
"2023-12-22",108.963554382324,135.811126708984,93.7935409545898,39.2553558349609,459.779968261719
"2023-12-26",110.223014831543,137.033935546875,94.0052185058594,39.5925674438477,461.721374511719
"2023-12-27",109.732192993164,136.584365844727,93.5634384155273,39.4170341491699,462.556243896484
"2023-12-28",107.889274597168,134.660247802734,92.2105255126953,38.816520690918,462.730926513672
"2023-12-29",107.491065979004,134.111801147461,92.0172424316406,38.7287483215332,461.391357421875
"2024-01-02",108.898719787598,134.399536132812,94.2076873779297,39.1444931030273,458.809204101562
"2024-01-03",111.065765380859,136.962005615234,94.9991989135742,39.7819633483887,455.062255859375
"2024-01-04",107.870750427246,135.460464477539,94.1708755493164,39.0844345092773,453.596466064453
"2024-01-05",107.917068481445,135.226715087891,94.4561767578125,39.1167678833008,454.2177734375
"2024-01-08",106.037101745605,134.417510986328,92.8823776245117,38.6640739440918,460.702117919922
"2024-01-09",104.425720214844,131.000869750977,91.73193359375,38.0450820922852,460.003112792969
"2024-01-10",102.96248626709,129.921936035156,90.8299865722656,37.6709136962891,462.604675292969
"2024-01-11",102.795799255371,130.623229980469,90.8115768432617,37.7679252624512,462.400848388672
"2024-01-12",103.444046020508,132.412490844727,91.9896240234375,38.1929016113281,462.72119140625
"2024-01-16",100.610221862793,129.193634033203,89.9096298217773,37.2828826904297,461.0224609375
"2024-01-17",99.6193161010742,128.681167602539,89.2561798095703,36.9733924865723,458.459777832031
"2024-01-18",99.0266189575195,127.512313842773,89.0905151367188,36.9133338928223,462.536773681641
"2024-01-19",99.8971405029297,127.889945983887,89.2285614013672,37.0334320068359,468.302795410156
"2024-01-22",100.073097229004,128.114715576172,89.1089096069336,37.1720275878906,469.29296875
"2024-01-23",100.008277893066,127.755058288574,90.1120986938477,37.2505569458008,470.66162109375
"2024-01-24",101.564102172852,130.299560546875,91.6675033569336,37.7817764282227,471.176177978516
"2024-01-25",103.768196105957,133.581314086914,93.9960098266602,38.6317405700684,473.738800048828
"2024-01-26",103.93489074707,134.093826293945,94.7967147827148,38.918140411377,473.137054443359
"2024-01-29",103.351440429688,134.039886474609,94.9163513183594,38.8627090454102,476.883911132812
"2024-01-30",105.62036895752,134.97492980957,96.4993743896484,39.2645988464355,476.51513671875
"2024-01-31",103.601486206055,132.556335449219,94.6218490600586,38.5301094055176,468.739624023438
"2024-02-01",103.14769744873,132.969924926758,94.2352905273438,38.5254974365234,474.874572753906
"2024-02-02",102.453140258789,136.881103515625,93.848747253418,38.5809288024902,479.873748779297
"2024-02-05",101.841934204102,136.962005615234,93.4621963500977,38.4839248657227,478.126403808594
"2024-02-06",103.277366638184,136.979995727539,94.1064376831055,38.6086463928223,479.514556884766
"2024-02-07",104.01823425293,136.782165527344,94.0788421630859,38.6871719360352,483.513885498047
"2024-02-08",105.481452941895,138.517486572266,95.6894607543945,39.0844345092773,483.727508544922
"2024-02-09",102.943977355957,135.802139282227,93.6646728515625,38.4839248657227,486.523223876953
"2024-02-12",102.888404846191,136.737243652344,94.9531784057617,38.9089050292969,486.309661865234
"2024-02-13",101.656715393066,135.406524658203,94.1357345581055,38.5162620544434,479.611663818359
"2024-02-14",101.980834960938,135.775177001953,93.6712799072266,38.479305267334,483.970153808594
"2024-02-15",103.529113769531,140.392501831055,96.355827331543,39.5509948730469,487.309478759766
"2024-02-16",103.128051757812,140.547027587891,96.355827331543,39.5279006958008,484.882629394531
"2024-02-20",102.167381286621,139.974411010742,95.4455108642578,39.1675872802734,482.213195800781
"2024-02-21",105.273254394531,141.283233642578,97.3962020874023,39.9020690917969,482.649993896484
"2024-02-22",104.666999816895,141.274154663086,97.3126068115234,39.9713554382324,492.638641357422
"2024-02-23",104.004791259766,140.574310302734,96.4580078125,39.7080535888672,492.978424072266
"2024-02-26",104.853538513184,140.383407592773,96.8388595581055,39.8466339111328,491.172943115234
"2024-02-27",104.098052978516,138.301971435547,96.6345062255859,39.6757164001465,492.085388183594
"2024-02-28",104.499114990234,138.465576171875,96.9038925170898,39.5971946716309,491.435028076172
"2024-02-29",104.965454101562,138.165649414062,97.0896530151367,39.7911987304688,493.20166015625
"2024-03-01",106.551040649414,138.892776489258,98.3158340454102,40.2531356811523,497.832000732422
"2024-03-04",104.126037597656,135.320709228516,96.9410400390625,39.8235359191895,497.298065185547
"2024-03-05",103.734306335449,135.966018676758,98.1300354003906,40.1191749572754,492.328063964844
"2024-03-06",104.452484130859,134.82080078125,99.1797180175781,40.2439041137695,494.822814941406
"2024-03-07",105.152000427246,135.766052246094,99.737060546875,40.5857315063477,499.734619140625
"2024-03-08",105.394493103027,136.229629516602,100.675262451172,40.7289352416992,496.735107421875
"2024-03-11",107.493064880371,138.156539916992,101.269760131836,41.1492958068848,496.308044433594
"2024-03-12",107.278533935547,138.056579589844,100.619522094727,41.0846214294434,501.64697265625
"2024-03-13",109.638252258301,139.874404907227,101.743507385254,41.7405700683594,500.860626220703
"2024-03-14",111.718170166016,141.519561767578,103.545585632324,42.1701774597168,499.870544433594
"2024-03-15",111.960678100586,141.383239746094,103.359802246094,42.2948989868164,496.438140869141
"2024-03-18",112.165863037109,141.255996704102,104.316581726074,42.4411125183105,499.388488769531
"2024-03-19",113.807411193848,142.35578918457,105.050415039062,42.9254188537598,502.163726806641
"2024-03-20",113.704811096191,140.474319458008,104.957527160645,42.8648796081543,506.808380126953
"2024-03-21",115.197135925293,140.756088256836,105.422004699707,43.1209945678711,508.483154296875
"2024-03-22",114.74942779541,140.574310302734,105.422004699707,43.0278587341309,507.519195556641
"2024-03-25",117.73405456543,142.219451904297,106.499519348145,43.4283409118652,506.117034912109
"2024-03-26",117.510200500488,141.12873840332,105.700668334961,43.0930557250977,505.182220458984
"2024-03-27",118.30298614502,142.110382080078,106.796783447266,43.4935340881348,509.427703857422
"2024-03-28",118.713386535645,143.373764038086,107.976493835449,43.9638595581055,509.330322265625
"2024-04-01",120.019149780273,144.591735839844,108.673164367676,44.2898216247559,508.444274902344
"2024-04-02",121.875205993652,145.227966308594,110.800384521484,44.9091720581055,505.211486816406
"2024-04-03",122.770606994629,145.827865600586,110.818969726562,45.2165031433105,505.766448974609
"2024-04-04",122.882545471191,146.055099487305,111.209098815918,45.1885643005371,499.593048095703
"2024-04-05",124.533409118652,146.882247924805,112.741813659668,45.6728706359863,504.812194824219
"2024-04-08",123.507446289062,146.582275390625,111.980094909668,45.384147644043,505.094696044922
"2024-04-09",123.348876953125,147.245788574219,112.565307617188,45.3981170654297,505.678894042969
"2024-04-10",123.880508422852,147.854766845703,113.512794494629,45.5378189086914,500.615417480469
"2024-04-11",123.973785400391,147.145812988281,113.131950378418,45.5052261352539,504.393493652344
"2024-04-12",122.369560241699,144.482666015625,111.812896728516,44.7648048400879,497.431304931641
"2024-04-15",121.483474731445,143.237426757812,111.171943664551,44.345703125,491.199462890625
"2024-04-16",120.811943054199,142.046737670898,110.252326965332,43.9592018127441,490.303588867188
"2024-04-17",119.692710876465,142.155807495117,110.196578979492,43.8334655761719,487.40185546875
"2024-04-18",119.207710266113,143.219253540039,110.094413757324,43.6984176635742,486.398956298828
"2024-04-19",120.672035217285,145.427963256836,111.357734680176,44.2246322631836,482.153442382812
"2024-04-22",120.625396728516,147.173065185547,111.989379882812,44.5133438110352,486.59375
"2024-04-23",121.101066589355,148.018371582031,112.425971984863,44.7601547241211,492.367919921875
"2024-04-24",120.578765869141,148.672821044922,112.444557189941,44.7927436828613,492.13427734375
"2024-04-25",121.352897644043,150.227066040039,112.704643249512,44.9976463317871,490.264678955078
"2024-04-26",121.474166870117,150.781509399414,109.574211120605,44.5831985473633,494.909362792969
"2024-04-29",121.455505371094,151.181427001953,111.134780883789,44.8858833312988,496.662048339844
"2024-04-30",117.165107727051,146.582275390625,109.862182617188,43.5494041442871,488.794342041016
"2024-05-01",115.971252441406,145.091659545898,107.781433105469,42.8555641174316,487.207153320312
"2024-05-02",114.021934509277,146.091461181641,107.976493835449,43.102367401123,491.764221191406
"2024-05-03",114.003273010254,145.655166625977,107.753555297852,43.1070213317871,497.859771728516
"2024-05-06",115.234443664551,147.518493652344,108.450233459473,43.4469718933105,503.001068115234
"2024-05-07",115.225112915039,147.854766845703,107.911476135254,43.4050445556641,503.55615234375
"2024-05-08",114.777397155762,147.736618041992,107.892883300781,43.3538284301758,503.604766845703
"2024-05-09",115.085189819336,150.381561279297,110.02010345459,43.9359092712402,506.506500244141
"2024-05-10",114.428161621094,150.717880249023,109.574211120605,43.6937675476074,507.159027099609
"2024-05-13",114.127784729004,149.545364379883,109.527778625488,43.5773468017578,507.22705078125
"2024-05-14",113.611549377441,148.70915222168,110.192657470703,43.6332244873047,509.554260253906
"2024-05-15",113.292419433594,148.200149536133,111.044830322266,43.7310218811035,515.864135742188
"2024-05-16",112.475807189941,147.897186279297,110.379936218262,43.6099472045898,514.802673339844
"2024-05-17",114.240432739258,149.347793579102,112.037467956543,44.2199745178223,515.542846679688
"2024-05-20",113.470764160156,147.943115234375,111.129096984863,43.9312553405762,516.136840820312
"2024-05-21",113.020233154297,146.868911743164,110.361228942871,43.7170448303223,517.402648925781
"2024-05-22",110.936470031738,144.665466308594,108.141830444336,42.8788452148438,515.912841796875
"2024-05-23",110.42960357666,144.08708190918,106.297004699707,42.487678527832,512.144409179688
"2024-05-24",110.054145812988,144.83073425293,106.212730407715,42.548225402832,515.533020019531
"2024-05-28",111.659210205078,146.015090942383,107.561218261719,42.9859466552734,515.893371582031
"2024-05-29",108.176895141602,144.050354003906,106.409378051758,42.2269058227539,512.280639648438
"2024-05-30",106.609390258789,145.298980712891,106.746505737305,42.3479843139648,508.882385253906
"2024-05-31",109.331413269043,149.008102416992,109.808708190918,43.4003944396973,513.517456054688
"2024-06-03",106.88158416748,144.564468383789,107.177261352539,42.26416015625,513.936096191406
"2024-06-04",105.379776000977,143.343399047852,105.510368347168,41.8590278625488,514.5107421875
"2024-06-05",105.342239379883,142.287582397461,105.931793212891,41.8543663024902,520.625610351562
"2024-06-06",105.314071655273,143.159774780273,106.72777557373,42.0732383728027,520.615966796875
"2024-06-07",105.126350402832,143.297500610352,105.585304260254,41.9055938720703,519.98291015625
"2024-06-10",106.346580505371,143.903457641602,105.894332885742,42.2222480773926,521.589599609375
"2024-06-11",106.656318664551,143.673934936523,105.042144775391,42.1384315490723,522.845764160156
"2024-06-12",105.304695129395,141.589828491211,103.880958557129,41.6867294311523,527.139892578125
"2024-06-13",104.08447265625,140.322830200195,103.047492980957,41.3048820495605,528.201232910156
"2024-06-14",102.676528930664,140.074966430664,102.17658996582,40.9975357055664,528.522644042969
"2024-06-17",102.817337036133,140.644195556641,101.474266052246,41.1046447753906,532.729125976562
"2024-06-18",102.695304870605,140.772720336914,102.429443359375,41.2769393920898,534.082580566406
"2024-06-20",104.497482299805,143.811630249023,104.63948059082,42.0359802246094,532.631774902344
"2024-06-21",104.506858825684,142.563003540039,103.721755981445,41.7938346862793,531.917724609375
"2024-06-24",108.101806640625,146.262985229492,106.802696228027,42.84765625,530.188537597656
"2024-06-25",107.93285369873,145.482604980469,107.102363586426,42.946231842041,532.230224609375
"2024-06-26",106.637542724609,143.178146362305,107.139823913574,42.5237655639648,532.894592285156
"2024-06-27",106.975440979004,143.517852783203,107.598678588867,42.6223449707031,533.734558105469
"2024-06-28",107.360282897949,143.609649658203,107.804695129395,42.7866363525391,531.634338378906
"2024-07-01",107.341514587402,143.701477050781,107.654861450195,42.8101043701172,532.728576660156
"2024-07-02",107.116256713867,143.912643432617,106.924430847168,42.7772445678711,536.313598632812
"2024-07-03",107.726341247559,143.875915527344,107.467582702637,42.965015411377,538.706970214844
"2024-07-05",105.642616271973,141.672470092773,106.165908813477,42.293758392334,541.8134765625
"2024-07-08",105.342239379883,141.690811157227,105.051513671875,42.0355796813965,542.438598632812
"2024-07-09",104.366065979004,140.451385498047,103.890319824219,41.6647415161133,542.966125488281
"2024-07-10",105.623825073242,142.42529296875,104.808036804199,41.9463958740234,548.3388671875
"2024-07-11",106.994209289551,142.544647216797,106.053527832031,42.3829460144043,543.610900878906
"2024-07-12",106.196403503418,142.847640991211,106.072250366211,42.4909019470215,547.039733886719
"2024-07-15",107.538619995117,145.096954345703,107.888977050781,43.1339950561523,548.544128417969
"2024-07-16",108.120590209961,144.849090576172,108.666229248047,43.3264541625977,551.797119140625
"2024-07-17",108.955947875977,148.02571105957,110.164558410645,43.7583122253418,544.060302734375
"2024-07-18",109.453437805176,148.705123901367,111.250854492188,43.8381080627441,539.879028320312
"2024-07-19",107.332122802734,146.116058349609,108.694328308105,43.3593139648438,536.294067382812
"2024-07-22",105.426719665527,144.132965087891,107.945152282715,43.0870590209961,541.823181152344
"2024-07-23",104.028167724609,141.470489501953,106.203369140625,42.4017219543457,540.973327636719
"2024-07-24",104.281593322754,142.370223999023,107.701698303223,42.4064140319824,528.713500976562
"2024-07-25",104.215888977051,144.637939453125,109.967903137207,43.1386947631836,525.958679199219
"2024-07-26",104.056312561035,144.913345336914,109.87425994873,43.2748222351074,531.849304199219
"2024-07-29",102.423110961914,143.774917602539,108.722412109375,42.9039878845215,532.161865234375
"2024-07-30",103.164611816406,146.501678466797,110.66088104248,43.5705490112305,529.465881347656
"2024-07-31",104.375450134277,147.327972412109,111.054183959961,43.7536163330078,538.072021484375
"2024-08-01",101.737915039062,140.120849609375,109.518402099609,42.5941772460938,530.452331542969
"2024-08-02",99.2787017822266,136.384201049805,109.452850341797,41.4957618713379,520.576232910156
"2024-08-05",98.15234375,132.812744140625,107.476928710938,40.5804100036621,505.415130615234
"2024-08-06",99.3068695068359,131.499877929688,106.905708312988,40.8292007446289,510.074737548828
"2024-08-07",100.36750793457,130.747024536133,108.329124450684,40.9934883117676,506.665405273438
"2024-08-08",101.625267028809,132.656692504883,110.398681640625,41.8759803771973,518.378295898438
"2024-08-09",101.944404602051,133.115753173828,111.297660827637,41.9698638916016,520.664184570312
"2024-08-12",104.024314880371,133.143295288086,111.438140869141,42.176399230957,520.937622070312
"2024-08-13",102.426567077637,132.344512939453,110.370582580566,41.7680130004883,529.5048828125
"2024-08-14",103.362533569336,132.821929931641,111.391319274902,42.0121116638184,531.175170898438
"2024-08-15",105.158828735352,134.77751159668,112.080444335938,42.5143775939941,540.279724121094
"2024-08-16",105.111549377441,135.209030151367,111.551788330078,42.4674415588379,541.491027832031
"2024-08-19",105.640983581543,136.31379699707,111.891639709473,42.753776550293,546.668518066406
"2024-08-20",103.854141235352,134.327056884766,108.162857055664,41.6272010803223,545.779541015625
"2024-08-21",103.636703491211,134.91194152832,107.473739624023,41.6976089477539,547.655151367188
"2024-08-22",103.96760559082,135.292556762695,108.30445098877,41.8055686950684,543.356872558594
"2024-08-23",105.319549560547,137.04719543457,109.805404663086,42.4298896789551,549.130126953125
"2024-08-26",107.36164855957,137.864181518555,112.155952453613,42.8101043701172,547.821166992188
"2024-08-27",106.293327331543,136.425186157227,111.089241027832,42.4111061096191,548.573425292969
"2024-08-28",106.028610229492,135.543228149414,109.994209289551,42.1388511657715,545.388854980469
"2024-08-29",108.12744140625,136.861511230469,111.514038085938,42.688060760498,545.4375
"2024-08-30",107.579093933105,137.353561401367,111.334693908691,42.84765625,550.644409179688
"2024-09-03",103.854141235352,134.299194335938,109.003005981445,41.7821044921875,539.312622070312
"2024-09-04",102.634552001953,131.894714355469,107.671981811523,41.2047309875488,538.208801269531
"2024-09-05",101.585144042969,130.836349487305,106.831832885742,40.8855247497559,536.899719238281
"2024-09-06",100.233200073242,128.636093139648,106.331512451172,40.3738746643066,527.863647460938
"2024-09-09",99.8361206054688,130.251480102539,108.568794250488,40.6649017333984,533.773681640625
"2024-09-10",98.3234558105469,128.329727172852,104.613441467285,39.9654884338379,536.098754882812
"2024-09-11",96.9715042114258,128.004821777344,103.575042724609,39.5946502685547,541.598510742188
"2024-09-12",97.2834930419922,129.239532470703,105.00048828125,39.9514045715332,546.160583496094
"2024-09-13",97.8507461547852,130.539260864258,104.924957275391,40.1767196655273,549.013000488281
"2024-09-16",99.7888565063477,131.913269042969,106.397583007812,40.6367416381836,549.82373046875
"2024-09-17",102.379302978516,133.138748168945,107.785263061523,41.1859474182129,550.048400878906
"2024-09-18",102.691291809082,133.649322509766,108.162857055664,41.265754699707,548.417175292969
"2024-09-19",104.51594543457,134.605590820312,109.50333404541,41.7586364746094,557.775512695312
"2024-09-20",103.873062133789,135.246139526367,108.81420135498,41.6647415161133,556.811340332031
"2024-09-23",103.70287322998,136.972915649414,110.787155151367,42.1792068481445,558.202697753906
"2024-09-24",102.965461730957,136.889358520508,110.494529724121,42.0750846862793,559.799926757812
"2024-09-25",99.9590301513672,133.658615112305,108.342208862305,41.2515678405762,558.565307617188
"2024-09-26",96.725700378418,131.820449829102,106.482543945312,40.4422492980957,560.779846191406
"2024-09-27",99.0041580200195,135.069747924805,109.333419799805,41.2657699584961,559.966552734375
"2024-09-30",99.5335845947266,136.722290039062,110.655006408691,41.5544738769531,562.210510253906
"2024-10-01",103.400352478027,138.978225708008,113.213233947754,42.5010414123535,557.173950195312
"2024-10-02",104.336311340332,140.138702392578,114.714172363281,42.936466217041,557.408996582031
"2024-10-03",106.283866882324,140.417221069336,115.714813232422,43.6937217712402,556.390014648438
"2024-10-04",108.288154602051,139.943740844727,117.838790893555,44.1007499694824,561.446105957031
"2024-10-07",108.458335876465,140.296508789062,118.34854888916,44.2569351196289,556.370300292969
"2024-10-08",104.752288818359,138.096252441406,115.205062866211,43.102123260498,561.632263183594
"2024-10-09",104.913017272949,138.93180847168,115.252250671387,43.3624229431152,565.522338867188
"2024-10-10",105.754432678223,139.832336425781,116.243461608887,43.6558570861816,564.532653808594
"2024-10-11",104.45922088623,140.57502746582,116.687118530273,43.9256324768066,567.913269042969
"2024-10-14",103.49488067627,140.909255981445,117.130798339844,43.9067001342773,572.557861328125
"2024-10-15",99.4674072265625,137.149322509766,113.609710693359,42.491569519043,568.109313964844
"2024-10-16",99.4201431274414,138.077713012695,113.90234375,42.6950912475586,570.578491210938
"2024-10-17",100.356094360352,140.370803833008,113.609710693359,42.8986015319824,570.627502441406
"2024-10-18",99.9022979736328,139.953033447266,113.28874206543,42.7566184997559,572.822448730469
"2024-10-21",99.259407043457,140.073715209961,113.354820251465,42.6288299560547,571.881713867188
"2024-10-22",99.2688674926758,140.110855102539,113.94010925293,42.7282218933105,571.577880859375
"2024-10-23",98.8056106567383,139.702362060547,113.534187316895,42.5057792663574,566.355163574219
"2024-10-24",98.6732482910156,139.674530029297,112.892250061035,42.5010414123535,567.580139160156
"2024-10-25",98.8528900146484,140.008728027344,112.797866821289,42.4868469238281,567.384155273438
"2024-10-28",97.6238555908203,139.758071899414,112.240905761719,42.2170677185059,569.138061523438
"2024-10-29",96.7351455688477,137.882751464844,110.711631774902,41.5734024047852,570.059204101562
"2024-10-30",97.359130859375,137.446411132812,110.154685974121,41.6680603027344,568.334655761719
"2024-10-31",103.561073303223,138.161270141602,110.239646911621,41.9283676147461,557.193542480469
"2024-11-01",101.953857421875,142.106857299805,108.512138366699,41.663330078125,559.545166015625
"2024-11-04",102.918182373047,142.942398071289,111.967155456543,42.3921890258789,558.339904785156
"2024-11-05",103.249076843262,142.422515869141,112.297554016113,42.6761589050293,565.09130859375
"2024-11-06",107.427825927734,146.423828125,114.223304748535,44.2805938720703,579.142639160156
"2024-11-07",106.264961242676,145.541885375977,114.364898681641,44.0770797729492,583.620544433594
"2024-11-08",106.236404418945,145.690383911133,114.327140808105,44.3705177307129,586.148681640625
"2024-11-11",106.674339294434,145.29118347168,113.722984313965,44.6213645935059,586.707153320312
"2024-11-12",105.331985473633,144.167846679688,113.609710693359,44.3847160339355,584.884582519531
"2024-11-13",106.455383300781,147.352203369141,114.666984558105,44.7302207946777,585.168762207031
"2024-11-14",107.502593994141,150.211608886719,114.743118286133,44.9005966186523,581.406066894531
"2024-11-15",106.931381225586,149.858840942383,113.553428649902,44.8343467712402,573.959045410156
"2024-11-18",108.302299499512,150.768539428711,114.505180358887,45.4306793212891,576.310852050781
"2024-11-19",107.664436340332,149.680618286133,112.906242370605,45.141975402832,578.417358398438
"2024-11-20",107.988136291504,151.303131103516,114.514701843262,45.5963287353516,578.613586425781
"2024-11-21",106.531532287598,151.584457397461,116.047012329102,45.9654960632324,581.719665527344
"2024-11-22",106.388725280762,152.269088745117,115.913772583008,46.0364837646484,583.522583007812
"2024-11-25",101.009788513184,150.39338684082,114.181587219238,45.1277770996094,585.501953125
"2024-11-26",101.657165527344,152.428527832031,112.278091430664,45.0662536621094,588.559204101562
"2024-11-27",102.237907409668,152.034622192383,111.983047485352,45.018928527832,586.775695800781
"2024-11-29",103.142318725586,151.865814208984,112.268569946289,45.2129745483398,590.420776367188
"2024-12-02",101.047866821289,152.12841796875,112.163887023926,44.7349510192871,591.479064941406
"2024-12-03",100.962196350098,151.8564453125,111.992546081543,44.7302207946777,591.753601074219
"2024-12-04",98.5440444946289,148.480194091797,108.766120910645,43.6511268615723,595.427978515625
"2024-12-05",99.4294281005859,149.42741394043,109.241996765137,43.8215103149414,594.448059082031
"2024-12-06",98.2679672241211,145.591613769531,108.090377807617,43.0784530639648,595.575012207031
"2024-12-09",98.2108459472656,147.317230224609,107.452713012695,43.0074577331543,592.508056640625
"2024-12-10",97.44921875,147.242202758789,107.233795166016,42.7140235900879,590.665832519531
"2024-12-11",97.2873840332031,146.501327514648,106.519981384277,42.7850151062012,595.232055664062
"2024-12-12",96.0687942504883,145.09455871582,106.424812316895,42.439510345459,592.165100097656
"2024-12-13",96.1735000610352,144.306762695312,105.492088317871,42.2265357971191,592.047485351562
"2024-12-16",94.7930755615234,140.077072143555,103.236442565918,41.2988967895508,594.575500488281
"2024-12-17",93.5459213256836,138.904769897461,102.798652648926,40.9912643432617,592.125915527344
"2024-12-18",91.2515411376953,135.125213623047,101.285362243652,39.779655456543,574.478515625
"2024-12-19",90.6136779785156,132.377304077148,100.41926574707,39.4341583251953,574.302001953125
"2024-12-20",90.5565719604492,133.9716796875,100.761894226074,39.8222465515137,581.200012207031
"2024-12-23",91.756103515625,134.084228515625,101.171142578125,40.0561027526855,584.680358886719
"2024-12-24",92.4510879516602,134.900131225586,101.266319274902,40.3949546813965,591.179077148438
"2024-12-26",92.2416381835938,135.03141784668,101.351974487305,40.3615493774414,591.218505859375
"2024-12-27",92.2702102661133,135.050201416016,101.342460632324,40.3567771911621,584.994995117188
"2024-12-30",92.4320449829102,134.177993774414,100.657203674316,40.3520050048828,578.319274902344
"2024-12-31",94.4122543334961,135.837966918945,102.379867553711,40.881763458252,576.21533203125
"2025-01-02",95.2786178588867,137.591781616211,102.132415771484,41.3590126037598,574.799499511719
"2025-01-03",96.2401428222656,138.660919189453,102.655883789062,41.7455902099609,581.986450195312
"2025-01-06",95.1929244995117,138.107543945312,102.541664123535,41.5546875,585.339050292969
"2025-01-07",96.7923278808594,140.292770385742,103.5029296875,41.9699020385742,578.722473144531
"2025-01-08",96.7447357177734,140.958633422852,101.770751953125,42.0128555297852,579.567810058594
"2025-01-10",97.0303192138672,143.622116088867,101.399566650391,42.1846694946289,570.719299316406
"2025-01-13",99.2295074462891,145.694763183594,104.016883850098,43.0723648071289,571.604248046875
"2025-01-14",99.8483200073242,147.1484375,104.426147460938,43.5353050231934,572.390747070312
"2025-01-15",100.419540405273,148.489562988281,106.129760742188,44.1795997619629,582.802551269531
"2025-01-16",100.543304443359,149.474304199219,105.948936462402,44.4993553161621,581.681762695312
"2025-01-17",100.771781921387,151.434417724609,106.900703430176,44.8429832458496,587.521728515625
"2025-01-21",99.277099609375,148.405151367188,106.09171295166,44.6139030456543,592.899597167969
"2025-01-22",98.1156311035156,146.688903808594,104.245307922363,43.802562713623,596.232543945312
"2025-01-23",99.0010223388672,146.313766479492,104.835380554199,44.0030097961426,599.486938476562
"2025-01-24",96.9446563720703,145.976119995117,103.417289733887,43.5782508850098,597.73681640625
"2025-01-27",97.7633819580078,147.457931518555,104.854423522949,43.1248664855957,589.281555175781
"2025-01-28",96.5162353515625,146.501327514648,102.827201843262,42.7144241333008,594.344909667969
"2025-01-29",96.6875915527344,146.013641357422,103.426803588867,42.8098678588867,591.680541992188
"2025-01-30",96.592399597168,146.6044921875,104.28337097168,43.029411315918,594.856140136719
"2025-01-31",94.0885772705078,139.917633056641,101.675582885742,41.8267250061035,591.690246582031
"2025-02-03",93.7553634643555,140.058288574219,101.923034667969,42.0892143249512,587.708435058594
"2025-02-04",95.7546234130859,143.697158813477,104.654556274414,42.9721374511719,591.651000976562
"2025-02-05",95.4023590087891,143.4814453125,104.578422546387,43.0628204345703,594.049926757812
"2025-02-06",95.1453170776367,142.459197998047,103.198371887207,42.2705764770508,596.114685058594
"2025-02-07",93.6411209106445,143.134429931641,103.636184692383,42.2657928466797,590.658020019531
"2025-02-10",94.707389831543,146.088668823242,105.615829467773,43.1964530944824,594.669311523438
"2025-02-11",96.8303985595703,147.654861450195,106.282051086426,43.5448417663574,595.12158203125
"2025-02-12",93.67919921875,145.272735595703,103.084373474121,42.4948844909668,593.204345703125
"2025-02-13",92.2511749267578,146.191833496094,103.833381652832,42.8146476745605,599.467224121094
"2025-02-14",92.3855285644531,147.301284790039,103.939002990723,42.986457824707,599.437683105469
"2025-02-18",93.5276336669922,148.078857421875,105.76350402832,43.573486328125,601.197509765625
"2025-02-19",95.5623092651367,149.093475341797,105.91716003418,43.9170989990234,602.613342285156
"2025-02-20",97.8944854736328,150.572723388672,107.549598693848,44.3180046081543,600.106262207031
"2025-02-21",93.997917175293,148.799530029297,106.291664123535,43.396900177002,589.841979980469
"2025-02-24",94.8424911499023,149.719329833984,106.848594665527,43.4064407348633,587.158020019531
"2025-02-25",93.1725234985352,148.325393676758,105.36979675293,42.7812347412109,584.237976074219
"2025-02-26",92.2607650756836,147.111633300781,105.110534667969,42.5378379821777,584.532775878906
"2025-02-27",93.4508666992188,148.562454223633,105.773109436035,42.7669219970703,575.202514648438
"2025-02-28",95.1592102050781,150.411529541016,106.906219482422,43.4303016662598,584.178894042969
"2025-03-03",88.9016342163086,145.167724609375,103.478088378906,41.9126358032227,573.944152832031
"2025-03-04",86.9917373657227,144.134124755859,103.266822814941,41.5069618225098,567.150451660156
"2025-03-05",85.3025741577148,143.005722045898,101.250267028809,40.9008483886719,573.246154785156
"2025-03-06",85.0338439941406,145.034973144531,103.343643188477,41.0249328613281,563.070373535156
"2025-03-07",86.9821395874023,148.249542236328,104.688011169434,41.7265014648438,566.226257324219
"2025-03-10",89.1607818603516,149.415893554688,107.357551574707,42.0367164611816,551.14453125
"2025-03-11",91.5697479248047,146.106506347656,104.822448730469,41.7026329040527,546.562805175781
"2025-03-12",93.8155670166016,144.769454956055,104.793640136719,41.8935394287109,549.463256835938
"2025-03-13",92.3183517456055,145.66081237793,104.351928710938,41.6071853637695,542.138671875
"2025-03-14",94.9672470092773,148.894348144531,107.453582763672,42.8385047912598,553.336975097656
"2025-03-17",95.3607635498047,150.506378173828,109.23966217041,43.5209884643555,557.603881835938
"2025-03-18",96.4836654663086,152.488204956055,109.124435424805,43.5925674438477,551.577026367188
"2025-03-19",97.2514572143555,155.560562133789,110.824111938477,44.3036842346191,557.584228515625
"2025-03-20",98.1920318603516,156.243270874023,111.294631958008,44.465950012207,555.971862792969
"2025-03-21",97.8177261352539,156.224334716797,110.910537719727,44.1557350158691,556.1552734375
"2025-03-24",98.0768508911133,156.480377197266,111.198616027832,44.6588363647461,566.115173339844
"2025-03-25",98.42236328125,157.352737426758,111.957206726074,44.8416061401367,567.476013183594
"2025-03-26",99.0461959838867,159.277694702148,113.570457458496,45.1061477661133,560.701293945312
"2025-03-27",98.6814880371094,158.025985717773,113.205558776855,44.66845703125,559.212280273438
"2025-03-28",98.2496032714844,157.494979858398,113.051918029785,44.4568290710449,547.950744628906
"2025-03-31",100.792930603027,158.632873535156,114.204231262207,44.9474220275879,551.628967285156
"2025-04-01",101.148048400879,159.789749145508,114.309860229492,45.2119636535645,553.187072753906
"2025-04-02",101.829475402832,157.855316162109,113.954551696777,45.274486541748,556.687866210938
"2025-04-03",91.4161834716797,148.040924072266,107.962509155273,41.7200546264648,529.253784179688
"2025-04-04",82.8168258666992,135.865371704102,100.193969726562,37.8818511962891,498.269683837891
"2025-04-07",82.2217788696289,132.897369384766,98.8496017456055,37.6365547180176,497.382171630859
"2025-04-08",79.3329391479492,129.843978881836,96.7658309936523,36.7659873962402,489.591827392578
"2025-04-09",87.8267211914062,138.473068237305,101.595962524414,39.6133766174316,541.008422851562
"2025-04-10",79.9375762939453,127.994903564453,95.9592132568359,37.0257148742676,517.301940917969
"2025-04-11",82.9128036499023,128.611267089844,99.0416717529297,37.9443817138672,526.531982421875
"2025-04-14",82.9703903198242,128.317306518555,99.2817306518555,38.0790557861328,531.640197753906
"2025-04-15",82.2697677612305,127.577659606934,99.0032424926758,38.0213356018066,530.151123046875
"2025-04-16",82.8840179443359,128.355239868164,100.049942016602,38.3339691162109,518.366882324219
"2025-04-17",85.398551940918,130.7353515625,102.671463012695,39.1997337341309,519.106506347656
"2025-04-21",84.0261154174805,126.8095703125,101.163841247559,38.1752510070801,506.750335693359
"2025-04-22",86.1471481323242,130.194839477539,103.996627807617,39.1468238830566,519.934936523438
"2025-04-23",86.3103179931641,129.606918334961,103.103584289551,39.0746803283691,527.991455078125
"2025-04-24",88.1050567626953,131.873260498047,104.313499450684,39.6999549865723,539.105163574219
"2025-04-25",88.0282669067383,131.550827026367,104.255889892578,39.6278038024902,543.000366210938
"2025-04-28",89.189567565918,132.849945068359,104.313499450684,39.9067687988281,543.207458496094
"2025-04-29",88.1818313598633,132.091354370117,104.054244995117,39.7913398742676,546.629211425781
"2025-04-30",85.5329208374023,129.018997192383,101.432708740234,38.7187538146973,546.846252441406
"2025-05-01",87.001335144043,129.20866394043,101.576759338379,38.8630523681641,550.721740722656
"2025-05-02",87.7307510375977,131.332748413086,101.98966217041,39.430606842041,558.896728515625
"2025-05-05",84.0836944580078,128.487991333008,99.1664962768555,38.7187538146973,555.691833496094
"2025-05-06",84.1028823852539,128.582824707031,100.549270629883,38.7283782958984,551.047119140625
"2025-05-07",84.1796722412109,128.762985229492,100.453254699707,38.7428016662598,553.364562988281
"2025-05-08",85.2449951171875,129.948287963867,101.855239868164,39.2526397705078,557.220336914062
"2025-05-09",85.0242462158203,131.323272705078,103.045959472656,39.647045135498,556.51025390625
"2025-05-12",88.5561218261719,134.291290283203,104.822448730469,40.6811485290527,574.901550292969
"2025-05-13",90.3796539306641,134.983520507812,105.110534667969,41.2535133361816,578.698181152344
"2025-05-14",88.8440475463867,134.338684082031,104.169479370117,41.0034027099609,579.437683105469
"2025-05-15",89.2183532714844,134.898178100586,105.225799560547,41.1765556335449,582.267944335938
"2025-05-16",88.7097015380859,134.746459960938,104.847846984863,41.1140327453613,585.955932617188
"2025-05-19",87.5094757080078,132.922836303711,103.180992126465,40.5801391601562,586.596923828125
"2025-05-20",86.8125762939453,131.751876831055,101.707931518555,40.2049751281738,584.624755859375
"2025-05-21",84.3540649414062,130.110610961914,100.457794189453,39.4642753601074,574.773315429688
"2025-05-22",83.3667831420898,129.851455688477,99.7891082763672,39.310359954834,575.000122070312
"2025-05-23",82.4569473266602,131.051193237305,99.8472518920898,39.4354133605957,571.075317382812
"2025-05-27",82.8053894042969,132.289367675781,100.322113037109,39.7769088745117,582.948303222656
"2025-05-28",81.8665161132812,130.552108764648,98.9556732177734,39.2718811035156,579.575805664062
"2025-05-29",82.8537826538086,132.366134643555,99.5177536010742,39.5652809143066,581.863586425781
"2025-05-30",82.6118087768555,131.204772949219,99.1398010253906,39.2141647338867,581.212768554688
"2025-06-02",83.937858581543,132.298950195312,99.8666381835938,39.7288131713867,584.486633300781
"2025-06-03",85.0896759033203,133.940216064453,100.593467712402,40.2001724243164,587.819763183594
"2025-06-04",83.1925506591797,131.847839355469,99.1398010253906,39.4161720275879,587.661987304688
"2025-06-05",82.6118087768555,131.396728515625,98.6843185424805,39.3776969909668,584.821899414062
"2025-06-06",84.4218063354492,134.573684692383,101.048942565918,40.1184005737305,590.827453613281
"2025-06-09",85.2154998779297,135.1015625,101.727317810059,40.1953582763672,591.359924316406
"2025-06-10",88.254768371582,137.587463378906,103.907821655273,40.9120178222656,594.712829589844
"2025-06-11",90.3551559448242,138.959976196289,105.933242797852,41.5036201477051,593.016662597656
"2025-06-12",91.6521606445312,139.142333984375,106.340270996094,41.6479148864746,595.373474121094
"2025-06-13",93.8493423461914,140.044525146484,108.656440734863,42.3741874694824,588.717224121094
"2025-06-16",91.9522171020508,140.159713745117,109.005325317383,42.2491340637207,594.318298339844
"2025-06-17",92.4361801147461,142.86637878418,110.478370666504,42.6435356140137,589.239868164062
"2025-06-18",90.7907257080078,142.232894897461,109.693397521973,42.364574432373,589.151062011719
"2025-06-20",91.6521606445312,143.538208007812,111.156753540039,42.7974510192871,587.767395019531
"2025-06-23",88.7677612304688,140.956344604492,108.288177490234,41.7151756286621,593.572998046875
"2025-06-24",86.5221939086914,137.779418945312,104.993209838867,41.1721000671387,600.130432128906
"2025-06-25",86.1447067260742,137.472290039062,105.02229309082,40.9926872253418,600.466613769531
"2025-06-26",87.9740753173828,138.633636474609,106.592247009277,41.579402923584,605.164611816406
"2025-06-27",87.2771759033203,138.009750366211,106.001091003418,41.3612060546875,608.171325683594
"2025-06-30",86.860969543457,137.433883666992,104.469902038574,41.1236038208008,611.079040527344
"2025-07-01",89.0387802124023,139.718215942383,105.86540222168,41.4387855529785,610.881286621094
"2025-07-02",91.4101867675781,142.031326293945,107.619506835938,42.1515769958496,613.650573730469
"2025-07-03",90.6745681762695,142.405654907227,108.73397064209,42.200065612793,618.486999511719
"2025-07-07",89.5808181762695,141.474639892578,107.67765045166,41.7927589416504,613.878051757812
"2025-07-08",92.7168731689453,147.07991027832,110.662498474121,42.9177017211914,613.541809082031
"2025-07-09",91.4972915649414,146.868728637695,110.284553527832,42.6994972229004,617.221008300781
"2025-07-10",92.3103485107422,147.97248840332,111.379638671875,43.0243835449219,618.961730957031
"2025-07-11",92.5426483154297,149.066665649414,111.864189147949,43.2183380126953,616.785827636719
"2025-07-14",91.1488418579102,145.553787231445,110.400840759277,42.7431449890137,617.962768554688
"2025-07-15",89.5808181762695,144.632385253906,109.42204284668,42.1273307800293,615.322082519531
"2025-07-16",88.5741806030273,143.893341064453,108.763046264648,41.7636642456055,617.379211425781
"2025-07-17",89.8324737548828,145.294662475586,108.210655212402,42.0206565856934,621.157409667969
"2025-07-18",88.7000045776367,144.008514404297,104.440826416016,41.6812286376953,620.702453613281
"2025-07-21",88.0805435180664,143.662979125977,104.712173461914,41.2496795654297,621.87939453125
"2025-07-22",89.9970245361328,144.008514404297,105.187034606934,41.4436378479004,621.968322753906
"2025-07-23",91.9909362792969,146.964706420898,106.534103393555,42.0933837890625,627.259826660156
"2025-07-24",92.5523223876953,149.565780639648,107.367538452148,42.3940238952637,627.467468261719
"2025-07-25",91.9038162231445,148.61555480957,106.98957824707,42.2340049743652,630.118103027344
"2025-07-28",93.9074096679688,149.997665405273,107.997451782227,42.7140464782715,629.959838867188
"2025-07-29",94.8462982177734,150.717529296875,109.392959594727,43.1310577392578,628.298278808594
"2025-07-30",93.5686340332031,147.387023925781,108.443237304688,42.5152435302734,627.507080078125
"2025-07-31",92.2813034057617,145.544204711914,108.191261291504,42.2873420715332,625.153137207031
"2025-08-01",89.7840728759766,145.313858032227,106.253059387207,41.5018196105957,614.906616210938
"2025-08-04",89.8711853027344,144.968307495117,104.053192138672,41.4096946716309,624.253051757812
"2025-08-05",90.2099609375,146.887924194336,103.927200317383,41.4630317687988,621.088073730469
"2025-08-06",90.1228561401367,146.638366699219,103.219757080078,41.0799674987793,625.845520019531
"2025-08-07",89.6292037963867,147.00309753418,102.677040100098,40.9199523925781,625.3212890625
"2025-08-08",90.8971939086914,148.778717041016,103.500785827637,41.1817932128906,630.197265625
"2025-08-11",90.5293807983398,147.281448364258,102.560745239258,40.8520698547363,628.950988769531
"2025-08-12",91.5553665161133,148.231643676758,102.85147857666,41.0508728027344,635.646850585938
"2025-08-13",92.8039855957031,149.604141235352,104.276077270508,41.526065826416,637.82275390625
"2025-08-14",92.5813674926758,148.922698974609,104.062873840332,41.4872741699219,637.882141113281
"2025-08-15",92.2716369628906,150.2568359375,104.160682678223,41.4872741699219,636.388671875
"2025-08-18",91.7348937988281,149.076263427734,104.385650634766,41.2399787902832,636.250122070312
"2025-08-19",91.5006713867188,147.513778686523,105.070335388184,41.2545280456543,632.798400878906
"2025-08-20",92.6034317016602,148.697784423828,106.156059265137,41.598804473877,631.117065429688
"2025-08-21",92.4960861206055,150.959030151367,106.840751647949,41.8848838806152,628.585083007812
"2025-08-22",94.4478988647461,153.511383056641,108.845909118652,42.7382926940918,638.238098144531
"2025-08-25",95.8141555786133,153.530792236328,109.295845031738,42.8498191833496,635.42919921875
"2025-08-26",94.7113952636719,152.715591430664,109.051315307617,42.7819366455078,638.089782714844
"2025-08-27",95.5409088134766,154.540115356445,110.283752441406,43.2619819641113,639.543640136719
"2025-08-28",96.0776519775391,154.617752075195,110.870628356934,43.5917053222656,641.80859375
"2025-08-29",96.5851211547852,155.859970092773,111.790069580078,43.8293037414551,637.98095703125
"2025-09-02",96.6046371459961,157.053665161133,112.181312561035,43.8923377990723,633.253356933594
"2025-09-03",92.3692245483398,153.394943237305,109.462135314941,42.9080047607422,636.685302734375
"2025-09-04",93.4622268676758,153.035858154297,109.94140625,43.1940956115723,642.006408691406
"2025-09-05",90.7101898193359,149.124801635742,106.840751647949,42.3600807189941,640.146911621094
"2025-09-08",89.1975326538086,149.45475769043,107.44718170166,42.2631034851074,641.719604492188
"2025-09-09",89.6464538574219,150.279678344727,108.229690551758,42.4667549133301,643.203125
"2025-09-10",92.0471725463867,153.132888793945,110.03923034668,43.2086410522461,645.062561035156
"2025-09-11",91.8617477416992,153.579330444336,109.687103271484,43.2183380126953,650.423095703125
"2025-09-12",90.2027206420898,152.47297668457,109.706657409668,42.9613456726074,650.205444335938
"2025-09-15",90.1051254272461,152.667068481445,109.892501831055,42.8158760070801,653.667114257812
"2025-09-16",92.2618713378906,154.83122253418,112.171539306641,43.533519744873,652.767150878906
"2025-09-17",91.5592193603516,155.365005493164,112.768196105957,43.6353454589844,651.956176757812
"2025-09-18",91.2274169921875,154.151916503906,111.437942504883,43.4995727539062,655.002380371094
"2025-09-19",89.7050018310547,151.599533081055,110.35221862793,42.922550201416,658.246520996094
"2025-09-22",89.792839050293,151.444259643555,109.569717407227,42.8731575012207,661.360778808594
"2025-09-23",91.217658996582,152.773803710938,111.457504272461,43.6115951538086,657.760620117188
"2025-09-24",93.3256072998047,154.481857299805,112.054161071777,44.1788711547852,655.667846679688
"2025-09-25",94.477165222168,155.976409912109,113.061630249023,44.5749816894531,652.642944335938
"2025-09-26",96.10693359375,155.43293762207,114.655982971191,44.985767364502,656.382019042969
"2025-09-29",93.5403060913086,151.492782592773,111.721603393555,44.159309387207,658.226684570312
"2025-09-30",92.310661315918,150.706665039062,110.283752441406,43.6898384094238,660.706115722656
"2025-10-01",93.1597061157227,150.017639160156,109.540374755859,43.6898384094238,662.957458496094
"2025-10-02",91.1298217773438,148.843338012695,108.855690002441,43.2497138977051,663.721069335938
"2025-10-03",91.8910369873047,149.018035888672,110.782600402832,43.4795570373535,663.711242675781
"2025-10-06",92.6229553222656,149.474166870117,111.702033996582,43.6947326660156,666.091491699219
"2025-10-07",92.9352493286133,150.337890625,111.760726928711,43.7631950378418,663.621948242188
"2025-10-08",91.4909057617188,149.202423095703,111.525970458984,43.5088958740234,667.579162597656
"2025-10-09",89.7342834472656,147.164413452148,110.44026184082,42.9171752929688,665.645202636719
"2025-10-10",85.5281372070312,144.505264282227,108.307945251465,41.6750411987305,647.654235839844
"2025-10-13",86.6406707763672,147.45556640625,109.78490447998,42.2423095703125,657.591918945312
"2025-10-14",86.0453720092773,147.892272949219,109.83381652832,42.2374229431152,656.78857421875
"2025-10-15",85.6257247924805,147.620544433594,109.168685913086,42.2129707336426,659.704406738281
"2025-10-16",84.8157348632812,147.232360839844,108.219902038574,41.7043800354004,655.211608886719
"2025-10-17",84.3961029052734,148.561920166016,109.78490447998,42.0466995239258,658.930847167969
"2025-10-20",84.9621124267578,149.920593261719,110.234848022461,42.4917144775391,665.784057617188
"2025-10-21",84.3277816772461,149.250946044922,110.24462890625,42.393913269043,665.774108886719
"2025-10-22",85.3036804199219,150.978424072266,112.200881958008,42.9367332458496,662.312805175781
"2025-10-23",87.9093475341797,151.939193725586,113.443099975586,43.5088958740234,666.240295410156
"2025-10-24",85.9087448120117,150.968719482422,112.866004943848,43.0687713623047,671.685180664062
"2025-10-27",86.5528411865234,150.696975708008,113.40397644043,43.1714668273926,679.609497070312
"2025-10-28",84.6986236572266,149.580917358398,112.513885498047,42.7215614318848,681.41455078125
"2025-10-29",85.9575424194336,150.52229309082,113.902816772461,43.0394287109375,681.741882324219
"2025-10-30",86.0160980224609,148.98893737793,112.181312561035,42.7851333618164,674.244018554688
"2025-10-31",86.7187423706055,153.064956665039,111.858535766602,43.0981140136719,676.45556640625
"2025-11-03",86.4357299804688,149.493576049805,111.271659851074,43.1030006408691,677.725158691406
"2025-11-04",85.7916412353516,148.862762451172,111.643341064453,42.638427734375,669.691711425781
"2025-11-05",85.5866928100586,148.154327392578,111.193420410156,42.7509002685547,672.012451171875
"2025-11-06",83.5958557128906,148.426055908203,111.995475769043,43.1665725708008,664.802185058594
"2025-11-07",84.7376556396484,150.44465637207,114.655982971191,43.7876472473145,665.456726074219
"2025-11-10",86.1039352416992,151.056060791016,115.63410949707,44.1837577819824,675.840698242188
"2025-11-11",88.5046463012695,151.628662109375,117.15998840332,44.760814666748,677.387878417969
"2025-11-12",86.9236831665039,148.794845581055,115.536293029785,44.1348571777344,677.764831542969
"2025-11-13",87.2652435302734,150.988128662109,116.191635131836,44.2473335266113,666.518005371094
"2025-11-14",89.1682586669922,152.967895507812,117.701263427734,45.0004348754883,666.408874511719
"2025-11-17",87.3854827880859,150.250564575195,116.112701416016,44.1788711547852,660.200317382812
"2025-11-18",88.3310470581055,150.751037597656,117.444717407227,44.5309677124023,654.65625
"2025-11-19",86.6566162109375,148.866897583008,115.787094116211,43.953914642334,657.185302734375
"2025-11-20",86.1542816162109,147.502838134766,115.461486816406,43.4551048278809,647.168334960938
"2025-11-21",86.055793762207,147.179016113281,115.520690917969,43.7289619445801,653.614929199219
"2025-11-24",86.2429275512695,146.953308105469,114.425476074219,43.6067085266113,663.235107421875
"2025-11-25",85.3170700073242,145.756088256836,112.984916687012,43.3328475952148,669.473510742188
"2025-11-26",85.7799987792969,146.717788696289,113.241455078125,43.6604957580566,674.09521484375
"2025-11-28",87.3559341430664,148.307540893555,114.376136779785,44.2326583862305,677.774719238281
"2025-12-01",88.9023208618164,149.691192626953,115.076683044434,44.6581192016602,674.680297851562
"2025-12-02",87.9469146728516,147.443969726562,113.843330383301,44.0810623168945,675.930053710938
"2025-12-03",90.4290008544922,148.758941650391,116.231101989746,44.9075241088867,678.270629882812
"2025-12-04",91.7192993164062,149.416427612305,115.579887390137,45.0982437133789,678.766479492188
"2025-12-05",92.2807235717773,147.198638916016,114.987892150879,44.912410736084,680.055786132812
"2025-12-08",91.4829025268555,145.932739257812,114.435340881348,44.4233818054199,678.012756347656
"2025-12-09",92.0246353149414,145.716842651367,116.675109863281,44.6972427368164,677.427551269531
"2025-12-10",95.3439483642578,148.582305908203,117.947929382324,45.1667098999023,681.92041015625
"2025-12-11",95.2552947998047,147.905181884766,117.947929382324,44.9515342712402,683.507202148438
"2025-12-12",94.102897644043,147.188842773438,117.237518310547,44.5114059448242,676.158142089844
"2025-12-15",92.9406433105469,147.002380371094,116.19164276123,44.198429107666,675.136535644531
"2025-12-16",89.4046478271484,144.009338378906,113.152656555176,42.8487091064453,673.291870117188
"2025-12-17",93.5316162109375,146.727600097656,115.846305847168,43.7974281311035,665.883239746094
"2025-12-18",90.8426895141602,144.931793212891,114.987892150879,43.1616897583008,670.911499023438
"2025-12-19",90.5570449829102,144.990661621094,115.135887145996,43.1616897583008,676.992309570312
"2025-12-22",91.9064407348633,147.002380371094,116.576446533203,43.6085243225098,681.209899902344
"2025-12-23",91.3351745605469,147.699096679688,117.829528808594,43.8945770263672,684.323303222656
"2025-12-24",90.4191589355469,147.689300537109,117.632186889648,43.7663459777832,686.730529785156
"2025-12-26",90.1630630493164,147.218276977539,117.523658752441,43.5986595153809,686.660888671875
"2025-12-29",91.2366638183594,148.170150756836,118.924743652344,44.0129470825195,684.2138671875
"2025-12-30",92.6845550537109,149.46549987793,119.378616333008,44.3483200073242,683.378356933594
"2025-12-31",92.2019271850586,149.563629150391,118.737274169922,44.1017227172852,678.315246582031
"2026-01-02",95.2454452514648,152.98844909668,121.01651763916,45.028938293457,679.55859375
"2026-01-05",97.7078399658203,160.789993286133,123.690422058105,46.2520637512207,684.084533691406
"2026-01-06",95.6492767333984,153.616500854492,119.43782043457,45.0190658569336,688.152954101562
"2026-01-07",92.526969909668,152.301528930664,116.911911010742,44.5160102844238,685.934753417969
"2026-01-08",97.2350692749023,156.275894165039,121.273056030273,45.9166870117188,685.865112304688
"2026-01-09",96.0432662963867,159.082489013672,122.950408935547,46.0350532531738,690.401000976562
"2026-01-12",94.0634994506836,159.308181762695,122.378128051758,45.7095489501953,691.485229492188
"2026-01-13",95.0090560913086,160.809600830078,124.854698181152,46.3605690002441,690.102600097656
"2026-01-14",98.8306884765625,164.116668701172,128.465942382812,47.4061470031738,686.710632324219
"2026-01-15",97.4419097900391,163.056854248047,127.410209655762,46.9622688293457,688.580688476562
"2026-01-16",96.7130355834961,163.154968261719,128.160079956055,47.0411796569824,688.003723144531
"2026-01-20",94.0831985473633,162.212905883789,128.722503662109,46.9524040222168,673.998168945312
"2026-01-21",95.6886825561523,163.616195678711,131.830551147461,48.0867576599121,681.77685546875
"2026-01-22",95.422737121582,163.547500610352,131.860153198242,48.2445831298828,685.337951660156
"2026-01-23",96.8706283569336,163.606384277344,133.172424316406,48.5207710266113,685.586547851562
"2026-01-26",96.969123840332,164.371826171875,133.044143676758,48.550365447998,689.068054199219
"2026-01-27",98.3677673339844,165.892883300781,135.007659912109,48.9942398071289,691.8134765625
"2026-01-28",99.8648986816406,166.756423950195,135.747665405273,49.3690719604492,691.743835449219
"2026-01-29",101.253692626953,167.992904663086,138.638641357422,49.8228149414062,690.371154785156
"2026-01-30",102.662185668945,173.596252441406,139.516784667969,50.3554649353027,688.312072753906
"2026-02-02",100.258880615234,170.779846191406,136.556747436523,49.3690719604492,691.733947753906
"2026-02-03",103.331962585449,174.714965820312,141.815765380859,50.9670295715332,685.885009765625
"2026-02-04",105.971633911133,177.845397949219,145.62434387207,52.1112518310547,682.562683105469
"2026-02-05",103.400901794434,175.882736206055,144.134460449219,51.4996871948242,674.037963867188
"2026-02-06",106.001190185547,177.482315063477,147.064910888672,52.5255393981934,686.96923828125
"2026-02-09",107.06494140625,179.189819335938,149.196151733398,52.9102325439453,690.281677246094
"2026-02-10",105.882995605469,178.856155395508,149.571075439453,52.8510475158691,688.461303710938
"2026-02-11",109.537185668945,182.349685668945,153.488204956055,54.2319984436035,688.302185058594
"2026-02-12",109.162910461426,178.993545532227,148.919204711914,53.2456016540527,677.668701171875
"2026-02-13",109.753883361816,180.308532714844,147.449188232422,53.6105690002441,678.146118164062
"2026-02-17",107.143745422363,178.911315917969,145.204437255859,53.0187339782715,679.240295410156
"2026-02-18",109.704704284668,182.201187133789,149.664154052734,54.0347213745117,682.662109375
"2026-02-19",110.766815185547,183.102920532227,149.952209472656,54.4292793273926,680.861633300781
"2026-02-20",109.714637756348,182.260635375977,146.287078857422,54.1333618164062,685.785583496094
"2026-02-23",109.069427490234,183.231750488281,149.743621826172,54.3996887207031,678.782775878906
"2026-02-24",109.774192810059,183.657836914062,148.253723144531,54.3503646850586,683.716491699219
"2026-02-25",109.19847869873,182.548004150391,148.055084228516,54.1234970092773,689.485900878906
"2026-02-26",109.883377075195,182.488555908203,147.53857421875,54.3010482788086,685.656188964844
"2026-02-27",112.623023986816,185.064956665039,151.471893310547,55.1592102050781,682.363708496094
"2026-03-02",117.36775970459,187.879180908203,153.180297851562,56.2639770507812,682.751708984375
"2026-03-03",117.645690917969,187.056716918945,150.806411743164,55.751049041748,676.733703613281
"2026-03-04",114.796867370605,184.341583251953,148.809967041016,55.425537109375,681.508239746094
"2026-03-05",115.958236694336,188.176452636719,149.743621826172,55.7115936279297,677.70849609375
"2026-03-06",116.206390380859,188.216094970703,150.19059753418,55.8003692626953,668.82568359375
"2026-03-09",116.166687011719,187.720626831055,149.42578125,55.553768157959,674.6845703125
"2026-03-10",113.30793762207,184.599212646484,147.131362915039,54.843563079834,673.600280761719
"2026-03-11",116.166687011719,190.049301147461,150.558090209961,56.2047882080078,672.754821777344
"2026-03-12",119.372863769531,195.18229675293,152.49494934082,56.7275772094727,662.5390625
"2026-03-13",120.990837097168,195.033660888672,155.067474365234,56.9149932861328,658.789001464844
"2026-03-16",120.42504119873,195.053466796875,156.169998168945,57.1122779846191,665.493408203125
"2026-03-17",121.963607788086,196.173217773438,157.739349365234,57.7139739990234,667.244018554688
"2026-03-18",122.737854003906,196.807403564453,156.527572631836,57.6350631713867,657.933532714844
"2026-03-19",125.090362548828,199.611724853516,157.093734741211,58.5524101257324,656.312194824219
"2026-03-20",125.983726501465,199.899078369141,158.593551635742,58.5030899047852,646.903442382812
"2026-03-23",126.251739501953,203.347503662109,160.043716430664,59.2030410766602,653.695922851562
"2026-03-24",128.395812988281,204.913162231445,164.265060424805,60.4043769836426,651.501586914062
"2026-03-25",127.978897094727,203.288040161133,162.15934753418,60.1363105773926,655.132202148438
"2026-03-26",132.267028808594,205.904083251953,164.314712524414,61.0795097351074,643.432373046875
"2026-03-27",132.812973022461,209.233581542969,169.83723449707,62.1120643615723,632.460632324219
"2026-03-30",131.909683227539,208.797592163086,170.313995361328,61.516357421875,630.346069335938
"2026-03-31",131.026260375977,205.022155761719,168.516204833984,60.8213691711426,648.668884277344
"2026-04-01",127.432968139648,195.618301391602,159.696075439453,58.5477676391602,653.556274414062
"2026-04-02",129.557174682617,197.164138793945,159.606674194336,58.8257637023926,654.144775390625
"2026-04-06",130.668914794922,197.055130004883,162.268600463867,59.252685546875,657.23681640625
"2026-04-07",130.797958374023,199.710800170898,162.804977416992,59.729248046875,657.526000976562
"2026-04-08",124.296272277832,191.139312744141,155.166809082031,57.6343536376953,674.27294921875
"2026-04-09",122.559181213379,188.632278442383,153.994766235352,56.9195098876953,678.162841796875
"2026-04-10",121.645973205566,186.838714599609,151.481811523438,56.5323028564453,677.714050292969
"2026-04-13",122.708076477051,190.039398193359,151.610946655273,56.7010841369629,684.336975097656
"2026-04-14",117.913703918457,185.322601318359,148.233871459961,55.5493927001953,692.675537109375
"2026-04-15",118.042739868164,183.231750488281,148.005416870117,55.3607482910156,698.141418457031
"2026-04-16",120.673194885254,186.442337036133,150.95539855957,56.1748809814453,699.856994628906
"2026-04-17",115.183990478516,182.320098876953,145.452743530273,54.626049041748,708.315246582031
"2026-04-20",115.590965270996,181.586807250977,146.684371948242,54.6756896972656,706.898803710938
"2026-04-21",119.372863769531,184.292037963867,147.359802246094,55.4699630737305,702.270812988281
"2026-04-22",121.695594787598,184.628952026367,148.492111206055,56.1351661682129,709.382507324219
"2026-04-23",123.452545166016,185.897338867188,149.515167236328,56.5720138549805,706.629577636719
"2026-04-24",120.861793518066,183.529022216797,147.906097412109,56.4628028869629,712.10546875
"2026-04-27",120.782386779785,183.102920532227,147.190948486328,56.3635215759277,713.332275390625
"2026-04-28",123.402908325195,186.650436401367,149.544967651367,57.2967872619629,709.861206054688
"2026-04-29",127.303916931152,190.475402832031,153.627258300781,58.6073379516602,709.751525878906
"2026-04-30",124.852142333984,191.555511474609,153.28955078125,59.222900390625,716.813293457031
"2026-05-01",122.28125,188.899841308594,151.720199584961,58.4286231994629,718.798217773438
"2026-05-04",123.988563537598,190.534851074219,152.653869628906,58.9647598266602,716.164978027344
"2026-05-05",122.410285949707,190.891586303711,153.835845947266,59.0243301391602,721.910217285156
"2026-05-06",118.022895812988,183.479476928711,147.687576293945,56.5918731689453,731.9443359375
"2026-05-07",114.03254699707,180.843612670898,145.591796875,55.5493927001953,729.700134277344
"2026-05-08",113.029998779297,179.971603393555,143.595352172852,55.3011817932129,735.724609375
"2026-05-11",115.550003051758,183.063293457031,148.6708984375,56.7606544494629,737.400268554688
"2026-05-12",117.870002746582,184.262298583984,149.614501953125,57.1577911376953,736.283142089844
"2026-05-13",117.400001525879,184.311859130859,150.54817199707,57.2173614501953,740.402526855469
"2026-05-14",118.970001220703,184.946044921875,151.75,57.6542129516602,746.247497558594
"2026-05-15",122.410003662109,189.365570068359,157.919998168945,59.0144004821777,737.270629882812
"2026-05-18",124.540000915527,194.339996337891,160.490005493164,60.146240234375,736.751953125
"2026-05-19",125.110000610352,197.25,162.550003051758,60.8511581420898,731.844604492188
"2026-05-20",122.360000610352,191.330001831055,156.279998779297,59.3718223571777,739.345275878906
"2026-05-21",120.550003051758,191.009994506836,155.289993286133,58.7066230773926,740.811462402344
"2026-05-22",120.459999084473,191.429992675781,154.919998168945,59.0640449523926,743.723999023438
"2026-05-26",116.569999694824,184.710006713867,149.809997558594,57.4357833862305,748.661315917969
"2026-05-27",115.129997253418,182.399993896484,147.899993896484,56.5819473266602,748.531616210938
"2026-05-28",114.98999786377,183.029998779297,146.960006713867,56.5422325134277,752.660949707031
"2026-05-29",113.980003356934,182.460006713867,145.259994506836,55.8869590759277,754.5361328125
"2026-06-01",115.580001831055,185.830001831055,149.380004882812,56.8897247314453,756.5908203125
"2026-06-02",116.870002746582,187.550003051758,149.559997558594,57.5449981689453,757.618225097656
"2026-06-03",119.050003051758,189.710006713867,152.529998779297,58.2896270751953,752.301879882812
"2026-06-04",119.230003356934,188.350006103516,152.039993286133,58.3293418884277,755.144592285156
"2026-06-05",117.139999389648,187.309997558594,149.919998168945,57.2570724487305,735.65478515625
"2026-06-08",118.889999389648,189.240005493164,151.75,57.9123497009277,737.320434570312
"2026-06-09",116.790000915527,186.759994506836,148.910003662109,56.9790802001953,735.156066894531
"2026-06-10",119.919998168945,189.800003051758,150.619995117188,57.8329238891602,723.56591796875
"2026-06-11",115.360000610352,185.820007324219,146.600006103516,56.7110137939453,735.8642578125
"2026-06-12",116.980003356934,187.220001220703,147.009994506836,57.1379356384277,739.843994140625
"2026-06-15",112.26000213623,180.399993896484,140.919998168945,55.1522560119629,752.890380859375
"2026-06-16",111.339996337891,180.110000610352,141.860000610352,54.9636154174805,748.401977539062
"2026-06-17",111.209999084473,177.580001831055,140.740005493164,54.2785530090332,739.056030273438
"2026-06-18",107.73999786377,173.630004882812,137.809997558594,53.3850021362305,746.739990234375
"2026-06-22",109.699996948242,175.059997558594,138.470001220703,54.060001373291,744.390014648438
"2026-06-23",109.970001220703,175.979995727539,139.729995727539,54.4599990844727,733.580017089844
"2026-06-24",106.919998168945,171.449996948242,136.899993896484,53.5699996948242,733.239990234375
"2026-06-25",106.410003662109,172.240005493164,137.550003051758,54.0900001525879,734.299987792969
"2026-06-26",105.959999084473,171.059997558594,136.539993286133,53.8400001525879,728.989990234375
"2026-06-29",104.199996948242,168.470001220703,136.059997558594,53.5800018310547,741
"2026-06-30",103.959999084473,165.759994506836,136.720001220703,53.1100006103516,746.77001953125
"2026-07-01",103.220001220703,165.690002441406,136.279998779297,52.810001373291,745.760009765625
"2026-07-02",104.730003356934,169.199996948242,137.089996337891,53.2200012207031,744.780029296875
"2026-07-06",103.580001831055,168.100006103516,136.440002441406,53.1300010681152,751.280029296875
"2026-07-07",108.440002441406,174.009994506836,141.690002441406,54.6399993896484,747.710021972656
"2026-07-08",110.720001220703,175.970001220703,141.130004882812,55.5999984741211,745.400024414062
"2026-07-09",108.019996643066,174.050003051758,137.460006713867,54.8199996948242,751.710021972656
"2026-07-10",109.040000915527,176.399993896484,138.880004882812,55.0800018310547,754.950012207031
"2026-07-13",112.849998474121,182.199996948242,144.509994506836,56.7400016784668,749.169982910156
"2026-07-14",111.870002746582,181.759994506836,145.089996337891,56.9500007629395,751.830017089844
"2026-07-15",111.459999084473,181.600006103516,144.509994506836,56.5,754.809997558594
"2026-07-16",112.839996337891,183.860000610352,145.949996948242,57.0200004577637,750.719970703125
"2026-07-17",114.709999084473,187.380004882812,147.360000610352,57.6800003051758,743.289978027344
"2026-07-20",115.680000305176,189.710006713867,148.360000610352,57.939998626709,742.090026855469
"2026-07-21",117.5,191.070007324219,151.710006713867,58.5,748.280029296875
"2026-07-22",118.790000915527,192.979995727539,154.449996948242,59.2000007629395,747.409973144531
"2026-07-23",120.199996948242,194.419998168945,156.889999389648,59.3800010681152,738.179992675781
"2026-07-24",120.26000213623,194.789993286133,156.940002441406,59.6199989318848,738.929992675781
